CREATE DATABASE LMS;

USE LMS;

CREATE TABLE Staff
     (
     Staff_id VARCHAR(10),
     Name VARCHAR(30),
     Salary FLOAT(10,2),
     Department_id VARCHAR(8),
     PRIMARY KEY(Staff_id),
     FOREIGN KEY (Department_id) REFERENCES Department(Department_id)
     );

CREATE TABLE Admin
     (
     Admin_id VARCHAR(10),
     Staff_id VARCHAR(10),
     Contact_no VARCHAR(12),
     PRIMARY KEY(Admin_id)
     );

CREATE TABLE Dean
     (
     Dean_id VARCHAR(10),
     Staff_id VARCHAR(10),
     Contact_no VARCHAR(12),
     PRIMARY KEY(Dean_id)
     );

CREATE TABLE Lecture
     (
     Lecture_id VARCHAR(10),
     Staff_id VARCHAR(10),
     Contact_no VARCHAR(12),
     PRIMARY KEY(Lecture_id)
     );

CREATE TABLE Courses_lecture (
     Course_id VARCHAR(10),
     Lecture_id VARCHAR(10),
     PRIMARY KEY (Course_id, Lecture_id)
     );


INSERT INTO staff
VALUES
('S0001','Mr.Thushara Ekanayake','110000.00','NULL'),
('S0002','Mr.Ruwan Perera','180000.00','NULL'),
('S0003','Mr.Sunil Premasiri','90000.00','ET001'),
('S0004','Mr.Ishan Rangajeewa','90000.00','ET001'),
('S0005','Mr.P.H.P.Nuwan Laksiri','90000.00','ICT002'),
('S0006','s.Rumeshika Wickrama Arachchi','90000.00','ICT002'),
('S0007','Prof. Subash Jayasinghe','90000.00','ICT002'),
('S0008','Ms.Chanduni Gamage','90000.00','ICT002'),
('S0009','Ms.Nilamthi Adikaram','90000.00','ICT002'),
('S0010','Mr.Harshana Senavirathna','90000.00','ICT002'),
('S0011','Ms.Hiranya Amarasinghe','90000.00','ICT002'),
('S0012','Ms.Madhubashini Bandara','90000.00','BST003'),
('S0013','Ms.Nalani Jayasooriya','90000.00','BST003'),
('S0014','Mr.Kasun Indipa','90000.00','BST003'),
('S0015','Ms.Nilanthi Kumari','90000.00','MD004'),
('S0016','Ms.Nethmi Herath','90000.00','MD004'),
('S0017','Mr.Chathuranga Adhikari','90000.00','MD004'),
('S0018','Ms.Ruwangi Ekanayake','90000.00','MD004'),
('S0019','Ms.Nipuni Ayodya','90000.00','MD004'),
('S0020','Mr.Sampath Kumara','60000.00','ET001'),
('S0021','Mr.Sanjaya Kavishka','60000.00','ICT002'),
('S0022','Mr.Nirmal Silva','60000.00','BST003'),
('S0023','Mr.Pethum Madhusanka','60000.00','MD004')
;


INSERT INTO Admin
VALUES
('A001','S0001','071-2468123')
;


INSERT INTO Dean
VALUES
('A001','S0002','072-6898235')
;


INSERT INTO Lecture
VALUES
('L001','S0003','071-8383648'),
('L002','S0004','076-2546789'),
('L003','S0005','072-1469887'),
('L004','S0006','077-3497256'),
('L005','S0007','076-6487298'),
('L006','S0008','070-3546845'),
('L007','S0009','070-4793168'),
('L008','S0010','072-5246316'),
('L009','S0011','074-7896548'),
('L010','S0012','071-1245687'),
('L011','S0013','070-3465556'),
('L012','S0014','076-3318799'),
('L013','S0015','076-2452525'),
('L014','S0016','070-7878956'),
('L015','S0017','072-2232555'),
('L016','S0018','075-4578888'),
('L017','S0019','075-0189256');





INSERT INTO Courses_lecture (Course_id, Lecture_id)
VALUES
     ('ICT1212', 'L003'),
     ('ICT1222', 'L003'),
     ('ICT1233', 'L004'),
     ('ICT1242', 'L005'),
     ('ICT1253', 'L006'),
     ('TCS1212', 'L007'),
     ('TMS1233', 'L008'),
     ('ENG1212', 'L009');



-- With All privileges with Grant Option for all the tables in the database 

CREATE USER 'Admin'@'localhost' IDENTIFIED BY 'adminpwd';
GRANT ALL PRIVILEGES ON lms TO 'Admin'@'localhost' WITH GRANT OPTION;


-- With All privileges without Grant for all the tables in the database

CREATE USER 'Dean'@'localhost' IDENTIFIED BY 'deanpwd';
GRANT ALL PRIVILEGES ON lms TO 'Dean'@'localhost';


-- All privileges without Grant and user creation for all the tables in the database

CREATE USER 'Lecturer'@'localhost' IDENTIFIED BY 'lecturer';
GRANT SELECT, INSERT, UPDATE, DELETE ON lms TO 'Lecturer'@'localhost';


-- Read, write and update permissions for attendance related tables/views

CREATE USER 'Technical_Officer'@'localhost' IDENTIFIED BY 'topwd';
GRANT SELECT, INSERT, UPDATE ON lms.attendance TO 'Technical_Officer'@'localhost';


-- Read permission for final attendance and final marks/Grades tables/views

CREATE USER 'Student'@'localhost' IDENTIFIED BY 'Studentpwd';
GRANT SELECT ON lms.attendance TO 'Student'@'localhost';
GRANT SELECT ON lms.final_mark TO 'Student'@'localhost';
GRANT SELECT ON lms.mark TO 'Student'@'localhost';


Create view  student_cource AS 
SELECT s.Student_id, s.Name, c.C_name
FROM Student s
JOIN Course c ON s.Course_id = c.Course_id;


SELECT * FROM student_cource;


--SHOW staff_id , Name , salary--

Create view  staff_details AS 
SELECT Staff_id, Name, Salary 
FROM Staff;


SELECT * FROM staff_details;


-- Show course id and lecturer id --


SELECT Course_id, Lecture_id 
FROM Courses_lecture;



  CREATE TABLE Exam_Marks( 
        Quiz1 INT,
        Quiz2 INT,
        Quiz3 INT,
        MidPractical INT,
        MidTheory INT,
        EndPractical INT,
        EndTheory INT,
        Assesments INT,
        stuID VARCHAR(20),
        courseID VARCHAR(20),
        DepID VARCHAR(20),
        FOREIGN KEY (stuID) REFERENCES Student(stuID),
        FOREIGN KEY (courseID) REFERENCES Course(courseID),
        FOREIGN KEY (DepID) REFERENCES Department(DepID)
        );  



INSERT INTO ExamMarks VALUES
( 70 , 60 , 60 , 0 , 50 , 0 , 50 , 80 , "TG/2021/1010" , "TCS1212" , "MD004"),
( 80 , 70 , 60 , 0 , 60 , 0 , 70 , 80 , "TG/2021/1011" , "TCS1212" , "MD004"),
( 60 , 50 , 30 , 0 , 40 , 0 , 50 , 60 , "TG/2021/1012" , "TCS1212" , "MD004"),
( 50 , 40 , 40 , 0 , 30 , 0 , 40 , 50 , "TG/2021/1013" , "TCS1212" , "MD004"),
( 40 , 30 , 20 , 0 , 20 , 0 , 30 , 40 , "TG/2021/1014" , "TCS1212" , "MD004"),
( 70 , 80 , 50 , 0 , 80 , 0 , 70 , 80 , "TG/2021/1015" , "TCS1212" , "MD004"),
( 50 , 70 , 00 , 0 , 70 , 0 , 50 , 60 , "TG/2021/1016" , "TCS1212" , "MD004"),
( 80 , 70 , 90 , 0 , 60 , 0 , 70 , 80 , "TG/2021/1017" , "TCS1212" , "MD004"),
( 70 , 60 , 50 , 0 , 50 , 0 , 60 , 70 , "TG/2021/1018" , "TCS1212" , "MD004"),
( 60 , 40 , 90 , 0 , 40 , 0 , 50 , 90 , "TG/2021/1019" , "TCS1212" , "MD004"),
( 50 , 80 , 30 , 0 , 30 , 0 , 40 , 50 , "TG/2020/980" , "TCS1212" , "MD004"),
( 60 , 30 , 70 , 0 , 20 , 0 , 30 , 60 , "TG/2020/810" , "TCS1212" , "MD004"),
( 30 , 60 , 90 , 0 , 10 , 0 , 20 , 70 , "TG/2020/853" , "TCS1212" , "MD004"),
( 60 , 80 , 00 , 0 , 00 , 0 , 10 , 70 , "TG/2019/866" , "TCS1212" , "MD004"),
( 80 , 70 , 60 , 0 , 60 , 0 , 70 , 80 , "TG/2019/854" , "TCS1212" , "MD004"),
( 0 , 0 , 0 , 0 , 0 , 0 , 0 , 0 , "TG/2018/512" , "TCS1212" , "MD004"),
( 0 , 0 , 0 , 0 , 0 , 0 , 0 , 0 , "TG/2018/645" , "TCS1212" , "MD004"),
( 0 , 0 , 0 , 0 , 0 , 0 , 0 , 0 , "TG/2017/420" , "TCS1212" , "MD004"),

( 40 , 70 , 80 , 0 , 70 , 0 , 80 , 90 , "TG/2021/1010" , "TMS1233" , "ET001"),
( 70 , 20 , 80 , 0 , 80 , 0 , 80 , 70 , "TG/2021/1011" , "TMS1233" , "ET001"),
( 20 , 50 , 60 , 0 , 60 , 0 , 60 , 60 , "TG/2021/1012" , "TMS1233" , "ET001"),
( 80 , 70 , 60 , 0 , 60 , 0 , 70 , 80 , "TG/2021/1013" , "TMS1233" , "ET001"),
( 70 , 60 , 50 , 0 , 50 , 0 , 60 , 70 , "TG/2021/1014" , "TMS1233" , "ET001"),
( 60 , 50 , 40 , 0 , 80 , 0 , 50 , 60 , "TG/2021/1015" , "TMS1233" , "ET001"),
( 50 , 40 , 80 , 0 , 80 , 0 , 70 , 50 , "TG/2021/1016" , "TMS1233" , "ET001"),
( 40 , 80 , 50 , 0 , 40 , 0 , 60 , 80 , "TG/2021/1017" , "TMS1233" , "ET001"),
( 30 , 70 , 80 , 0 , 80 , 0 , 50 , 60 , "TG/2021/1018" , "TMS1233" , "ET001"),
( 90 , 10 , 60 , 0 , 70 , 0 , 80 , 40 , "TG/2021/1019" , "TMS1233" , "ET001"),
( 80 , 70 , 60 , 0 , 60 , 0 , 70 , 80 , "TG/2020/980" , "TMS1233" , "ET001"),
( 70 , 60 , 50 , 0 , 60 , 0 , 60 , 70 , "TG/2020/810" , "TMS1233" , "ET001"),
( 60 , 50 , 40 , 0 , 80 , 0 , 50 , 60 , "TG/2020/853" , "TMS1233" , "ET001"),
( 50 , 40 , 70 , 0 , 90 , 0 , 80 , 50 , "TG/2019/866" , "TMS1233" , "ET001"),
( 40 , 30 , 20 , 0 , 20 , 0 , 30 , 40 , "TG/2019/854" , "TMS1233" , "ET001"),
( 0 , 0 , 0 , 0 , 0 , 0 , 0 , 0 , "TG/2018/512" , "TMS1233" , "ET001"),
( 0 , 0 , 0 , 0 , 0 , 0 , 0 , 0 , "TG/2018/645" , "TMS1233" , "ET001"),
( 0 , 0 , 0 , 0 , 0 , 0 , 0 , 0 , "TG/2017/420" , "TMS1233" , "ET001"),


( 80 , 70 , 60 , 0 , 60 , 0 , 70 , 80 , "TG/2021/1010" , "ICT1253" , "ICT002T"),
( 80 , 40 , 25 , 0 , 60 , 0 , 23 , 74 , "TG/2021/1011" , "ICT1253" , "ICT002T"),
( 40 , 80 , 30 , 0 , 20 , 0 , 46 , 23 , "TG/2021/1012" , "ICT1253" , "ICT002T"),
( 50 , 60 , 60 , 0 , 90 , 0 , 57 , 12 , "TG/2021/1013" , "ICT1253" , "ICT002T"),
( 75 , 10 , 45 , 0 , 00 , 0 , 86 , 85 , "TG/2021/1014" , "ICT1253" , "ICT002T"),
( 80 , 30 , 35 , 0 , 30 , 0 , 96 , 69 , "TG/2021/1015" , "ICT1253" , "ICT002T"),
( 70 , 60 , 25 , 0 , 23 , 0 , 44 , 35 , "TG/2021/1016" , "ICT1253" , "ICT002T"),
( 20 , 30 , 25 , 0 , 70 , 0 , 43 , 97 , "TG/2021/1017" , "ICT1253" , "ICT002T"),
( 40 , 80 , 90 , 0 , 68 , 0 , 23 , 23 , "TG/2021/1018" , "ICT1253" , "ICT002T"),
( 20 , 60 , 70 , 0 , 68 , 0 , 74 , 74 , "TG/2021/1019" , "ICT1253" , "ICT002T"),
( 80 , 30 , 50 , 0 , 67 , 0 , 86 , 35 , "TG/2020/980" , "ICT1253" , "ICT002"),
( 70 , 70 , 10 , 0 , 45 , 0 , 75 , 35 , "TG/2020/810" , "ICT1253" , "ICT002"),
( 10 , 80 , 25 , 0 , 78 , 0 , 34 , 24 , "TG/2020/853" , "ICT1253" , "ICT002"),
( 30 , 90 , 15 , 0 , 80 , 0 , 85 , 23 , "TG/2019/866" , "ICT1253" , "ICT002"),
( 60 , 70 , 20 , 0 , 45 , 0 , 12 , 12 , "TG/2019/854" , "ICT1253" , "ICT002"),
( 0 , 0 , 0 , 0 , 0 , 0 , 0 , 0 , "TG/2018/512" , "ICT1253" , "ICT002"),
( 0 , 0 , 0 , 0 , 0 , 0 , 0 , 0 , "TG/2018/645" , "ICT1253" , "ICT002"),
( 0 , 0 , 0 , 0 , 0 , 0 , 0 , 0 , "TG/2017/420" , "ICT1253" , "ICT002"),

( 45 , 70 , 60 , 0 , 63 , 0 , 5 , 20 ,  "TG/2021/1010" , "ICT1242" , "ICT002"),
( 30 , 40 , 65 , 0 , 20 , 0 , 4 , 75 ,  "TG/2021/1011" , "ICT1242" , "ICT002"),
( 60 , 80 , 30 , 0 , 25 , 0 , 65 , 53 , "TG/2021/1012" , "ICT1242" , "ICT002"),
( 60 , 60 , 60 , 0 , 76 , 0 , 34 , 13 , "TG/2021/1013" , "ICT1242" , "ICT002"),
( 08 , 10 , 25 , 0 , 45 , 0 , 34 , 83 , "TG/2021/1014" , "ICT1242" , "ICT002"),
( 80 , 30 , 75 , 0 , 34 , 0 , 56 , 76 , "TG/2021/1015" , "ICT1242" , "ICT002"),
( 65 , 60 , 25 , 0 , 00 , 0 , 67 , 23 , "TG/2021/1016" , "ICT1242" , "ICT002"),
( 25 , 30 , 75 , 0 , 35 , 0 , 78 , 23 , "TG/2021/1017" , "ICT1242" , "ICT002"),
( 45 , 80 , 40 , 0 , 65 , 0 , 23 , 76 , "TG/2021/1018" , "ICT1242" , "ICT002"),
( 20 , 60 , 20 , 0 , 15 , 0 , 86 , 57 , "TG/2021/1019" , "ICT1242" , "ICT002"),
( 80 , 30 , 30 , 0 , 15 , 0 , 12 , 34 , "TG/2020/980" , "ICT1242" , "ICT002"),
( 75 , 70 , 60 , 0 , 65 , 0 , 75 , 23 , "TG/2020/810" , "ICT1242" , "ICT002"),
( 25 , 80 , 45 , 0 , 75 , 0 , 76 , 27 , "TG/2020/853" , "ICT1242" , "ICT002"),
( 24 , 90 , 35 , 0 , 21, 0 , 12 , 23 ,  "TG/2019/866" , "ICT1242" , "ICT002"),
( 60 , 70 , 70 , 0 , 5 , 0 , 54 , 87 ,  "TG/2019/854" , "ICT1242" , "ICT002"),
( 0 , 0 , 0 , 0 , 0 , 0 , 0 , 0 , "TG/2018/512" , "ICT1242" , "ICT002"),
( 0 , 0 , 0 , 0 , 0 , 0 , 0 , 0 , "TG/2018/645" , "ICT1242" , "ICT002"),
( 0 , 0 , 0 , 0 , 0 , 0 , 0 , 0 , "TG/2017/420" , "ICT1242" , "ICT002"),


( 80,70,80,78,0,90,0,75,   "TG/2021/1010","ICT1222","ICT002"),
( 90,25,90,76,0,56,0,76,   "TG/2021/1011","ICT1222","ICT002"),
( 50,60,70,65,0,76,0,86,   "TG/2021/1012","ICT1222","ICT002"),
( 30,10,60,50,0,34,0,72,   "TG/2021/1013","ICT1222","ICT002"),
( 00,10,10,35,0,36,0,50,   "TG/2021/1014","ICT1222","ICT002"),
( 100,100,100,78,0,90,0,98,"TG/2021/1015","ICT1222","ICT002"),
( 80,70,80,78,0,90,0,25,   "TG/2021/1016","ICT1222","ICT002"),
( 75,35,55,44,0,10,0,57,   "TG/2021/1017","ICT1222","ICT002"),
( 65,15,85,67,0,90,0,45,   "TG/2021/1018","ICT1222","ICT002"),
( 95,55,60,91,0,79,0,81,   "TG/2021/1019","ICT1222","ICT002"),
( 85,35,75,10,0,80,0,69,     "TG/2020/980","ICT1222","ICT002"),
( 100,100,100,100,0,100,0,48,"TG/2020/810","ICT1222","ICT002"),
( 90,90,90,90,0,99,0,65,     "TG/2020/853","ICT1222","ICT002"),
( 65,55,50,65,0,65,0,58,     "TG/2019/866","ICT1222","ICT002"),
( 55,45,65,72,0,66,0,78,     "TG/2019/854","ICT1222","ICT002"),
( 0,0,0,0,0,0,0,0,"TG/2018/512","ICT1222","ICT002"),
( 0,0,0,0,0,0,0,0,"TG/2018/645","ICT1222","ICT002"),
( 0,0,0,0,0,0,0,0,"TG/2017/420","ICT1222","ICT002"), 
    

(30,50,10,78,0,90,0,67,   "TG/2021/1010","ICT1233","ICT002"),
(30,20,10,55,0,26,0,55,   "TG/2021/1011","ICT1233","ICT002"),
(35,25,75,63,0,72,0,77,   "TG/2021/1012","ICT1233","ICT002"),
(30,10,60,50.3,0,34,0,90, "TG/2021/1013","ICT1233","ICT002"),
(00,10,10,35,0,56.9,0,95, "TG/2021/1014","ICT1233","ICT002"),
(100,100,100,78,0,90,0,85,"TG/2021/1015","ICT1233","ICT002"),
(80,75,80,78,0,90,0,32,   "TG/2021/1016","ICT1233","ICT002"),
(75,35,55,44.5,0,10,0,52, "TG/2021/1017","ICT1233","ICT002"),
(65,75,85,67,0,90,0,45,   "TG/2021/1018","ICT1233","ICT002"),
(95,55,60,91.2,0,79,0,65, "TG/2021/1019","ICT1233","ICT002"),
(65,35,75,10,0,80,0,43,      "TG/2020/980","ICT1233","ICT002"),
(100,100,100,100,0,100,0,100,"TG/2020/810","ICT1233","ICT002"),
(90,90,90,90,0,99,0,59,      "TG/2020/853","ICT1233","ICT002"),
(65,55,50,65,0,65,0,82,      "TG/2019/866","ICT1233","ICT002"),
(55,45,65,72,0,66,0,92,      "TG/2019/854","ICT1233","ICT002"),
(0,0,0,0,0,0,0,0,"TG/2018/512","ICT1233","ICT002"),
(0,0,0,0,0,0,0,0,"TG/2018/645","ICT1233","ICT002"),
(0,0,0,0,0,0,0,0,"TG/2017/420","ICT1233","ICT002"), 

    
( 85 , 65 , 70 , 0 , 65 , 0 , 60 , 20 , "TG/2021/1010" , "ENG1222","MD004"),
( 84 , 75 , 60 , 0 , 70 , 0 , 40 , 45 , "TG/2021/1011" , "ENG1222","MD004"),
( 60 , 70 , 65 , 0 , 70 , 0 , 55 , 60 , "TG/2021/1012" , "ENG1222","MD004"),
( 70 , 80 , 40 , 0 , 80 , 0 , 65 , 45 , "TG/2021/1013" , "ENG1222","MD004"),
( 80 , 85 , 45 , 0 , 65 , 0 , 55 , 50 , "TG/2021/1014" , "ENG1222","MD004"),
( 90 , 75 , 30 , 0 , 75 , 0 , 75 , 30 , "TG/2021/1015" , "ENG1222","MD004"),
( 65 , 70 , 55 , 0 , 20 , 0 , 65 , 45 , "TG/2021/1016" , "ENG1222","MD004"),
( 75 , 65 , 65 , 0 , 80 , 0 , 55 , 35 , "TG/2021/1017" , "ENG1222","MD004"),
( 70 , 60 , 55 , 0 , 85 , 0 , 90 , 10 , "TG/2021/1018" , "ENG1222","MD004"),
( 85 , 75 , 75 , 0 , 90 , 0 , 85 , 30 , "TG/2021/1019" , "ENG1222","MD004"),

(  60, 55 , 65 , 0 , 55 , 0 , 75 , 50 , "TG/2020/980" ,"ENG1222","MD004"),
(  60, 70 , 40 , 0 , 75 , 0 ,  60 , 55, "TG/2020/810", "ENG1222","MD004"),
(  70 , 65 , 55 , 0 , 90 , 0 , 90 , 40 ,"TG/2020/853", "ENG1222","MD004"),
(  85 , 75 , 55 , 0 , 70 , 0 , 40 , 20 ,"TG/2019/866", "ENG1222","MD004"),
(  30, 65 , 45 , 0 , 60 , 0 , 80 , 40 , "TG/2019/854" , "ENG1222","MD004"),

( 0 , 0 , 0 , 0 , 0 , 0 , 0 , 0 , "TG/2018/512"  , "ENG1222","MD004"),
( 0 , 0 , 0 , 0 , 0 , 0 , 0 , 0 , "TG/2018/645"  , "ENG1222","MD004"),
( 0 , 0 , 0 , 0 , 0 , 0 , 0 , 0 , "TG/2017/420"  , "ENG1222","MD004"),


( 85 , 60 , 70 , 0 , 65 , 0 , 70 , 80 , "TG/2021/1010" , "ICT1212","ICT002"),
( 75 , 70 , 65 , 0 , 55 , 0 , 35 , 60 , "TG/2021/1011" , "ICT1212","ICT002"),
( 80 , 75 , 40 , 0 , 70 , 0 , 70 , 75 , "TG/2021/1012" , "ICT1212","ICT002"),
( 85 , 65 , 60 , 0 , 80 , 0 , 65 , 70 , "TG/2021/1013" , "ICT1212","ICT002"),
( 90 , 85 , 65 , 0 , 80 , 0 , 90 , 65 , "TG/2021/1014" , "ICT1212","ICT002"),
( 80 , 90 , 50 , 0 , 65 , 0 , 75 , 45 , "TG/2021/1015" , "ICT1212","ICT002"),
( 65 , 45 , 60 , 0 , 70 , 0 , 70 , 55 , "TG/2021/1016" , "ICT1212","ICT002"),
( 75 , 40 , 40 , 0 , 90 , 0 , 70 , 80 , "TG/2021/1017" , "ICT1212","ICT002"),
( 80 , 20 , 50 , 0 , 80 , 0 , 65 , 75 , "TG/2021/1018" , "ICT1212","ICT002"),
( 85 , 50 , 90 , 0 , 70 , 0 , 55 , 80 , "TG/2021/1019" , "ICT1212","ICT002"),

( 50 , 70 , 80 , 0 , 65 , 0 , 55 , 65 , "TG/2020/980"  , "ICT1212","ICT002"),
( 60 , 80 , 70 , 0 , 75 , 0 , 65 , 90 , "TG/2020/810"  , "ICT1212","ICT002"),
( 70 , 90 , 60 , 0 , 80 , 0 , 75 , 80 , "TG/2020/853"  , "ICT1212","ICT002"),
( 90 , 75 , 65 , 0 , 65 , 0 , 85 , 85 , "TG/2019/866"  , "ICT1212","ICT002"),
( 80 , 75 , 65 , 0 , 45 , 0 , 75 , 80 , "TG/2019/854"  , "ICT1212","ICT002"),

( 0 , 0 , 0 , 0 , 0 , 0 , 0 , 0 , "TG/2018/512"  , "ICT1212","ICT002"),
( 0 , 0 , 0 , 0 , 0 , 0 , 0 , 0 , "TG/2018/645"  , "ICT1212","ICT002"),
( 0 , 0 , 0 , 0 , 0 , 0 , 0 , 0 , "TG/2017/420"  , "ICT1212","ICT002"); 
