CREATE DATABASE LMS;

USE LMS;

CREATE TABLE Staff
     (
     Staff_id VARCHAR(10),
     Name VARCHAR(30),
     Salary FLOAT(10,2),
     Department_id VARCHAR(8),
     PRIMARY KEY(Staff_id),
     FOREIGN KEY (Department_id) REFERENCES Department(Department_id)
     );

CREATE TABLE Admin
     (
     Admin_id VARCHAR(10),
     Staff_id VARCHAR(10),
     Contact_no VARCHAR(12),
     PRIMARY KEY(Admin_id)
     );

CREATE TABLE Dean
     (
     Dean_id VARCHAR(10),
     Staff_id VARCHAR(10),
     Contact_no VARCHAR(12),
     PRIMARY KEY(Dean_id)
     );

CREATE TABLE Lecture
     (
     Lecture_id VARCHAR(10),
     Staff_id VARCHAR(10),
     Contact_no VARCHAR(12),
     PRIMARY KEY(Lecture_id)
     );

CREATE TABLE Courses_lecture (
     Course_id VARCHAR(10),
     Lecture_id VARCHAR(10),
     PRIMARY KEY (Course_id, Lecture_id)
     );


INSERT INTO staff
VALUES
('S0001','Mr.Thushara Ekanayake','110000.00','NULL'),
('S0002','Mr.Ruwan Perera','180000.00','NULL'),
('S0003','Mr.Sunil Premasiri','90000.00','ET001'),
('S0004','Mr.Ishan Rangajeewa','90000.00','ET001'),
('S0005','Mr.P.H.P.Nuwan Laksiri','90000.00','ICT002'),
('S0006','s.Rumeshika Wickrama Arachchi','90000.00','ICT002'),
('S0007','Prof. Subash Jayasinghe','90000.00','ICT002'),
('S0008','Ms.Chanduni Gamage','90000.00','ICT002'),
('S0009','Ms.Nilamthi Adikaram','90000.00','ICT002'),
('S0010','Mr.Harshana Senavirathna','90000.00','ICT002'),
('S0011','Ms.Hiranya Amarasinghe','90000.00','ICT002'),
('S0012','Ms.Madhubashini Bandara','90000.00','BST003'),
('S0013','Ms.Nalani Jayasooriya','90000.00','BST003'),
('S0014','Mr.Kasun Indipa','90000.00','BST003'),
('S0015','Ms.Nilanthi Kumari','90000.00','MD004'),
('S0016','Ms.Nethmi Herath','90000.00','MD004'),
('S0017','Mr.Chathuranga Adhikari','90000.00','MD004'),
('S0018','Ms.Ruwangi Ekanayake','90000.00','MD004'),
('S0019','Ms.Nipuni Ayodya','90000.00','MD004'),
('S0020','Mr.Sampath Kumara','60000.00','ET001'),
('S0021','Mr.Sanjaya Kavishka','60000.00','ICT002'),
('S0022','Mr.Nirmal Silva','60000.00','BST003'),
('S0023','Mr.Pethum Madhusanka','60000.00','MD004')
;


INSERT INTO Admin
VALUES
('A001','S0001','071-2468123')
;


INSERT INTO Dean
VALUES
('A001','S0002','072-6898235')
;


INSERT INTO Lecture
VALUES
('L001','S0003','071-8383648'),
('L002','S0004','076-2546789'),
('L003','S0005','072-1469887'),
('L004','S0006','077-3497256'),
('L005','S0007','076-6487298'),
('L006','S0008','070-3546845'),
('L007','S0009','070-4793168'),
('L008','S0010','072-5246316'),
('L009','S0011','074-7896548'),
('L010','S0012','071-1245687'),
('L011','S0013','070-3465556'),
('L012','S0014','076-3318799'),
('L013','S0015','076-2452525'),
('L014','S0016','070-7878956'),
('L015','S0017','072-2232555'),
('L016','S0018','075-4578888'),
('L017','S0019','075-0189256');





INSERT INTO Courses_lecture (Course_id, Lecture_id)
VALUES
     ('ICT1212', 'L003'),
     ('ICT1222', 'L003'),
     ('ICT1233', 'L004'),
     ('ICT1242', 'L005'),
     ('ICT1253', 'L006'),
     ('TCS1212', 'L007'),
     ('TMS1233', 'L008'),
     ('ENG1212', 'L009');



-- With All privileges with Grant Option for all the tables in the database 

CREATE USER 'Admin'@'localhost' IDENTIFIED BY 'adminpwd';
GRANT ALL PRIVILEGES ON lms TO 'Admin'@'localhost' WITH GRANT OPTION;


-- With All privileges without Grant for all the tables in the database

CREATE USER 'Dean'@'localhost' IDENTIFIED BY 'deanpwd';
GRANT ALL PRIVILEGES ON lms TO 'Dean'@'localhost';


-- All privileges without Grant and user creation for all the tables in the database

CREATE USER 'Lecturer'@'localhost' IDENTIFIED BY 'lecturer';
GRANT SELECT, INSERT, UPDATE, DELETE ON lms TO 'Lecturer'@'localhost';


-- Read, write and update permissions for attendance related tables/views

CREATE USER 'Technical_Officer'@'localhost' IDENTIFIED BY 'topwd';
GRANT SELECT, INSERT, UPDATE ON lms.attendance TO 'Technical_Officer'@'localhost';


-- Read permission for final attendance and final marks/Grades tables/views

CREATE USER 'Student'@'localhost' IDENTIFIED BY 'Studentpwd';
GRANT SELECT ON lms.attendance TO 'Student'@'localhost';
GRANT SELECT ON lms.final_mark TO 'Student'@'localhost';
GRANT SELECT ON lms.mark TO 'Student'@'localhost';


Create view  student_cource AS 
SELECT s.Student_id, s.Name, c.C_name
FROM Student s
JOIN Course c ON s.Course_id = c.Course_id;


SELECT * FROM student_cource;


--SHOW staff_id , Name , salary--

Create view  staff_details AS 
SELECT Staff_id, Name, Salary 
FROM Staff;


SELECT * FROM staff_details;


-- Show course id and lecturer id --


SELECT Course_id, Lecture_id 
FROM Courses_lecture;



CREATE TABLE Exam_Marks( 
        Quiz1 INT,
        Quiz2 INT,
        Quiz3 INT,
        Mid_mark INT,
        End_mark INT,
        Assesments INT,
        Student_id VARCHAR(20),
        Course_id VARCHAR(20),
        Department_id VARCHAR(20),
        FOREIGN KEY (Student_id) REFERENCES student(Student_id)
        );  



INSERT INTO Exam_Marks VALUES
( 70 , 60 , 60 , 50, 50 , 80 , "TG/2021/1010" , "TCS1212" , "MD004"),
( 80 , 70 , 60 , 60, 70 , 80 , "TG/2021/1011" , "TCS1212" , "MD004"),
( 60 , 50 , 30 , 40, 50 , 60 , "TG/2021/1012" , "TCS1212" , "MD004"),
( 50 , 40 , 40 , 30, 40 , 50 , "TG/2021/1013" , "TCS1212" , "MD004"),
( 40 , 30 , 20 , 20, 30 , 40 , "TG/2021/1014" , "TCS1212" , "MD004"),
( 70 , 80 , 50 , 80, 70 , 80 , "TG/2021/1015" , "TCS1212" , "MD004"),
( 50 , 70 , 00 , 70, 50 , 60 , "TG/2021/1016" , "TCS1212" , "MD004"),
( 80 , 70 , 90 , 60, 70 , 80 , "TG/2021/1017" , "TCS1212" , "MD004"),
( 70 , 60 , 50 , 50, 60 , 70 , "TG/2021/1018" , "TCS1212" , "MD004"),
( 60 , 40 , 90 , 40, 50 , 90 , "TG/2021/1019" , "TCS1212" , "MD004"),
( 50 , 80 , 30 , 30, 40 , 50 , "TG/2020/980" , "TCS1212" , "MD004"),
( 60 , 30 , 70 , 20, 30 , 60 , "TG/2020/810" , "TCS1212" , "MD004"),
( 30 , 60 , 90 , 10, 20 , 70 , "TG/2020/853" , "TCS1212" , "MD004"),
( 60 , 80 , 00 , 00, 10 , 70 , "TG/2019/866" , "TCS1212" , "MD004"),
( 80 , 70 , 60 , 60, 70 , 80 , "TG/2019/854" , "TCS1212" , "MD004"),
( 0 , 0 , 0 , 0 , 0, 0 , "TG/2018/512" , "TCS1212" , "MD004"),
( 0 , 0 , 0 , 0 , 0, 0 , "TG/2018/645" , "TCS1212" , "MD004"),
( 0 , 0 , 0 , 0 , 0, 0 , "TG/2017/420" , "TCS1212" , "MD004"),

( 40 , 70 , 80 , 70, 80 , 90 , "TG/2021/1010" , "TMS1233" , "ET001"),
( 70 , 20 , 80 , 80, 80 , 70 , "TG/2021/1011" , "TMS1233" , "ET001"),
( 20 , 50 , 60 , 60, 60 , 60 , "TG/2021/1012" , "TMS1233" , "ET001"),
( 80 , 70 , 60 , 60, 70 , 80 , "TG/2021/1013" , "TMS1233" , "ET001"),
( 70 , 60 , 50 , 50, 60 , 70 , "TG/2021/1014" , "TMS1233" , "ET001"),
( 60 , 50 , 40 , 80, 50 , 60 , "TG/2021/1015" , "TMS1233" , "ET001"),
( 50 , 40 , 80 , 80, 70 , 50 , "TG/2021/1016" , "TMS1233" , "ET001"),
( 40 , 80 , 50 , 40, 60 , 80 , "TG/2021/1017" , "TMS1233" , "ET001"),
( 30 , 70 , 80 , 80, 50 , 60 , "TG/2021/1018" , "TMS1233" , "ET001"),
( 90 , 10 , 60 , 70, 80 , 40 , "TG/2021/1019" , "TMS1233" , "ET001"),
( 80 , 70 , 60 , 60, 70 , 80 , "TG/2020/980" , "TMS1233" , "ET001"),
( 70 , 60 , 50 , 60, 60 , 70 , "TG/2020/810" , "TMS1233" , "ET001"),
( 60 , 50 , 40 , 80, 50 , 60 , "TG/2020/853" , "TMS1233" , "ET001"),
( 50 , 40 , 70 , 90, 80 , 50 , "TG/2019/866" , "TMS1233" , "ET001"),
( 40 , 30 , 20 , 20, 30 , 40 , "TG/2019/854" , "TMS1233" , "ET001"),
( 0 , 0 , 0 , 0  , 0 , 0 , "TG/2018/512" , "TMS1233" , "ET001"),
( 0 , 0 , 0 , 0  , 0 , 0 , "TG/2018/645" , "TMS1233" , "ET001"),
( 0 , 0 , 0 , 0  , 0 , 0 , "TG/2017/420" , "TMS1233" , "ET001"),


( 80 , 70 , 60, 60, 70 , 80 , "TG/2021/1010" , "ICT1253" , "ICT002T"),
( 80 , 40 , 25, 60, 23 , 74 , "TG/2021/1011" , "ICT1253" , "ICT002T"),
( 40 , 80 , 30, 20, 46 , 23 , "TG/2021/1012" , "ICT1253" , "ICT002T"),
( 50 , 60 , 60, 90, 57 , 12 , "TG/2021/1013" , "ICT1253" , "ICT002T"),
( 75 , 10 , 45, 00, 86 , 85 , "TG/2021/1014" , "ICT1253" , "ICT002T"),
( 80 , 30 , 35, 30, 96 , 69 , "TG/2021/1015" , "ICT1253" , "ICT002T"),
( 70 , 60 , 25, 23, 44 , 35 , "TG/2021/1016" , "ICT1253" , "ICT002T"),
( 20 , 30 , 25, 70, 43 , 97 , "TG/2021/1017" , "ICT1253" , "ICT002T"),
( 40 , 80 , 90, 68, 23 , 23 , "TG/2021/1018" , "ICT1253" , "ICT002T"),
( 20 , 60 , 70, 68, 74 , 74 , "TG/2021/1019" , "ICT1253" , "ICT002T"),
( 80 , 30 , 50, 67, 86 , 35 , "TG/2020/980" , "ICT1253" , "ICT002"),
( 70 , 70 , 10, 45, 75 , 35 , "TG/2020/810" , "ICT1253" , "ICT002"),
( 10 , 80 , 25, 78, 34 , 24 , "TG/2020/853" , "ICT1253" , "ICT002"),
( 30 , 90 , 15, 80, 85 , 23 , "TG/2019/866" , "ICT1253" , "ICT002"),
( 60 , 70 , 20, 45, 12 , 12 , "TG/2019/854" , "ICT1253" , "ICT002"),
( 0 , 0 , 0 , 0 , 0 , 0 , "TG/2018/512" , "ICT1253" , "ICT002"),
( 0 , 0 , 0 , 0 , 0 , 0 , "TG/2018/645" , "ICT1253" , "ICT002"),
( 0 , 0 , 0 , 0 , 0 , 0 , "TG/2017/420" , "ICT1253" , "ICT002"),

( 45 , 70 , 60, 63, 5 , 20 ,  "TG/2021/1010" , "ICT1242" , "ICT002"),
( 30 , 40 , 65, 20, 4 , 75 ,  "TG/2021/1011" , "ICT1242" , "ICT002"),
( 60 , 80 , 30, 25, 65 , 53 , "TG/2021/1012" , "ICT1242" , "ICT002"),
( 60 , 60 , 60, 76, 34 , 13 , "TG/2021/1013" , "ICT1242" , "ICT002"),
( 08 , 10 , 25, 45, 34 , 83 , "TG/2021/1014" , "ICT1242" , "ICT002"),
( 80 , 30 , 75, 34, 56 , 76 , "TG/2021/1015" , "ICT1242" , "ICT002"),
( 65 , 60 , 25, 00, 67 , 23 , "TG/2021/1016" , "ICT1242" , "ICT002"),
( 25 , 30 , 75, 35, 78 , 23 , "TG/2021/1017" , "ICT1242" , "ICT002"),
( 45 , 80 , 40, 65, 23 , 76 , "TG/2021/1018" , "ICT1242" , "ICT002"),
( 20 , 60 , 20, 15, 86 , 57 , "TG/2021/1019" , "ICT1242" , "ICT002"),
( 80 , 30 , 30, 15, 12 , 34 , "TG/2020/980" , "ICT1242" , "ICT002"),
( 75 , 70 , 60, 65, 75 , 23 , "TG/2020/810" , "ICT1242" , "ICT002"),
( 25 , 80 , 45, 75, 76 , 27 , "TG/2020/853" , "ICT1242" , "ICT002"),
( 24 , 90 , 35, 21, 12 , 23 ,  "TG/2019/866" , "ICT1242" , "ICT002"),
( 60 , 70 , 70, 5 , 54 , 87 ,  "TG/2019/854" , "ICT1242" , "ICT002"),
( 0 , 0 , 0 , 0 , 0 , 0 , "TG/2018/512" , "ICT1242" , "ICT002"),
( 0 , 0 , 0 , 0 , 0 , 0 , "TG/2018/645" , "ICT1242" , "ICT002"),
( 0 , 0 , 0 , 0 , 0 , 0 , "TG/2017/420" , "ICT1242" , "ICT002"),


( 80,70,80,78,90,75,   "TG/2021/1010","ICT1222","ICT002"),
( 90,25,90,76,56,76,   "TG/2021/1011","ICT1222","ICT002"),
( 50,60,70,65,76,86,   "TG/2021/1012","ICT1222","ICT002"),
( 30,10,60,50,34,72,   "TG/2021/1013","ICT1222","ICT002"),
( 00,10,10,35,36,50,   "TG/2021/1014","ICT1222","ICT002"),
( 100,100,100,78,90,98,"TG/2021/1015","ICT1222","ICT002"),
( 80,70,80,78,90,25,   "TG/2021/1016","ICT1222","ICT002"),
( 75,35,55,44,10,57,   "TG/2021/1017","ICT1222","ICT002"),
( 65,15,85,67,90,45,   "TG/2021/1018","ICT1222","ICT002"),
( 95,55,60,91,79,81,   "TG/2021/1019","ICT1222","ICT002"),
( 85,35,75,10,80,69,     "TG/2020/980","ICT1222","ICT002"),
( 100,100,100,100,100,48,"TG/2020/810","ICT1222","ICT002"),
( 90,90,90,90,99,65,     "TG/2020/853","ICT1222","ICT002"),
( 65,55,50,65,65,58,     "TG/2019/866","ICT1222","ICT002"),
( 55,45,65,72,66,78,     "TG/2019/854","ICT1222","ICT002"),
( 0,0,0,0,0,0,"TG/2018/512","ICT1222","ICT002"),
( 0,0,0,0,0,0,"TG/2018/645","ICT1222","ICT002"),
( 0,0,0,0,0,0,"TG/2017/420","ICT1222","ICT002"), 
    

(30,50,10,78,90,67,   "TG/2021/1010","ICT1233","ICT002"),
(30,20,10,55,26,55,   "TG/2021/1011","ICT1233","ICT002"),
(35,25,75,63,72,77,   "TG/2021/1012","ICT1233","ICT002"),
(30,10,60,50.3,34,90, "TG/2021/1013","ICT1233","ICT002"),
(00,10,10,35,56.9,95, "TG/2021/1014","ICT1233","ICT002"),
(100,100,100,78,90,85,"TG/2021/1015","ICT1233","ICT002"),
(80,75,80,78,90,32,   "TG/2021/1016","ICT1233","ICT002"),
(75,35,55,44.5,10,52, "TG/2021/1017","ICT1233","ICT002"),
(65,75,85,67,90,45,   "TG/2021/1018","ICT1233","ICT002"),
(95,55,60,91.2,79,65, "TG/2021/1019","ICT1233","ICT002"),
(65,35,75,10,80,43,      "TG/2020/980","ICT1233","ICT002"),
(100,100,100,100,100,100,"TG/2020/810","ICT1233","ICT002"),
(90,90,90,90,99,59,      "TG/2020/853","ICT1233","ICT002"),
(65,55,50,65,65,82,      "TG/2019/866","ICT1233","ICT002"),
(55,45,65,72,66,92,      "TG/2019/854","ICT1233","ICT002"),
(0,0,0,0,0,0,"TG/2018/512","ICT1233","ICT002"),
(0,0,0,0,0,0,"TG/2018/645","ICT1233","ICT002"),
(0,0,0,0,0,0,"TG/2017/420","ICT1233","ICT002"), 

    
( 85 , 65 , 70 , 65, 60 , 20 , "TG/2021/1010" , "ENG1222","MD004"),
( 84 , 75 , 60 , 70, 40 , 45 , "TG/2021/1011" , "ENG1222","MD004"),
( 60 , 70 , 65 , 70, 55 , 60 , "TG/2021/1012" , "ENG1222","MD004"),
( 70 , 80 , 40 , 80, 65 , 45 , "TG/2021/1013" , "ENG1222","MD004"),
( 80 , 85 , 45 , 65, 55 , 50 , "TG/2021/1014" , "ENG1222","MD004"),
( 90 , 75 , 30 , 75, 75 , 30 , "TG/2021/1015" , "ENG1222","MD004"),
( 65 , 70 , 55 , 20, 65 , 45 , "TG/2021/1016" , "ENG1222","MD004"),
( 75 , 65 , 65 , 80, 55 , 35 , "TG/2021/1017" , "ENG1222","MD004"),
( 70 , 60 , 55 , 85, 90 , 10 , "TG/2021/1018" , "ENG1222","MD004"),
( 85 , 75 , 75 , 90, 85 , 30 , "TG/2021/1019" , "ENG1222","MD004"),

(  60, 55 , 65, 55 , 75 , 50 , "TG/2020/980" ,"ENG1222","MD004"),
(  60, 70 , 40, 75 ,  60 , 55, "TG/2020/810", "ENG1222","MD004"),
(  70 , 65 , 55 , 90 , 90 , 40 ,"TG/2020/853", "ENG1222","MD004"),
(  85 , 75 , 55 , 70 , 40 , 20 ,"TG/2019/866", "ENG1222","MD004"),
(  30, 65 , 45, 60  , 80 , 40 , "TG/2019/854" , "ENG1222","MD004"),

( 0 , 0 , 0 , 0 , 0 , 0 , "TG/2018/512"  , "ENG1222","MD004"),
( 0 , 0 , 0 , 0 , 0 , 0 , "TG/2018/645"  , "ENG1222","MD004"),
( 0 , 0 , 0 , 0 , 0 , 0 , "TG/2017/420"  , "ENG1222","MD004"),


( 85 , 60 , 70 , 65 , 70 , 80 , "TG/2021/1010" , "ICT1212","ICT002"),
( 75 , 70 , 65 , 55 , 35 , 60 , "TG/2021/1011" , "ICT1212","ICT002"),
( 80 , 75 , 40 , 70 , 70 , 75 , "TG/2021/1012" , "ICT1212","ICT002"),
( 85 , 65 , 60 , 80 , 65 , 70 , "TG/2021/1013" , "ICT1212","ICT002"),
( 90 , 85 , 65 , 80 , 90 , 65 , "TG/2021/1014" , "ICT1212","ICT002"),
( 80 , 90 , 50 , 65 , 75 , 45 , "TG/2021/1015" , "ICT1212","ICT002"),
( 65 , 45 , 60 , 70 , 70 , 55 , "TG/2021/1016" , "ICT1212","ICT002"),
( 75 , 40 , 40 , 90 , 70 , 80 , "TG/2021/1017" , "ICT1212","ICT002"),
( 80 , 20 , 50 , 80 , 65 , 75 , "TG/2021/1018" , "ICT1212","ICT002"),
( 85 , 50 , 90 , 70 , 55 , 80 , "TG/2021/1019" , "ICT1212","ICT002"),

( 50 , 70 , 80 , 65 , 55 , 65 , "TG/2020/980"  , "ICT1212","ICT002"),
( 60 , 80 , 70 , 75 , 65 , 90 , "TG/2020/810"  , "ICT1212","ICT002"),
( 70 , 90 , 60 , 80 , 75 , 80 , "TG/2020/853"  , "ICT1212","ICT002"),
( 90 , 75 , 65 , 65 , 85 , 85 , "TG/2019/866"  , "ICT1212","ICT002"),
( 80 , 75 , 65 , 45 , 75 , 80 , "TG/2019/854"  , "ICT1212","ICT002"),

( 0 , 0 , 0 , 0 , 0 , 0 , "TG/2018/512"  , "ICT1212","ICT002"),
( 0 , 0 , 0 , 0 , 0 , 0 , "TG/2018/645"  , "ICT1212","ICT002"),
( 0 , 0 , 0 , 0 , 0 , 0 , "TG/2017/420"  , "ICT1212","ICT002"); 





CREATE TABLE Student(
    Student_id VARCHAR(20),
    Name VARCHAR(30),
    Contact_no VARCHAR(11),
    Admin_id VARCHAR(10),
    Officer_id VARCHAR(10),
    Lecture_id VARCHAR(10),
    Dean_id VARCHAR(10),
    Course_id VARCHAR(10),
    PRIMARY KEY (Student_id,Course_id),
     FOREIGN KEY (Admin_id) REFERENCES admin(Admin_id)
     );  




INSERT INTO student
VALUES
('TG/2021/1010','Ishani Kawshalya','071-1245789','A001','T002','L003','D001','ICT1212'),
('TG/2021/1010','Ishani Kawshalya','071-1245789','A001','T002','L003','D001','ICT1222'),
('TG/2021/1010','Ishani Kawshalya','071-1245789','A001','T002','L004','D001','ICT1233'),
('TG/2021/1010','Ishani Kawshalya','071-1245789','A001','T002','L005','D001','ICT1242'),
('TG/2021/1010','Ishani Kawshalya','071-1245789','A001','T002','L006','D001','ICT1253'),
('TG/2021/1010','Ishani Kawshalya','071-1245789','A001','T002','L007','D001','TCS1212'),
('TG/2021/1010','Ishani Kawshalya','071-1245789','A001','T002','L008','D001','TMS1233'),
('TG/2021/1010','Ishani Kawshalya','071-1245789','A001','T002','L009','D001','ENG1212'),

('TG/2021/1011','Asith Indipa','074-1295989','A001','T002','L003','D001','ICT1212'),
('TG/2021/1011','Asith Indipa','074-1295989','A001','T002','L003','D001','ICT1222'),
('TG/2021/1011','Asith Indipa','074-1295989','A001','T002','L004','D001','ICT1233'),
('TG/2021/1011','Asith Indipa','074-1295989','A001','T002','L005','D001','ICT1242'),
('TG/2021/1011','Asith Indipa','074-1295989','A001','T002','L006','D001','ICT1253'),
('TG/2021/1011','Asith Indipa','074-1295989','A001','T002','L007','D001','TCS1212'),
('TG/2021/1011','Asith Indipa','074-1295989','A001','T002','L008','D001','TMS1233'),
('TG/2021/1011','Asith Indipa','074-1295989','A001','T002','L009','D001','ENG1212'),

('TG/2021/1012','Anuhas Rajapaksha','071-3225729','A001','T002','L003','D001','ICT1212'),
('TG/2021/1012','Anuhas Rajapaksha','071-3225729','A001','T002','L003','D001','ICT1222'),
('TG/2021/1012','Anuhas Rajapaksha','071-3225729','A001','T002','L004','D001','ICT1233'),
('TG/2021/1012','Anuhas Rajapaksha','071-3225729','A001','T002','L005','D001','ICT1242'),
('TG/2021/1012','Anuhas Rajapaksha','071-3225729','A001','T002','L006','D001','ICT1253'),
('TG/2021/1012','Anuhas Rajapaksha','071-3225729','A001','T002','L007','D001','TCS1212'),
('TG/2021/1012','Anuhas Rajapaksha','071-3225729','A001','T002','L008','D001','TMS1233'),
('TG/2021/1012','Anuhas Rajapaksha','071-3225729','A001','T002','L009','D001','ENG1212'),

('TG/2021/1013','Hashan Madhuranga','070-2545725','A001','T002','L003','D001','ICT1212'),
('TG/2021/1013','Hashan Madhuranga','070-2545725','A001','T002','L003','D001','ICT1222'),
('TG/2021/1013','Hashan Madhuranga','070-2545725','A001','T002','L004','D001','ICT1233'),
('TG/2021/1013','Hashan Madhuranga','070-2545725','A001','T002','L005','D001','ICT1242'),
('TG/2021/1013','Hashan Madhuranga','070-2545725','A001','T002','L006','D001','ICT1253'),
('TG/2021/1013','Hashan Madhuranga','070-2545725','A001','T002','L007','D001','TCS1212'),
('TG/2021/1013','Hashan Madhuranga','070-2545725','A001','T002','L008','D001','TMS1233'),
('TG/2021/1013','Hashan Madhuranga','070-2545725','A001','T002','L009','D001','ENG1212'),

('TG/2021/1014','Nipuni Bandara','077-2245588','A001','T002','L003','D001','ICT1212'),
('TG/2021/1014','Nipuni Bandara','077-2245588','A001','T002','L003','D001','ICT1222'),
('TG/2021/1014','Nipuni Bandara','077-2245588','A001','T002','L004','D001','ICT1233'),
('TG/2021/1014','Nipuni Bandara','077-2245588','A001','T002','L005','D001','ICT1242'),
('TG/2021/1014','Nipuni Bandara','077-2245588','A001','T002','L006','D001','ICT1253'),
('TG/2021/1014','Nipuni Bandara','077-2245588','A001','T002','L007','D001','TCS1212'),
('TG/2021/1014','Nipuni Bandara','077-2245588','A001','T002','L008','D001','TMS1233'),
('TG/2021/1014','Nipuni Bandara','077-2245588','A001','T002','L009','D001','ENG1212'),

('TG/2021/1015','Chathuranga Nipun','076-9842637','A001','T002','L003','D001','ICT1212'),
('TG/2021/1015','Chathuranga Nipun','076-9842637','A001','T002','L003','D001','ICT1222'),
('TG/2021/1015','Chathuranga Nipun','076-9842637','A001','T002','L004','D001','ICT1233'),
('TG/2021/1015','Chathuranga Nipun','076-9842637','A001','T002','L005','D001','ICT1242'),
('TG/2021/1015','Chathuranga Nipun','076-9842637','A001','T002','L006','D001','ICT1253'),
('TG/2021/1015','Chathuranga Nipun','076-9842637','A001','T002','L007','D001','TCS1212'),
('TG/2021/1015','Chathuranga Nipun','076-9842637','A001','T002','L008','D001','TMS1233'),
('TG/2021/1015','Chathuranga Nipun','076-9842637','A001','T002','L009','D001','ENG1212'),

('TG/2021/1016','Dhanushka Udayantha','071-5142725','A001','T002','L003','D001','ICT1212'),
('TG/2021/1016','Dhanushka Udayantha','071-5142725','A001','T002','L003','D001','ICT1222'),
('TG/2021/1016','Dhanushka Udayantha','071-5142725','A001','T002','L004','D001','ICT1233'),
('TG/2021/1016','Dhanushka Udayantha','071-5142725','A001','T002','L005','D001','ICT1242'),
('TG/2021/1016','Dhanushka Udayantha','071-5142725','A001','T002','L006','D001','ICT1253'),
('TG/2021/1016','Dhanushka Udayantha','071-5142725','A001','T002','L007','D001','TCS1212'),
('TG/2021/1016','Dhanushka Udayantha','071-5142725','A001','T002','L008','D001','TMS1233'),
('TG/2021/1016','Dhanushka Udayantha','071-5142725','A001','T002','L009','D001','ENG1212'),

('TG/2021/1017','Charuka Bandara','072-5372982','A001','T002','L003','D001','ICT1212'),
('TG/2021/1017','Charuka Bandara','072-5372982','A001','T002','L003','D001','ICT1222'),
('TG/2021/1017','Charuka Bandara','072-5372982','A001','T002','L004','D001','ICT1233'),
('TG/2021/1017','Charuka Bandara','072-5372982','A001','T002','L005','D001','ICT1242'),
('TG/2021/1017','Charuka Bandara','072-5372982','A001','T002','L006','D001','ICT1253'),
('TG/2021/1017','Charuka Bandara','072-5372982','A001','T002','L007','D001','TCS1212'),
('TG/2021/1017','Charuka Bandara','072-5372982','A001','T002','L008','D001','TMS1233'),
('TG/2021/1017','Charuka Bandara','072-5372982','A001','T002','L009','D001','ENG1212'),

('TG/2021/1018','Tharushika Himansi','078-8642384','A001','T002','L003','D001','ICT1212'),
('TG/2021/1018','Tharushika Himansi','078-8642384','A001','T002','L003','D001','ICT1222'),
('TG/2021/1018','Tharushika Himansi','078-8642384','A001','T002','L004','D001','ICT1233'),
('TG/2021/1018','Tharushika Himansi','078-8642384','A001','T002','L005','D001','ICT1242'),
('TG/2021/1018','Tharushika Himansi','078-8642384','A001','T002','L006','D001','ICT1253'),
('TG/2021/1018','Tharushika Himansi','078-8642384','A001','T002','L007','D001','TCS1212'),
('TG/2021/1018','Tharushika Himansi','078-8642384','A001','T002','L008','D001','TMS1233'),
('TG/2021/1018','Tharushika Himansi','078-8642384','A001','T002','L009','D001','ENG1212'),

('TG/2021/1019','Ravindu Harshana','076-2346821','A001','T002','L003','D001','ICT1212'),
('TG/2021/1019','Ravindu Harshana','076-2346821','A001','T002','L003','D001','ICT1222'),
('TG/2021/1019','Ravindu Harshana','076-2346821','A001','T002','L004','D001','ICT1233'),
('TG/2021/1019','Ravindu Harshana','076-2346821','A001','T002','L005','D001','ICT1242'),
('TG/2021/1019','Ravindu Harshana','076-2346821','A001','T002','L006','D001','ICT1253'),
('TG/2021/1019','Ravindu Harshana','076-2346821','A001','T002','L007','D001','TCS1212'),
('TG/2021/1019','Ravindu Harshana','076-2346821','A001','T002','L008','D001','TMS1233'),
('TG/2021/1019','Ravindu Harshana','076-2346821','A001','T002','L009','D001','ENG1212'),

('TG/2020/980','Harshi Gamage','074-9721456','A001','T002','L003','D001','ICT1212'),
('TG/2020/980','Harshi Gamage','074-9721456','A001','T002','L003','D001','ICT1222'),
('TG/2020/980','Harshi Gamage','074-9721456','A001','T002','L004','D001','ICT1233'),
('TG/2020/980','Harshi Gamage','074-9721456','A001','T002','L005','D001','ICT1242'),
('TG/2020/980','Harshi Gamage','074-9721456','A001','T002','L006','D001','ICT1253'),
('TG/2020/980','Harshi Gamage','074-9721456','A001','T002','L007','D001','TCS1212'),
('TG/2020/980','Harshi Gamage','074-9721456','A001','T002','L008','D001','TMS1233'),
('TG/2020/980','Harshi Gamage','074-9721456','A001','T002','L009','D001','ENG1212'),

('TG/2020/810','Nipuni Kumari','072-3131654','A001','T002','L003','D001','ICT1212'),
('TG/2020/810','Nipuni Kumari','072-3131654','A001','T002','L003','D001','ICT1222'),
('TG/2020/810','Nipuni Kumari','072-3131654','A001','T002','L004','D001','ICT1233'),
('TG/2020/810','Nipuni Kumari','072-3131654','A001','T002','L005','D001','ICT1242'),
('TG/2020/810','Nipuni Kumari','072-3131654','A001','T002','L006','D001','ICT1253'),
('TG/2020/810','Nipuni Kumari','072-3131654','A001','T002','L007','D001','TCS1212'),
('TG/2020/810','Nipuni Kumari','072-3131654','A001','T002','L008','D001','TMS1233'),
('TG/2020/810','Nipuni Kumari','072-3131654','A001','T002','L009','D001','ENG1212'),

('TG/2020/853','Wasantha Kumara','077-8564923','A001','T002','L003','D001','ICT1212'),
('TG/2020/853','Wasantha Kumara','077-8564923','A001','T002','L003','D001','ICT1222'),
('TG/2020/853','Wasantha Kumara','077-8564923','A001','T002','L004','D001','ICT1233'),
('TG/2020/853','Wasantha Kumara','077-8564923','A001','T002','L005','D001','ICT1242'),
('TG/2020/853','Wasantha Kumara','077-8564923','A001','T002','L006','D001','ICT1253'),
('TG/2020/853','Wasantha Kumara','077-8564923','A001','T002','L007','D001','TCS1212'),
('TG/2020/853','Wasantha Kumara','077-8564923','A001','T002','L008','D001','TMS1233'),
('TG/2020/853','Wasantha Kumara','077-8564923','A001','T002','L009','D001','ENG1212'),

('TG/2019/866','Sanath Gamage','076-5588469','A001','T002','L003','D001','ICT1212'),
('TG/2019/866','Sanath Gamage','076-5588469','A001','T002','L003','D001','ICT1222'),
('TG/2019/866','Sanath Gamage','076-5588469','A001','T002','L004','D001','ICT1233'),
('TG/2019/866','Sanath Gamage','076-5588469','A001','T002','L005','D001','ICT1242'),
('TG/2019/866','Sanath Gamage','076-5588469','A001','T002','L006','D001','ICT1253'),
('TG/2019/866','Sanath Gamage','076-5588469','A001','T002','L007','D001','TCS1212'),
('TG/2019/866','Sanath Gamage','076-5588469','A001','T002','L008','D001','TMS1233'),
('TG/2019/866','Sanath Gamage','076-5588469','A001','T002','L009','D001','ENG1212'),

('TG/2019/854','Wathsala Sathsarani','071-8668963','A001','T002','L003','D001','ICT1212'),
('TG/2019/854','Wathsala Sathsarani','071-8668963','A001','T002','L003','D001','ICT1222'),
('TG/2019/854','Wathsala Sathsarani','071-8668963','A001','T002','L004','D001','ICT1233'),
('TG/2019/854','Wathsala Sathsarani','071-8668963','A001','T002','L005','D001','ICT1242'),
('TG/2019/854','Wathsala Sathsarani','071-8668963','A001','T002','L006','D001','ICT1253'),
('TG/2019/854','Wathsala Sathsarani','071-8668963','A001','T002','L007','D001','TCS1212'),
('TG/2019/854','Wathsala Sathsarani','071-8668963','A001','T002','L008','D001','TMS1233'),
('TG/2019/854','Wathsala Sathsarani','071-8668963','A001','T002','L009','D001','ENG1212'),

('TG/2018/512','Mahela Prabodha','072-4698254','A001','T002','L003','D001','ICT1212'),
('TG/2018/512','Mahela Prabodha','072-4698254','A001','T002','L003','D001','ICT1222'),
('TG/2018/512','Mahela Prabodha','072-4698254','A001','T002','L004','D001','ICT1233'),
('TG/2018/512','Mahela Prabodha','072-4698254','A001','T002','L005','D001','ICT1242'),
('TG/2018/512','Mahela Prabodha','072-4698254','A001','T002','L006','D001','ICT1253'),
('TG/2018/512','Mahela Prabodha','072-4698254','A001','T002','L007','D001','TCS1212'),
('TG/2018/512','Mahela Prabodha','072-4698254','A001','T002','L008','D001','TMS1233'),
('TG/2018/512','Mahela Prabodha','072-4698254','A001','T002','L009','D001','ENG1212'),

('TG/2018/645','Dinuka Adithya','072-7391468','A001','T002','L003','D001','ICT1212'),
('TG/2018/645','Dinuka Adithya','072-7391468','A001','T002','L003','D001','ICT1222'),
('TG/2018/645','Dinuka Adithya','072-7391468','A001','T002','L004','D001','ICT1233'),
('TG/2018/645','Dinuka Adithya','072-7391468','A001','T002','L005','D001','ICT1242'),
('TG/2018/645','Dinuka Adithya','072-7391468','A001','T002','L006','D001','ICT1253'),
('TG/2018/645','Dinuka Adithya','072-7391468','A001','T002','L007','D001','TCS1212'),
('TG/2018/645','Dinuka Adithya','072-7391468','A001','T002','L008','D001','TMS1233'),
('TG/2018/645','Dinuka Adithya','072-7391468','A001','T002','L009','D001','ENG1212'),

('TG/2017/420','Supun Lokugamage','076-2864721','A001','T002','L003','D001','ICT1212'),
('TG/2017/420','Supun Lokugamage','076-2864721','A001','T002','L003','D001','ICT1222'),
('TG/2017/420','Supun Lokugamage','076-2864721','A001','T002','L004','D001','ICT1233'),
('TG/2017/420','Supun Lokugamage','076-2864721','A001','T002','L005','D001','ICT1242'),
('TG/2017/420','Supun Lokugamage','076-2864721','A001','T002','L006','D001','ICT1253'),
('TG/2017/420','Supun Lokugamage','076-2864721','A001','T002','L007','D001','TCS1212'),
('TG/2017/420','Supun Lokugamage','076-2864721','A001','T002','L008','D001','TMS1233'),
('TG/2017/420','Supun Lokugamage','076-2864721','A001','T002','L009','D001','ENG1212');


CREATE TABLE Medical(
    Student_id VARCHAR(20),
    Course_id VARCHAR(10),
    Count_of_Medical INT(1),
    PRIMARY KEY (Student_id,Course_id)
);



INSERT INTO  Medical
VALUES
("TG/2021/1010","ICT1222",0),
("TG/2021/1010","ICT1212",0),
("TG/2021/1010","ICT1233",0),
("TG/2021/1010","ICT1242",1),
("TG/2021/1010","ICT1253",0),
("TG/2021/1010","TCS1212",2),
("TG/2021/1010","TMS1233",0),
("TG/2021/1010","ENG1212",1),

("TG/2021/1011","ICT1212",1),
("TG/2021/1011","ICT1222",0),
("TG/2021/1011","ICT1233",2),
("TG/2021/1011","ICT1242",2),
("TG/2021/1011","ICT1253",0),
("TG/2021/1011","TCS1212",0),
("TG/2021/1011","TMS1233",1),
("TG/2021/1011","ENG1212",2),

("TG/2021/1012","ICT1212",1),
("TG/2021/1012","ICT1222",0),
("TG/2021/1012","ICT1233",0),
("TG/2021/1012","ICT1242",1),
("TG/2021/1012","ICT1253",1),
("TG/2021/1012","TCS1212",0),
("TG/2021/1012","TMS1233",1),
("TG/2021/1012","ENG1212",2),

("TG/2021/1013","ICT1212",0),
("TG/2021/1013","ICT1222",0),
("TG/2021/1013","ICT1233",0),
("TG/2021/1013","ICT1242",0),
("TG/2021/1013","ICT1253",0),
("TG/2021/1013","TCS1212",0),
("TG/2021/1013","TMS1233",0),
("TG/2021/1013","ENG1212",0),
 
("TG/2021/1014","ICT1212",0),
("TG/2021/1014","ICT1222",0),
("TG/2021/1014","ICT1233",2),
("TG/2021/1014","ICT1242",1),
("TG/2021/1014","ICT1253",0),
("TG/2021/1014","TCS1212",0),
("TG/2021/1014","TMS1233",1),
("TG/2021/1014","ENG1212",2),

("TG/2021/1015","ICT1212",0),
("TG/2021/1015","ICT1222",1),
("TG/2021/1015","ICT1233",1),
("TG/2021/1015","ICT1242",1),
("TG/2021/1015","ICT1253",1),
("TG/2021/1015","TCS1212",2),
("TG/2021/1015","TMS1233",0),
("TG/2021/1015","ENG1212",2),

("TG/2021/1016","ICT1212",0),
("TG/2021/1016","ICT1222",0),
("TG/2021/1016","ICT1233",1),
("TG/2021/1016","ICT1242",2),
("TG/2021/1016","ICT1253",0),
("TG/2021/1016","TCS1212",0),
("TG/2021/1016","TMS1233",0),
("TG/2021/1016","ENG1212",2),
 
("TG/2021/1017","ICT1212",0),
("TG/2021/1017","ICT1222",0),
("TG/2021/1017","ICT1233",0),
("TG/2021/1017","ICT1242",0),
("TG/2021/1017","ICT1253",0),
("TG/2021/1017","TCS1212",1),
("TG/2021/1017","TMS1233",0),
("TG/2021/1017","ENG1212",2),

("TG/2021/1018","ICT1212",0),
("TG/2021/1018","ICT1222",1),
("TG/2021/1018","ICT1233",0),
("TG/2021/1018","ICT1242",0),
("TG/2021/1018","ICT1253",1),
("TG/2021/1018","TCS1212",0),
("TG/2021/1018","TMS1233",0),
("TG/2021/1018","ENG1212",3),
   
("TG/2021/1019","ICT1212",0),
("TG/2021/1019","ICT1222",0),
("TG/2021/1019","ICT1233",0),
("TG/2021/1019","ICT1242",2),
("TG/2021/1019","ICT1253",0),
("TG/2021/1019","TCS1212",0),
("TG/2021/1019","TMS1233",0),
("TG/2021/1019","ENG1212",0),

("TG/2020/980","ICT1212",0),
("TG/2020/980","ICT1222",0),
("TG/2020/980","ICT1233",0),
("TG/2020/980","ICT1242",0),
("TG/2020/980","ICT1253",1),
("TG/2020/980","TCS1212",0),
("TG/2020/980","TMS1233",1),
("TG/2020/980","ENG1212",2),

("TG/2020/810","ICT1212",0),
("TG/2020/810","ICT1222",1),
("TG/2020/810","ICT1233",0),
("TG/2020/810","ICT1242",0),
("TG/2020/810","ICT1253",1),
("TG/2020/810","TCS1212",0),
("TG/2020/810","TMS1233",3),
("TG/2020/810","ENG1212",3),
 
("TG/2020/853","ICT1212",0),
("TG/2020/853","ICT1222",0),
("TG/2020/853","ICT1233",0),
("TG/2020/853","ICT1242",1),
("TG/2020/853","ICT1253",0),
("TG/2020/853","TCS1212",1),
("TG/2020/853","TMS1233",0),
("TG/2020/853","ENG1212",1),

("TG/2019/866","ICT1212",0),
("TG/2019/866","ICT1222",0),
("TG/2019/866","ICT1233",0),
("TG/2019/866","ICT1242",0),
("TG/2019/866","ICT1253",1),
("TG/2019/866","TCS1212",0),
("TG/2019/866","TMS1233",0),
("TG/2019/866","ENG1212",2),
   
("TG/2019/854","ICT1212",0),
("TG/2019/854","ICT1222",0),
("TG/2019/854","ICT1233",1),
("TG/2019/854","ICT1242",0),
("TG/2019/854","ICT1253",0),
("TG/2019/854","TCS1212",0),
("TG/2019/854","TMS1233",0),
("TG/2019/854","ENG1212",1),

("TG/2018/512","ICT1212",0),
("TG/2018/512","ICT1222",0),
("TG/2018/512","ICT1233",0),
("TG/2018/512","ICT1242",0),
("TG/2018/512","ICT1253",0),
("TG/2018/512","TCS1212",0),
("TG/2018/512","TMS1233",0),
("TG/2018/512","ENG1212",0),

("TG/2018/645","ICT1212",0),
("TG/2018/645","ICT1222",0),
("TG/2018/645","ICT1233",0),
("TG/2018/645","ICT1242",0),
("TG/2018/645","ICT1253",0),
("TG/2018/645","TCS1212",0),
("TG/2018/645","TMS1233",0),
("TG/2018/645","ENG1212",0),

("TG/2017/420","ICT1212",0),
("TG/2017/420","ICT1222",0),
("TG/2017/420","ICT1233",0),
("TG/2017/420","ICT1242",0),
("TG/2017/420","ICT1253",0),
("TG/2017/420","TCS1212",0),
("TG/2017/420","TMS1233",0),
("TG/2017/420","ENG1212",0);





CREATE TABLE Attendance(
    Student_id VARCHAR(20),
    Course_id VARCHAR(10),
    Department_id VARCHAR(10),
    Date_of_lecture DATE,
    Present_or_absent VARCHAR(10),
    FOREIGN KEY(Student_id) REFERENCES Student(Student_id),
    FOREIGN KEY(Course_id) REFERENCES Course(Course_id),
    FOREIGN KEY(Department_id) REFERENCES Department(Department_id)
);




INSERT INTO Attendance
VALUES

('TG/2021/1010','ICT1212','ICT002','2023-07-03','Present'),
('TG/2021/1011','ICT1212','ICT002','2023-07-03','Present'),
('TG/2021/1012','ICT1212','ICT002','2023-07-03','Present'),
('TG/2021/1013','ICT1212','ICT002','2023-07-03','Present'),
('TG/2021/1014','ICT1212','ICT002','2023-07-03','Present'),
('TG/2021/1015','ICT1212','ICT002','2023-07-03','Present'),
('TG/2021/1016','ICT1212','ICT002','2023-07-03','Present'),
('TG/2021/1017','ICT1212','ICT002','2023-07-03','Present'),
('TG/2021/1018','ICT1212','ICT002','2023-07-03','Present'),
('TG/2021/1019','ICT1212','ICT002','2023-07-03','Present'),
('TG/2021/1020','ICT1212','ICT002','2023-07-03','Present'),
('TG/2021/1021','ICT1212','ICT002','2023-07-03','Present'),
('TG/2021/1022','ICT1212','ICT002','2023-07-03','Present'),
('TG/2021/1023','ICT1212','ICT002','2023-07-03','Present'),
('TG/2021/1024','ICT1212','ICT002','2023-07-03','Present'),

('TG/2021/1010','ICT1212','ICT002','2023-07-10','Present'),
('TG/2021/1011','ICT1212','ICT002','2023-07-10','Present'),
('TG/2021/1012','ICT1212','ICT002','2023-07-10','Present'),
('TG/2021/1013','ICT1212','ICT002','2023-07-10','Present'),
('TG/2021/1014','ICT1212','ICT002','2023-07-10','Present'),
('TG/2021/1015','ICT1212','ICT002','2023-07-10','Present'),
('TG/2021/1016','ICT1212','ICT002','2023-07-10','Present'),
('TG/2021/1017','ICT1212','ICT002','2023-07-10','Present'),
('TG/2021/1018','ICT1212','ICT002','2023-07-10','Present'),
('TG/2021/1019','ICT1212','ICT002','2023-07-10','Present'),
('TG/2021/1020','ICT1212','ICT002','2023-07-10','Present'),
('TG/2021/1021','ICT1212','ICT002','2023-07-10','Present'),
('TG/2021/1022','ICT1212','ICT002','2023-07-10','Present'),
('TG/2021/1023','ICT1212','ICT002','2023-07-10','Present'),
('TG/2021/1024','ICT1212','ICT002','2023-07-10','Present'),

('TG/2021/1010','ICT1212','ICT002','2023-07-17','Present'),
('TG/2021/1011','ICT1212','ICT002','2023-07-17','Present'),
('TG/2021/1012','ICT1212','ICT002','2023-07-17','Present'),
('TG/2021/1013','ICT1212','ICT002','2023-07-17','Present'),
('TG/2021/1014','ICT1212','ICT002','2023-07-17','Present'),
('TG/2021/1015','ICT1212','ICT002','2023-07-17','Present'),
('TG/2021/1016','ICT1212','ICT002','2023-07-17','Present'),
('TG/2021/1017','ICT1212','ICT002','2023-07-17','Present'),
('TG/2021/1018','ICT1212','ICT002','2023-07-17','Present'),
('TG/2021/1019','ICT1212','ICT002','2023-07-17','Present'),
('TG/2021/1020','ICT1212','ICT002','2023-07-17','Present'),
('TG/2021/1021','ICT1212','ICT002','2023-07-17','Present'),
('TG/2021/1022','ICT1212','ICT002','2023-07-17','Present'),
('TG/2021/1023','ICT1212','ICT002','2023-07-17','Present'),
('TG/2021/1024','ICT1212','ICT002','2023-07-17','Present'),

('TG/2021/1010','ICT1212','ICT002','2023-07-24','Present'),
('TG/2021/1011','ICT1212','ICT002','2023-07-24','Present'),
('TG/2021/1012','ICT1212','ICT002','2023-07-24','Present'),
('TG/2021/1013','ICT1212','ICT002','2023-07-24','Present'),
('TG/2021/1014','ICT1212','ICT002','2023-07-24','Present'),
('TG/2021/1015','ICT1212','ICT002','2023-07-24','Present'),
('TG/2021/1016','ICT1212','ICT002','2023-07-24','Present'),
('TG/2021/1017','ICT1212','ICT002','2023-07-24','Present'),
('TG/2021/1018','ICT1212','ICT002','2023-07-24','Present'),
('TG/2021/1019','ICT1212','ICT002','2023-07-24','Present'),
('TG/2021/1020','ICT1212','ICT002','2023-07-24','Present'),
('TG/2021/1021','ICT1212','ICT002','2023-07-24','Present'),
('TG/2021/1022','ICT1212','ICT002','2023-07-24','Present'),
('TG/2021/1023','ICT1212','ICT002','2023-07-24','Present'),
('TG/2021/1024','ICT1212','ICT002','2023-07-24','Present'),

('TG/2021/1010','ICT1212','ICT002','2023-07-31','Present'),
('TG/2021/1011','ICT1212','ICT002','2023-07-31','Present'),
('TG/2021/1012','ICT1212','ICT002','2023-07-31','Present'),
('TG/2021/1013','ICT1212','ICT002','2023-07-31','Present'),
('TG/2021/1014','ICT1212','ICT002','2023-07-31','Present'),
('TG/2021/1015','ICT1212','ICT002','2023-07-31','Present'),
('TG/2021/1016','ICT1212','ICT002','2023-07-31','Present'),
('TG/2021/1017','ICT1212','ICT002','2023-07-31','Present'),
('TG/2021/1018','ICT1212','ICT002','2023-07-31','Present'),
('TG/2021/1019','ICT1212','ICT002','2023-07-31','Present'),
('TG/2021/1020','ICT1212','ICT002','2023-07-31','Present'),
('TG/2021/1021','ICT1212','ICT002','2023-07-31','Present'),
('TG/2021/1022','ICT1212','ICT002','2023-07-31','Present'),
('TG/2021/1023','ICT1212','ICT002','2023-07-31','Present'),
('TG/2021/1024','ICT1212','ICT002','2023-07-31','Present'),


('TG/2021/1010','ICT1212','ICT002','2023-08-07','Present'),
('TG/2021/1011','ICT1212','ICT002','2023-08-07','Present'),
('TG/2021/1012','ICT1212','ICT002','2023-08-07','Present'),
('TG/2021/1013','ICT1212','ICT002','2023-08-07','Present'),
('TG/2021/1014','ICT1212','ICT002','2023-08-07','Present'),
('TG/2021/1015','ICT1212','ICT002','2023-08-07','Present'),
('TG/2021/1016','ICT1212','ICT002','2023-08-07','Present'),
('TG/2021/1017','ICT1212','ICT002','2023-08-07','Present'),
('TG/2021/1018','ICT1212','ICT002','2023-08-07','Present'),
('TG/2021/1019','ICT1212','ICT002','2023-08-07','Present'),
('TG/2021/1020','ICT1212','ICT002','2023-08-07','Present'),
('TG/2021/1021','ICT1212','ICT002','2023-08-07','Present'),
('TG/2021/1022','ICT1212','ICT002','2023-08-07','Present'),
('TG/2021/1023','ICT1212','ICT002','2023-08-07','Present'),
('TG/2021/1024','ICT1212','ICT002','2023-08-07','Present'),

('TG/2021/1010','ICT1212','ICT002','2023-08-14','Present'),
('TG/2021/1011','ICT1212','ICT002','2023-08-14','Present'),
('TG/2021/1012','ICT1212','ICT002','2023-08-14','Present'),
('TG/2021/1013','ICT1212','ICT002','2023-08-14','Present'),
('TG/2021/1014','ICT1212','ICT002','2023-08-14','Present'),
('TG/2021/1015','ICT1212','ICT002','2023-08-14','Present'),
('TG/2021/1016','ICT1212','ICT002','2023-08-14','Present'),
('TG/2021/1017','ICT1212','ICT002','2023-08-14','Present'),
('TG/2021/1018','ICT1212','ICT002','2023-08-14','Present'),
('TG/2021/1019','ICT1212','ICT002','2023-08-14','Present'),
('TG/2021/1020','ICT1212','ICT002','2023-08-14','Present'),
('TG/2021/1021','ICT1212','ICT002','2023-08-14','Present'),
('TG/2021/1022','ICT1212','ICT002','2023-08-14','Present'),
('TG/2021/1023','ICT1212','ICT002','2023-08-14','Present'),
('TG/2021/1024','ICT1212','ICT002','2023-08-14','Present'),

('TG/2021/1010','ICT1212','ICT002','2023-08-21','Present'),
('TG/2021/1011','ICT1212','ICT002','2023-08-21','Present'),
('TG/2021/1012','ICT1212','ICT002','2023-08-21','Present'),
('TG/2021/1013','ICT1212','ICT002','2023-08-21','Present'),
('TG/2021/1014','ICT1212','ICT002','2023-08-21','Present'),
('TG/2021/1015','ICT1212','ICT002','2023-08-21','Present'),
('TG/2021/1016','ICT1212','ICT002','2023-08-21','Present'),
('TG/2021/1017','ICT1212','ICT002','2023-08-21','Present'),
('TG/2021/1018','ICT1212','ICT002','2023-08-21','Present'),
('TG/2021/1019','ICT1212','ICT002','2023-08-21','Present'),
('TG/2021/1020','ICT1212','ICT002','2023-08-21','Present'),
('TG/2021/1021','ICT1212','ICT002','2023-08-21','Present'),
('TG/2021/1022','ICT1212','ICT002','2023-08-21','Present'),
('TG/2021/1023','ICT1212','ICT002','2023-08-21','Present'),
('TG/2021/1024','ICT1212','ICT002','2023-08-21','Present'),

('TG/2021/1010','ICT1212','ICT002','2023-08-28','Present'),
('TG/2021/1011','ICT1212','ICT002','2023-08-28','Present'),
('TG/2021/1012','ICT1212','ICT002','2023-08-28','Present'),
('TG/2021/1013','ICT1212','ICT002','2023-08-28','Present'),
('TG/2021/1014','ICT1212','ICT002','2023-08-28','Present'),
('TG/2021/1015','ICT1212','ICT002','2023-08-28','Present'),
('TG/2021/1016','ICT1212','ICT002','2023-08-28','Present'),
('TG/2021/1017','ICT1212','ICT002','2023-08-28','Present'),
('TG/2021/1018','ICT1212','ICT002','2023-08-28','Present'),
('TG/2021/1019','ICT1212','ICT002','2023-08-28','Present'),
('TG/2021/1020','ICT1212','ICT002','2023-08-28','Present'),
('TG/2021/1021','ICT1212','ICT002','2023-08-28','Present'),
('TG/2021/1022','ICT1212','ICT002','2023-08-28','Present'),
('TG/2021/1023','ICT1212','ICT002','2023-08-28','Present'),
('TG/2021/1024','ICT1212','ICT002','2023-08-28','Present'),


('TG/2021/1010','ICT1212','ICT002','2023-08-07','Present'),
('TG/2021/1011','ICT1212','ICT002','2023-09-04','Present'),
('TG/2021/1012','ICT1212','ICT002','2023-09-04','Present'),
('TG/2021/1013','ICT1212','ICT002','2023-09-04','Present'),
('TG/2021/1014','ICT1212','ICT002','2023-09-04','Present'),
('TG/2021/1015','ICT1212','ICT002','2023-09-04','Present'),
('TG/2021/1016','ICT1212','ICT002','2023-09-04','Present'),
('TG/2021/1017','ICT1212','ICT002','2023-09-04','Present'),
('TG/2021/1018','ICT1212','ICT002','2023-09-04','Present'),
('TG/2021/1019','ICT1212','ICT002','2023-09-04','Present'),
('TG/2021/1020','ICT1212','ICT002','2023-09-04','Present'),
('TG/2021/1021','ICT1212','ICT002','2023-09-04','Present'),
('TG/2021/1022','ICT1212','ICT002','2023-09-04','Present'),
('TG/2021/1023','ICT1212','ICT002','2023-09-04','Present'),
('TG/2021/1024','ICT1212','ICT002','2023-09-04','Present'),

('TG/2021/1011','ICT1212','ICT002','2023-09-11','Present'),
('TG/2021/1012','ICT1212','ICT002','2023-09-11','Present'),
('TG/2021/1013','ICT1212','ICT002','2023-09-11','Present'),
('TG/2021/1014','ICT1212','ICT002','2023-09-11','Present'),
('TG/2021/1015','ICT1212','ICT002','2023-09-11','Present'),
('TG/2021/1016','ICT1212','ICT002','2023-09-11','Present'),
('TG/2021/1017','ICT1212','ICT002','2023-09-11','Present'),
('TG/2021/1018','ICT1212','ICT002','2023-09-11','Present'),
('TG/2021/1019','ICT1212','ICT002','2023-09-11','Present'),
('TG/2021/1020','ICT1212','ICT002','2023-09-11','Present'),
('TG/2021/1021','ICT1212','ICT002','2023-09-11','Present'),
('TG/2021/1022','ICT1212','ICT002','2023-09-11','Present'),
('TG/2021/1023','ICT1212','ICT002','2023-09-11','Present'),
('TG/2021/1024','ICT1212','ICT002','2023-09-11','Present'),


('TG/2021/1011', 'ICT1212', 'ICT002', '2023-09-18', 'Present'),
('TG/2021/1012', 'ICT1212', 'ICT002', '2023-09-18', 'Present'),
('TG/2021/1013', 'ICT1212', 'ICT002', '2023-09-18', 'Present'),
('TG/2021/1014', 'ICT1212', 'ICT002', '2023-09-18', 'Present'),
('TG/2021/1015', 'ICT1212', 'ICT002', '2023-09-18', 'Present'),
('TG/2021/1016', 'ICT1212', 'ICT002', '2023-09-18', 'Present'),
('TG/2021/1017', 'ICT1212', 'ICT002', '2023-09-18', 'Present'),
('TG/2021/1018', 'ICT1212', 'ICT002', '2023-09-18', 'Present'),
('TG/2021/1019', 'ICT1212', 'ICT002', '2023-09-18', 'Present'),
('TG/2021/1020', 'ICT1212', 'ICT002', '2023-09-18', 'Present'),
('TG/2021/1021', 'ICT1212', 'ICT002', '2023-09-18', 'Present'),
('TG/2021/1022', 'ICT1212', 'ICT002', '2023-09-18', 'Present'),
('TG/2021/1023', 'ICT1212', 'ICT002', '2023-09-18', 'Present'),
('TG/2021/1024', 'ICT1212', 'ICT002', '2023-09-18', 'Present'),

('TG/2021/1011','ICT1212','ICT002','2023-09-25','Present'),
('TG/2021/1012','ICT1212','ICT002','2023-09-25','Present'),
('TG/2021/1013','ICT1212','ICT002','2023-09-25','Present'),
('TG/2021/1014','ICT1212','ICT002','2023-09-25','Present'),
('TG/2021/1015','ICT1212','ICT002','2023-09-25','Present'),
('TG/2021/1016','ICT1212','ICT002','2023-09-25','Present'),
('TG/2021/1017','ICT1212','ICT002','2023-09-25','Present'),
('TG/2021/1018','ICT1212','ICT002','2023-09-25','Present'),
('TG/2021/1019','ICT1212','ICT002','2023-09-25','Present'),
('TG/2021/1020','ICT1212','ICT002','2023-09-25','Present'),
('TG/2021/1021','ICT1212','ICT002','2023-09-25','Present'),
('TG/2021/1022','ICT1212','ICT002','2023-09-25','Present'),
('TG/2021/1023','ICT1212','ICT002','2023-09-25','Present'),
('TG/2021/1024','ICT1212','ICT002','2023-09-25','Present'),


('TG/2021/1011','ICT1212','ICT002','2023-10-02','Present'),
('TG/2021/1012','ICT1212','ICT002','2023-10-02','Present'),
('TG/2021/1013','ICT1212','ICT002','2023-10-02','Present'),
('TG/2021/1014','ICT1212','ICT002','2023-10-02','Present'),
('TG/2021/1015','ICT1212','ICT002','2023-10-02','Present'),
('TG/2021/1016','ICT1212','ICT002','2023-10-02','Present'),
('TG/2021/1017','ICT1212','ICT002','2023-10-02','Present'),
('TG/2021/1018','ICT1212','ICT002','2023-10-02','Present'),
('TG/2021/1019','ICT1212','ICT002','2023-10-02','Present'),
('TG/2021/1020','ICT1212','ICT002','2023-10-02','Present'),
('TG/2021/1021','ICT1212','ICT002','2023-10-02','Present'),
('TG/2021/1022','ICT1212','ICT002','2023-10-02','Present'),
('TG/2021/1023','ICT1212','ICT002','2023-10-02','Present'),
('TG/2021/1024','ICT1212','ICT002','2023-10-02','Present'),

('TG/2021/1011','ICT1212','ICT002','2023-10-09','Present'),
('TG/2021/1012','ICT1212','ICT002','2023-10-09','Present'),
('TG/2021/1013','ICT1212','ICT002','2023-10-09','Present'),
('TG/2021/1014','ICT1212','ICT002','2023-10-09','Present'),
('TG/2021/1015','ICT1212','ICT002','2023-10-09','Present'),
('TG/2021/1016','ICT1212','ICT002','2023-10-09','Present'),
('TG/2021/1017','ICT1212','ICT002','2023-10-09','Present'),
('TG/2021/1018','ICT1212','ICT002','2023-10-09','Present'),
('TG/2021/1019','ICT1212','ICT002','2023-10-09','Present'),
('TG/2021/1020','ICT1212','ICT002','2023-10-09','Present'),
('TG/2021/1021','ICT1212','ICT002','2023-10-09','Present'),
('TG/2021/1022','ICT1212','ICT002','2023-10-09','Present'),
('TG/2021/1023','ICT1212','ICT002','2023-10-09','Present'),
('TG/2021/1024','ICT1212','ICT002','2023-10-09','Present'),

('TG/2021/1011','ICT1212','ICT002','2023-10-16','Present'),
('TG/2021/1012','ICT1212','ICT002','2023-10-16','Present'),
('TG/2021/1013','ICT1212','ICT002','2023-10-16','Present'),
('TG/2021/1014','ICT1212','ICT002','2023-10-16','Present'),
('TG/2021/1015','ICT1212','ICT002','2023-10-16','Present'),
('TG/2021/1016','ICT1212','ICT002','2023-10-16','Present'),
('TG/2021/1017','ICT1212','ICT002','2023-10-16','Present'),
('TG/2021/1018','ICT1212','ICT002','2023-10-16','Present'),
('TG/2021/1019','ICT1212','ICT002','2023-10-16','Present'),
('TG/2021/1020','ICT1212','ICT002','2023-10-16','Present'),
('TG/2021/1021','ICT1212','ICT002','2023-10-16','Present'),
('TG/2021/1022','ICT1212','ICT002','2023-10-16','Present'),
('TG/2021/1023','ICT1212','ICT002','2023-10-16','Present'),
('TG/2021/1024','ICT1212','ICT002','2023-10-16','Present'),

('TG/2021/1011','ICT1212','ICT002','2023-10-23','Present'),
('TG/2021/1012','ICT1212','ICT002','2023-10-23','Present'),
('TG/2021/1013','ICT1212','ICT002','2023-10-23','Present'),
('TG/2021/1014','ICT1212','ICT002','2023-10-23','Present'),
('TG/2021/1015','ICT1212','ICT002','2023-10-23','Present'),
('TG/2021/1016','ICT1212','ICT002','2023-10-23','Present'),
('TG/2021/1017','ICT1212','ICT002','2023-10-23','Present'),
('TG/2021/1018','ICT1212','ICT002','2023-10-23','Present'),
('TG/2021/1019','ICT1212','ICT002','2023-10-23','Present'),
('TG/2021/1020','ICT1212','ICT002','2023-10-23','Present'),
('TG/2021/1021','ICT1212','ICT002','2023-10-23','Present'),
('TG/2021/1022','ICT1212','ICT002','2023-10-23','Present'),
('TG/2021/1023','ICT1212','ICT002','2023-10-23','Present'),
('TG/2021/1024','ICT1212','ICT002','2023-10-23','Present'),

('TG/2021/1011','ICT1212','ICT002','2023-10-30','Present'),
('TG/2021/1012','ICT1212','ICT002','2023-10-30','Present'),
('TG/2021/1013','ICT1212','ICT002','2023-10-30','Present'),
('TG/2021/1014','ICT1212','ICT002','2023-10-30','Present'),
('TG/2021/1015','ICT1212','ICT002','2023-10-30','Present'),
('TG/2021/1016','ICT1212','ICT002','2023-10-30','Present'),
('TG/2021/1017','ICT1212','ICT002','2023-10-30','Present'),
('TG/2021/1018','ICT1212','ICT002','2023-10-30','Present'),
('TG/2021/1019','ICT1212','ICT002','2023-10-30','Present'),
('TG/2021/1020','ICT1212','ICT002','2023-10-30','Present'),
('TG/2021/1021','ICT1212','ICT002','2023-10-30','Present'),
('TG/2021/1022','ICT1212','ICT002','2023-10-30','Present'),
('TG/2021/1023','ICT1212','ICT002','2023-10-30','Present'),
('TG/2021/1024','ICT1212','ICT002','2023-10-30','Present'),



('TG/2021/1011','ICT1212','ICT002','2023-11-06','Present'),
('TG/2021/1012','ICT1212','ICT002','2023-11-06','Present'),
('TG/2021/1013','ICT1212','ICT002','2023-11-06','Present'),
('TG/2021/1014','ICT1212','ICT002','2023-11-06','Present'),
('TG/2021/1015','ICT1212','ICT002','2023-11-06','Present'),
('TG/2021/1016','ICT1212','ICT002','2023-11-06','Present'),
('TG/2021/1017','ICT1212','ICT002','2023-11-06','Present'),
('TG/2021/1018','ICT1212','ICT002','2023-11-06','Present'),
('TG/2021/1019','ICT1212','ICT002','2023-11-06','Present'),
('TG/2021/1020','ICT1212','ICT002','2023-11-06','Present'),
('TG/2021/1021','ICT1212','ICT002','2023-11-06','Present'),
('TG/2021/1022','ICT1212','ICT002','2023-11-06','Present'),
('TG/2021/1023','ICT1212','ICT002','2023-11-06','Present'),
('TG/2021/1024','ICT1212','ICT002','2023-11-06','Present'),

('TG/2021/1011','ICT1212','ICT002','2023-11-13','Present'),
('TG/2021/1012','ICT1212','ICT002','2023-11-13','Present'),
('TG/2021/1013','ICT1212','ICT002','2023-11-13','Present'),
('TG/2021/1014','ICT1212','ICT002','2023-11-13','Present'),
('TG/2021/1015','ICT1212','ICT002','2023-11-13','Present'),
('TG/2021/1016','ICT1212','ICT002','2023-11-13','Present'),
('TG/2021/1017','ICT1212','ICT002','2023-11-13','Present'),
('TG/2021/1018','ICT1212','ICT002','2023-11-13','Present'),
('TG/2021/1019','ICT1212','ICT002','2023-11-13','Present'),
('TG/2021/1020','ICT1212','ICT002','2023-11-13','Present'),
('TG/2021/1021','ICT1212','ICT002','2023-11-13','Present'),
('TG/2021/1022','ICT1212','ICT002','2023-11-13','Present'),
('TG/2021/1023','ICT1212','ICT002','2023-11-13','Present'),
('TG/2021/1024','ICT1212','ICT002','2023-11-13','Present'),


('TG/2021/1010','ICT1222','ICT002','2023-07-03','Present'),
('TG/2021/1011','ICT1222','ICT002','2023-07-03','Present'),
('TG/2021/1012','ICT1222','ICT002','2023-07-03','Present'),
('TG/2021/1013','ICT1222','ICT002','2023-07-03','Present'),
('TG/2021/1014','ICT1222','ICT002','2023-07-03','Present'),
('TG/2021/1015','ICT1222','ICT002','2023-07-03','Present'),
('TG/2021/1016','ICT1222','ICT002','2023-07-03','Present'),
('TG/2021/1017','ICT1222','ICT002','2023-07-03','Present'),
('TG/2021/1018','ICT1222','ICT002','2023-07-03','Present'),
('TG/2021/1019','ICT1222','ICT002','2023-07-03','Present'),
('TG/2021/1020','ICT1222','ICT002','2023-07-03','Present'),
('TG/2021/1021','ICT1222','ICT002','2023-07-03','Present'),
('TG/2021/1022','ICT1222','ICT002','2023-07-03','Present'),
('TG/2021/1023','ICT1222','ICT002','2023-07-03','Present'),
('TG/2021/1024','ICT1222','ICT002','2023-07-03','Present'),


('TG/2021/1010','ICT1222','ICT002','2023-07-10','Present'),
('TG/2021/1011','ICT1222','ICT002','2023-07-10','Present'),
('TG/2021/1012','ICT1222','ICT002','2023-07-10','Present'),
('TG/2021/1013','ICT1222','ICT002','2023-07-10','Present'),
('TG/2021/1014','ICT1222','ICT002','2023-07-10','Present'),
('TG/2021/1015','ICT1222','ICT002','2023-07-10','Present'),
('TG/2021/1016','ICT1222','ICT002','2023-07-10','Present'),
('TG/2021/1017','ICT1222','ICT002','2023-07-10','Present'),
('TG/2021/1018','ICT1222','ICT002','2023-07-10','Present'),
('TG/2021/1019','ICT1222','ICT002','2023-07-10','Present'),
('TG/2021/1020','ICT1222','ICT002','2023-07-10','Present'),
('TG/2021/1021','ICT1222','ICT002','2023-07-10','Present'),
('TG/2021/1022','ICT1222','ICT002','2023-07-10','Present'),
('TG/2021/1023','ICT1222','ICT002','2023-07-10','Present'),
('TG/2021/1024','ICT1222','ICT002','2023-07-10','Present'),


('TG/2021/1010','ICT1222','ICT002','2023-07-17','Present'),
('TG/2021/1011','ICT1222','ICT002','2023-07-17','Present'),
('TG/2021/1012','ICT1222','ICT002','2023-07-17','Present'),
('TG/2021/1013','ICT1222','ICT002','2023-07-17','Present'),
('TG/2021/1014','ICT1222','ICT002','2023-07-17','Present'),
('TG/2021/1015','ICT1222','ICT002','2023-07-17','Present'),
('TG/2021/1016','ICT1222','ICT002','2023-07-17','Present'),
('TG/2021/1017','ICT1222','ICT002','2023-07-17','Present'),
('TG/2021/1018','ICT1222','ICT002','2023-07-17','Present'),
('TG/2021/1019','ICT1222','ICT002','2023-07-17','Present'),
('TG/2021/1020','ICT1222','ICT002','2023-07-17','Present'),
('TG/2021/1021','ICT1222','ICT002','2023-07-17','Present'),
('TG/2021/1022','ICT1222','ICT002','2023-07-17','Present'),
('TG/2021/1023','ICT1222','ICT002','2023-07-17','Present'),
('TG/2021/1024','ICT1222','ICT002','2023-07-17','Present'),


('TG/2021/1010','ICT1222','ICT002','2023-07-24','Present'),
('TG/2021/1011','ICT1222','ICT002','2023-07-24','Present'),
('TG/2021/1012','ICT1222','ICT002','2023-07-24','Present'),
('TG/2021/1013','ICT1222','ICT002','2023-07-24','Present'),
('TG/2021/1014','ICT1222','ICT002','2023-07-24','Present'),
('TG/2021/1015','ICT1222','ICT002','2023-07-24','Present'),
('TG/2021/1016','ICT1222','ICT002','2023-07-24','Present'),
('TG/2021/1017','ICT1222','ICT002','2023-07-24','Present'),
('TG/2021/1018','ICT1222','ICT002','2023-07-24','Present'),
('TG/2021/1019','ICT1222','ICT002','2023-07-24','Present'),
('TG/2021/1020','ICT1222','ICT002','2023-07-24','Present'),
('TG/2021/1021','ICT1222','ICT002','2023-07-24','Present'),
('TG/2021/1022','ICT1222','ICT002','2023-07-24','Present'),
('TG/2021/1023','ICT1222','ICT002','2023-07-24','Present'),
('TG/2021/1024','ICT1222','ICT002','2023-07-24','Present'),


('TG/2021/1010','ICT1222','ICT002','2023-07-31','Present'),
('TG/2021/1011','ICT1222','ICT002','2023-07-31','Present'),
('TG/2021/1012','ICT1222','ICT002','2023-07-31','Present'),
('TG/2021/1013','ICT1222','ICT002','2023-07-31','Present'),
('TG/2021/1014','ICT1222','ICT002','2023-07-31','Present'),
('TG/2021/1015','ICT1222','ICT002','2023-07-31','Present'),
('TG/2021/1016','ICT1222','ICT002','2023-07-31','Present'),
('TG/2021/1017','ICT1222','ICT002','2023-07-31','Present'),
('TG/2021/1018','ICT1222','ICT002','2023-07-31','Present'),
('TG/2021/1019','ICT1222','ICT002','2023-07-31','Present'),
('TG/2021/1020','ICT1222','ICT002','2023-07-31','Present'),
('TG/2021/1021','ICT1222','ICT002','2023-07-31','Present'),
('TG/2021/1022','ICT1222','ICT002','2023-07-31','Present'),
('TG/2021/1023','ICT1222','ICT002','2023-07-31','Present'),
('TG/2021/1024','ICT1222','ICT002','2023-07-31','Present'),



('TG/2021/1010','ICT1222','ICT002','2023-08-07','Present'),
('TG/2021/1011','ICT1222','ICT002','2023-08-07','Present'),
('TG/2021/1012','ICT1222','ICT002','2023-08-07','Present'),
('TG/2021/1013','ICT1222','ICT002','2023-08-07','Present'),
('TG/2021/1014','ICT1222','ICT002','2023-08-07','Present'),
('TG/2021/1015','ICT1222','ICT002','2023-08-07','Present'),
('TG/2021/1016','ICT1222','ICT002','2023-08-07','Present'),
('TG/2021/1017','ICT1222','ICT002','2023-08-07','Present'),
('TG/2021/1018','ICT1222','ICT002','2023-08-07','Present'),
('TG/2021/1019','ICT1222','ICT002','2023-08-07','Present'),
('TG/2021/1020','ICT1222','ICT002','2023-08-07','Present'),
('TG/2021/1021','ICT1222','ICT002','2023-08-07','Present'),
('TG/2021/1022','ICT1222','ICT002','2023-08-07','Present'),
('TG/2021/1023','ICT1222','ICT002','2023-08-07','Present'),
('TG/2021/1024','ICT1222','ICT002','2023-08-07','Present'),


('TG/2021/1010','ICT1222','ICT002','2023-08-14','Present'),
('TG/2021/1011','ICT1222','ICT002','2023-08-14','Present'),
('TG/2021/1012','ICT1222','ICT002','2023-08-14','Present'),
('TG/2021/1013','ICT1222','ICT002','2023-08-14','Present'),
('TG/2021/1014','ICT1222','ICT002','2023-08-14','Present'),
('TG/2021/1015','ICT1222','ICT002','2023-08-14','Present'),
('TG/2021/1016','ICT1222','ICT002','2023-08-14','Present'),
('TG/2021/1017','ICT1222','ICT002','2023-08-14','Present'),
('TG/2021/1018','ICT1222','ICT002','2023-08-14','Present'),
('TG/2021/1019','ICT1222','ICT002','2023-08-14','Present'),
('TG/2021/1020','ICT1222','ICT002','2023-08-14','Present'),
('TG/2021/1021','ICT1222','ICT002','2023-08-14','Present'),
('TG/2021/1022','ICT1222','ICT002','2023-08-14','Present'),
('TG/2021/1023','ICT1222','ICT002','2023-08-14','Present'),
('TG/2021/1024','ICT1222','ICT002','2023-08-14','Present'),


('TG/2021/1010','ICT1222','ICT002','2023-08-21','Present'),
('TG/2021/1011','ICT1222','ICT002','2023-08-21','Present'),
('TG/2021/1012','ICT1222','ICT002','2023-08-21','Present'),
('TG/2021/1013','ICT1222','ICT002','2023-08-21','Present'),
('TG/2021/1014','ICT1222','ICT002','2023-08-21','Present'),
('TG/2021/1015','ICT1222','ICT002','2023-08-21','Present'),
('TG/2021/1016','ICT1222','ICT002','2023-08-21','Present'),
('TG/2021/1017','ICT1222','ICT002','2023-08-21','Present'),
('TG/2021/1018','ICT1222','ICT002','2023-08-21','Present'),
('TG/2021/1019','ICT1222','ICT002','2023-08-21','Present'),
('TG/2021/1020','ICT1222','ICT002','2023-08-21','Present'),
('TG/2021/1021','ICT1222','ICT002','2023-08-21','Present'),
('TG/2021/1022','ICT1222','ICT002','2023-08-21','Present'),
('TG/2021/1023','ICT1222','ICT002','2023-08-21','Present'),
('TG/2021/1024','ICT1222','ICT002','2023-08-21','Present'),


('TG/2021/1010','ICT1222','ICT002','2023-08-28','Present'),
('TG/2021/1011','ICT1222','ICT002','2023-08-28','Present'),
('TG/2021/1012','ICT1222','ICT002','2023-08-28','Present'),
('TG/2021/1013','ICT1222','ICT002','2023-08-28','Present'),
('TG/2021/1014','ICT1222','ICT002','2023-08-28','Present'),
('TG/2021/1015','ICT1222','ICT002','2023-08-28','Present'),
('TG/2021/1016','ICT1222','ICT002','2023-08-28','Present'),
('TG/2021/1017','ICT1222','ICT002','2023-08-28','Present'),
('TG/2021/1018','ICT1222','ICT002','2023-08-28','Present'),
('TG/2021/1019','ICT1222','ICT002','2023-08-28','Present'),
('TG/2021/1020','ICT1222','ICT002','2023-08-28','Present'),
('TG/2021/1021','ICT1222','ICT002','2023-08-28','Present'),
('TG/2021/1022','ICT1222','ICT002','2023-08-28','Present'),
('TG/2021/1023','ICT1222','ICT002','2023-08-28','Present'),
('TG/2021/1024','ICT1222','ICT002','2023-08-28','Present'),



('TG/2021/1010','ICT1222','ICT002','2023-08-07','Present'),
('TG/2021/1011','ICT1222','ICT002','2023-09-04','Present'),
('TG/2021/1012','ICT1222','ICT002','2023-09-04','Present'),
('TG/2021/1013','ICT1222','ICT002','2023-09-04','Present'),
('TG/2021/1014','ICT1222','ICT002','2023-09-04','Present'),
('TG/2021/1015','ICT1222','ICT002','2023-09-04','Present'),
('TG/2021/1016','ICT1222','ICT002','2023-09-04','Present'),
('TG/2021/1017','ICT1222','ICT002','2023-09-04','Present'),
('TG/2021/1018','ICT1222','ICT002','2023-09-04','Present'),
('TG/2021/1019','ICT1222','ICT002','2023-09-04','Present'),
('TG/2021/1020','ICT1222','ICT002','2023-09-04','Present'),
('TG/2021/1021','ICT1222','ICT002','2023-09-04','Present'),
('TG/2021/1022','ICT1222','ICT002','2023-09-04','Present'),
('TG/2021/1023','ICT1222','ICT002','2023-09-04','Present'),
('TG/2021/1024','ICT1222','ICT002','2023-09-04','Present'),


('TG/2021/1011','ICT1222','ICT002','2023-09-11','Present'),
('TG/2021/1012','ICT1222','ICT002','2023-09-11','Present'),
('TG/2021/1013','ICT1222','ICT002','2023-09-11','Present'),
('TG/2021/1014','ICT1222','ICT002','2023-09-11','Present'),
('TG/2021/1015','ICT1222','ICT002','2023-09-11','Present'),
('TG/2021/1016','ICT1222','ICT002','2023-09-11','Present'),
('TG/2021/1017','ICT1222','ICT002','2023-09-11','Present'),
('TG/2021/1018','ICT1222','ICT002','2023-09-11','Present'),
('TG/2021/1019','ICT1222','ICT002','2023-09-11','Present'),
('TG/2021/1020','ICT1222','ICT002','2023-09-11','Present'),
('TG/2021/1021','ICT1222','ICT002','2023-09-11','Present'),
('TG/2021/1022','ICT1222','ICT002','2023-09-11','Present'),
('TG/2021/1023','ICT1222','ICT002','2023-09-11','Present'),
('TG/2021/1024','ICT1222','ICT002','2023-09-11','Present'),2

('TG/2021/1011','ICT1222','ICT002','2023-09-18','Present'),
('TG/2021/1012','ICT1222','ICT002','2023-09-18','Present'),
('TG/2021/1013','ICT1222','ICT002','2023-09-18','Present'),
('TG/2021/1014','ICT1222','ICT002','2023-09-18','Present'),
('TG/2021/1015','ICT1222','ICT002','2023-09-18','Present'),
('TG/2021/1016','ICT1222','ICT002','2023-09-18','Present'),
('TG/2021/1017','ICT1222','ICT002','2023-09-18','Present'),
('TG/2021/1018','ICT1222','ICT002','2023-09-18','Present'),
('TG/2021/1019','ICT1222','ICT002','2023-09-18','Present'),
('TG/2021/1020','ICT1222','ICT002','2023-09-18','Present'),
('TG/2021/1021','ICT1222','ICT002','2023-09-18','Present'),
('TG/2021/1022','ICT1222','ICT002','2023-09-18','Present'),
('TG/2021/1023','ICT1222','ICT002','2023-09-18','Present'),
('TG/2021/1024','ICT1222','ICT002','2023-09-18','Present'),


('TG/2021/1011','ICT1222','ICT002','2023-09-25','Present'),
('TG/2021/1012','ICT1222','ICT002','2023-09-25','Present'),
('TG/2021/1013','ICT1222','ICT002','2023-09-25','Present'),
('TG/2021/1014','ICT1222','ICT002','2023-09-25','Present'),
('TG/2021/1015','ICT1222','ICT002','2023-09-25','Present'),
('TG/2021/1016','ICT1222','ICT002','2023-09-25','Present'),
('TG/2021/1017','ICT1222','ICT002','2023-09-25','Present'),
('TG/2021/1018','ICT1222','ICT002','2023-09-25','Present'),
('TG/2021/1019','ICT1222','ICT002','2023-09-25','Present'),
('TG/2021/1020','ICT1222','ICT002','2023-09-25','Present'),
('TG/2021/1021','ICT1222','ICT002','2023-09-25','Present'),
('TG/2021/1022','ICT1222','ICT002','2023-09-25','Present'),
('TG/2021/1023','ICT1222','ICT002','2023-09-25','Present'),
('TG/2021/1024','ICT1222','ICT002','2023-09-25','Present'),



('TG/2021/1011','ICT1222','ICT002','2023-10-02','Present'),
('TG/2021/1012','ICT1222','ICT002','2023-10-02','Present'),
('TG/2021/1013','ICT1222','ICT002','2023-10-02','Present'),
('TG/2021/1014','ICT1222','ICT002','2023-10-02','Present'),
('TG/2021/1015','ICT1222','ICT002','2023-10-02','Present'),
('TG/2021/1016','ICT1222','ICT002','2023-10-02','Present'),
('TG/2021/1017','ICT1222','ICT002','2023-10-02','Present'),
('TG/2021/1018','ICT1222','ICT002','2023-10-02','Present'),
('TG/2021/1019','ICT1222','ICT002','2023-10-02','Present'),
('TG/2021/1020','ICT1222','ICT002','2023-10-02','Present'),
('TG/2021/1021','ICT1222','ICT002','2023-10-02','Present'),
('TG/2021/1022','ICT1222','ICT002','2023-10-02','Present'),
('TG/2021/1023','ICT1222','ICT002','2023-10-02','Present'),
('TG/2021/1024','ICT1222','ICT002','2023-10-02','Present'),


('TG/2021/1011','ICT1222','ICT002','2023-10-09','Present'),
('TG/2021/1012','ICT1222','ICT002','2023-10-09','Present'),
('TG/2021/1013','ICT1222','ICT002','2023-10-09','Present'),
('TG/2021/1014','ICT1222','ICT002','2023-10-09','Present'),
('TG/2021/1015','ICT1222','ICT002','2023-10-09','Present'),
('TG/2021/1016','ICT1222','ICT002','2023-10-09','Present'),
('TG/2021/1017','ICT1222','ICT002','2023-10-09','Present'),
('TG/2021/1018','ICT1222','ICT002','2023-10-09','Present'),
('TG/2021/1019','ICT1222','ICT002','2023-10-09','Present'),
('TG/2021/1020','ICT1222','ICT002','2023-10-09','Present'),
('TG/2021/1021','ICT1222','ICT002','2023-10-09','Present'),
('TG/2021/1022','ICT1222','ICT002','2023-10-09','Present'),
('TG/2021/1023','ICT1222','ICT002','2023-10-09','Present'),
('TG/2021/1024','ICT1222','ICT002','2023-10-09','Present'),


('TG/2021/1011','ICT1222','ICT002','2023-10-16','Present'),
('TG/2021/1012','ICT1222','ICT002','2023-10-16','Present'),
('TG/2021/1013','ICT1222','ICT002','2023-10-16','Present'),
('TG/2021/1014','ICT1222','ICT002','2023-10-16','Present'),
('TG/2021/1015','ICT1222','ICT002','2023-10-16','Present'),
('TG/2021/1016','ICT1222','ICT002','2023-10-16','Present'),
('TG/2021/1017','ICT1222','ICT002','2023-10-16','Present'),
('TG/2021/1018','ICT1222','ICT002','2023-10-16','Present'),
('TG/2021/1019','ICT1222','ICT002','2023-10-16','Present'),
('TG/2021/1020','ICT1222','ICT002','2023-10-16','Present'),
('TG/2021/1021','ICT1222','ICT002','2023-10-16','Present'),
('TG/2021/1022','ICT1222','ICT002','2023-10-16','Present'),
('TG/2021/1023','ICT1222','ICT002','2023-10-16','Present'),
('TG/2021/1024','ICT1222','ICT002','2023-10-16','Present'),


('TG/2021/1011','ICT1222','ICT002','2023-10-23','Present'),
('TG/2021/1012','ICT1222','ICT002','2023-10-23','Present'),
('TG/2021/1013','ICT1222','ICT002','2023-10-23','Present'),
('TG/2021/1014','ICT1222','ICT002','2023-10-23','Present'),
('TG/2021/1015','ICT1222','ICT002','2023-10-23','Present'),
('TG/2021/1016','ICT1222','ICT002','2023-10-23','Present'),
('TG/2021/1017','ICT1222','ICT002','2023-10-23','Present'),
('TG/2021/1018','ICT1222','ICT002','2023-10-23','Present'),
('TG/2021/1019','ICT1222','ICT002','2023-10-23','Present'),
('TG/2021/1020','ICT1222','ICT002','2023-10-23','Present'),
('TG/2021/1021','ICT1222','ICT002','2023-10-23','Present'),
('TG/2021/1022','ICT1222','ICT002','2023-10-23','Present'),
('TG/2021/1023','ICT1222','ICT002','2023-10-23','Present'),
('TG/2021/1024','ICT1222','ICT002','2023-10-23','Present'),


('TG/2021/1011','ICT1222','ICT002','2023-10-30','Present'),
('TG/2021/1012','ICT1222','ICT002','2023-10-30','Present'),
('TG/2021/1013','ICT1222','ICT002','2023-10-30','Present'),
('TG/2021/1014','ICT1222','ICT002','2023-10-30','Present'),
('TG/2021/1015','ICT1222','ICT002','2023-10-30','Present'),
('TG/2021/1016','ICT1222','ICT002','2023-10-30','Present'),
('TG/2021/1017','ICT1222','ICT002','2023-10-30','Present'),
('TG/2021/1018','ICT1222','ICT002','2023-10-30','Present'),
('TG/2021/1019','ICT1222','ICT002','2023-10-30','Present'),
('TG/2021/1020','ICT1222','ICT002','2023-10-30','Present'),
('TG/2021/1021','ICT1222','ICT002','2023-10-30','Present'),
('TG/2021/1022','ICT1222','ICT002','2023-10-30','Present'),
('TG/2021/1023','ICT1222','ICT002','2023-10-30','Present'),
('TG/2021/1024','ICT1222','ICT002','2023-10-30','Present'),


('TG/2021/1011','ICT1222','ICT002','2023-11-06','Present'),
('TG/2021/1012','ICT1222','ICT002','2023-11-06','Present'),
('TG/2021/1013','ICT1222','ICT002','2023-11-06','Present'),
('TG/2021/1014','ICT1222','ICT002','2023-11-06','Present'),
('TG/2021/1015','ICT1222','ICT002','2023-11-06','Present'),
('TG/2021/1016','ICT1222','ICT002','2023-11-06','Present'),
('TG/2021/1017','ICT1222','ICT002','2023-11-06','Present'),
('TG/2021/1018','ICT1222','ICT002','2023-11-06','Present'),
('TG/2021/1019','ICT1222','ICT002','2023-11-06','Present'),
('TG/2021/1020','ICT1222','ICT002','2023-11-06','Present'),
('TG/2021/1021','ICT1222','ICT002','2023-11-06','Present'),
('TG/2021/1022','ICT1222','ICT002','2023-11-06','Present'),
('TG/2021/1023','ICT1222','ICT002','2023-11-06','Present'),
('TG/2021/1024','ICT1222','ICT002','2023-11-06','Present'),


('TG/2021/1011','ICT1222','ICT002','2023-11-13','Present'),
('TG/2021/1012','ICT1222','ICT002','2023-11-13','Present'),
('TG/2021/1013','ICT1222','ICT002','2023-11-13','Present'),
('TG/2021/1014','ICT1222','ICT002','2023-11-13','Present'),
('TG/2021/1015','ICT1222','ICT002','2023-11-13','Present'),
('TG/2021/1016','ICT1222','ICT002','2023-11-13','Present'),
('TG/2021/1017','ICT1222','ICT002','2023-11-13','Present'),
('TG/2021/1018','ICT1222','ICT002','2023-11-13','Present'),
('TG/2021/1019','ICT1222','ICT002','2023-11-13','Present'),
('TG/2021/1020','ICT1222','ICT002','2023-11-13','Present'),
('TG/2021/1021','ICT1222','ICT002','2023-11-13','Present'),
('TG/2021/1022','ICT1222','ICT002','2023-11-13','Present'),
('TG/2021/1023','ICT1222','ICT002','2023-11-13','Present'),
('TG/2021/1024','ICT1222','ICT002','2023-11-13','Present'),


('TG/2021/1010','ICT1242','ICT002','2023-07-04','Present'),
('TG/2021/1011','ICT1242','ICT002','2023-07-04','Present'),
('TG/2021/1012','ICT1242','ICT002','2023-07-04','Present'),
('TG/2021/1013','ICT1242','ICT002','2023-07-04','Present'),
('TG/2021/1014','ICT1242','ICT002','2023-07-04','Present'),
('TG/2021/1015','ICT1242','ICT002','2023-07-04','Present'),
('TG/2021/1016','ICT1242','ICT002','2023-07-04','Present'),
('TG/2021/1017','ICT1242','ICT002','2023-07-04','Present'),
('TG/2021/1018','ICT1242','ICT002','2023-07-04','Present'),
('TG/2021/1019','ICT1242','ICT002','2023-07-04','Present'),
('TG/2021/1020','ICT1242','ICT002','2023-07-04','Present'),
('TG/2021/1021','ICT1242','ICT002','2023-07-04','Present'),
('TG/2021/1022','ICT1242','ICT002','2023-07-04','Present'),
('TG/2021/1023','ICT1242','ICT002','2023-07-04','Present'),
('TG/2021/1024','ICT1242','ICT002','2023-07-04','Present'),

('TG/2021/1010','ICT1242','ICT002','2023-07-11','Present'),
('TG/2021/1011','ICT1242','ICT002','2023-07-11','Present'),
('TG/2021/1012','ICT1242','ICT002','2023-07-11','Present'),
('TG/2021/1013','ICT1242','ICT002','2023-07-11','Present'),
('TG/2021/1014','ICT1242','ICT002','2023-07-11','Present'),
('TG/2021/1015','ICT1242','ICT002','2023-07-11','Present'),
('TG/2021/1016','ICT1242','ICT002','2023-07-11','Present'),
('TG/2021/1017','ICT1242','ICT002','2023-07-11','Present'),
('TG/2021/1018','ICT1242','ICT002','2023-07-11','Present'),
('TG/2021/1019','ICT1242','ICT002','2023-07-11','Present'),
('TG/2021/1020','ICT1242','ICT002','2023-07-11','Present'),
('TG/2021/1021','ICT1242','ICT002','2023-07-11','Present'),
('TG/2021/1022','ICT1242','ICT002','2023-07-11','Present'),
('TG/2021/1023','ICT1242','ICT002','2023-07-11','Present'),
('TG/2021/1024','ICT1242','ICT002','2023-07-11','Present'),

('TG/2021/1010','ICT1242','ICT002','2023-07-18','Present'),
('TG/2021/1011','ICT1242','ICT002','2023-07-18','Present'),
('TG/2021/1012','ICT1242','ICT002','2023-07-18','Present'),
('TG/2021/1013','ICT1242','ICT002','2023-07-18','Present'),
('TG/2021/1014','ICT1242','ICT002','2023-07-18','Present'),
('TG/2021/1015','ICT1242','ICT002','2023-07-18','Present'),
('TG/2021/1016','ICT1242','ICT002','2023-07-18','Present'),
('TG/2021/1017','ICT1242','ICT002','2023-07-18','Present'),
('TG/2021/1018','ICT1242','ICT002','2023-07-18','Present'),
('TG/2021/1019','ICT1242','ICT002','2023-07-18','Present'),
('TG/2021/1020','ICT1242','ICT002','2023-07-18','Present'),
('TG/2021/1021','ICT1242','ICT002','2023-07-18','Present'),
('TG/2021/1022','ICT1242','ICT002','2023-07-18','Present'),
('TG/2021/1023','ICT1242','ICT002','2023-07-18','Present'),
('TG/2021/1024','ICT1242','ICT002','2023-07-18','Present'),

('TG/2021/1010','ICT1242','ICT002','2023-07-25','Present'),
('TG/2021/1011','ICT1242','ICT002','2023-07-25','Present'),
('TG/2021/1012','ICT1242','ICT002','2023-07-25','Present'),
('TG/2021/1013','ICT1242','ICT002','2023-07-25','Present'),
('TG/2021/1014','ICT1242','ICT002','2023-07-25','Present'),
('TG/2021/1015','ICT1242','ICT002','2023-07-25','Present'),
('TG/2021/1016','ICT1242','ICT002','2023-07-25','Present'),
('TG/2021/1017','ICT1242','ICT002','2023-07-25','Present'),
('TG/2021/1018','ICT1242','ICT002','2023-07-25','Present'),
('TG/2021/1019','ICT1242','ICT002','2023-07-25','Present'),
('TG/2021/1020','ICT1242','ICT002','2023-07-25','Present'),
('TG/2021/1021','ICT1242','ICT002','2023-07-25','Present'),
('TG/2021/1022','ICT1242','ICT002','2023-07-25','Present'),
('TG/2021/1023','ICT1242','ICT002','2023-07-25','Present'),
('TG/2021/1024','ICT1242','ICT002','2023-07-25','Present'),


('TG/2021/1010','ICT1242','ICT002','2023-08-01','Present'),
('TG/2021/1011','ICT1242','ICT002','2023-08-01','Present'),
('TG/2021/1012','ICT1242','ICT002','2023-08-01','Present'),
('TG/2021/1013','ICT1242','ICT002','2023-08-01','Present'),
('TG/2021/1014','ICT1242','ICT002','2023-08-01','Present'),
('TG/2021/1015','ICT1242','ICT002','2023-08-01','Present'),
('TG/2021/1016','ICT1242','ICT002','2023-08-01','Present'),
('TG/2021/1017','ICT1242','ICT002','2023-08-01','Present'),
('TG/2021/1018','ICT1242','ICT002','2023-08-01','Present'),
('TG/2021/1019','ICT1242','ICT002','2023-08-01','Present'),
('TG/2021/1020','ICT1242','ICT002','2023-08-01','Present'),
('TG/2021/1021','ICT1242','ICT002','2023-08-01','Present'),
('TG/2021/1022','ICT1242','ICT002','2023-08-01','Present'),
('TG/2021/1023','ICT1242','ICT002','2023-08-01','Present'),
('TG/2021/1024','ICT1242','ICT002','2023-08-01','Present'),

('TG/2021/1010','ICT1242','ICT002','2023-08-08','Present'),
('TG/2021/1011','ICT1242','ICT002','2023-08-08','Present'),
('TG/2021/1012','ICT1242','ICT002','2023-08-08','Present'),
('TG/2021/1013','ICT1242','ICT002','2023-08-08','Present'),
('TG/2021/1014','ICT1242','ICT002','2023-08-08','Present'),
('TG/2021/1015','ICT1242','ICT002','2023-08-08','Present'),
('TG/2021/1016','ICT1242','ICT002','2023-08-08','Present'),
('TG/2021/1017','ICT1242','ICT002','2023-08-08','Present'),
('TG/2021/1018','ICT1242','ICT002','2023-08-08','Present'),
('TG/2021/1019','ICT1242','ICT002','2023-08-08','Present'),
('TG/2021/1020','ICT1242','ICT002','2023-08-08','Present'),
('TG/2021/1021','ICT1242','ICT002','2023-08-08','Present'),
('TG/2021/1022','ICT1242','ICT002','2023-08-08','Present'),
('TG/2021/1023','ICT1242','ICT002','2023-08-08','Present'),
('TG/2021/1024','ICT1242','ICT002','2023-08-08','Present'),

('TG/2021/1010','ICT1242','ICT002','2023-08-15','Present'),
('TG/2021/1011','ICT1242','ICT002','2023-08-15','Present'),
('TG/2021/1012','ICT1242','ICT002','2023-08-15','Present'),
('TG/2021/1013','ICT1242','ICT002','2023-08-15','Present'),
('TG/2021/1014','ICT1242','ICT002','2023-08-15','Present'),
('TG/2021/1015','ICT1242','ICT002','2023-08-15','Present'),
('TG/2021/1016','ICT1242','ICT002','2023-08-15','Present'),
('TG/2021/1017','ICT1242','ICT002','2023-08-15','Present'),
('TG/2021/1018','ICT1242','ICT002','2023-08-15','Present'),
('TG/2021/1019','ICT1242','ICT002','2023-08-15','Present'),
('TG/2021/1020','ICT1242','ICT002','2023-08-15','Present'),
('TG/2021/1021','ICT1242','ICT002','2023-08-15','Present'),
('TG/2021/1022','ICT1242','ICT002','2023-08-15','Present'),
('TG/2021/1023','ICT1242','ICT002','2023-08-15','Present'),
('TG/2021/1024','ICT1242','ICT002','2023-08-15','Present'),

('TG/2021/1010','ICT1242','ICT002','2023-08-22','Present'),
('TG/2021/1011','ICT1242','ICT002','2023-08-22','Present'),
('TG/2021/1012','ICT1242','ICT002','2023-08-22','Present'),
('TG/2021/1013','ICT1242','ICT002','2023-08-22','Present'),
('TG/2021/1014','ICT1242','ICT002','2023-08-22','Present'),
('TG/2021/1015','ICT1242','ICT002','2023-08-22','Present'),
('TG/2021/1016','ICT1242','ICT002','2023-08-22','Present'),
('TG/2021/1017','ICT1242','ICT002','2023-08-22','Present'),
('TG/2021/1018','ICT1242','ICT002','2023-08-22','Present'),
('TG/2021/1019','ICT1242','ICT002','2023-08-22','Present'),
('TG/2021/1020','ICT1242','ICT002','2023-08-22','Present'),
('TG/2021/1021','ICT1242','ICT002','2023-08-22','Present'),
('TG/2021/1022','ICT1242','ICT002','2023-08-22','Present'),
('TG/2021/1023','ICT1242','ICT002','2023-08-22','Present'),
('TG/2021/1024','ICT1242','ICT002','2023-08-22','Present'),

('TG/2021/1010','ICT1242','ICT002','2023-08-29','Present'),
('TG/2021/1011','ICT1242','ICT002','2023-08-29','Present'),
('TG/2021/1012','ICT1242','ICT002','2023-08-29','Present'),
('TG/2021/1013','ICT1242','ICT002','2023-08-29','Present'),
('TG/2021/1014','ICT1242','ICT002','2023-08-29','Present'),
('TG/2021/1015','ICT1242','ICT002','2023-08-29','Present'),
('TG/2021/1016','ICT1242','ICT002','2023-08-29','Present'),
('TG/2021/1017','ICT1242','ICT002','2023-08-29','Present'),
('TG/2021/1018','ICT1242','ICT002','2023-08-29','Present'),
('TG/2021/1019','ICT1242','ICT002','2023-08-29','Present'),
('TG/2021/1020','ICT1242','ICT002','2023-08-29','Present'),
('TG/2021/1021','ICT1242','ICT002','2023-08-29','Present'),
('TG/2021/1022','ICT1242','ICT002','2023-08-29','Present'),
('TG/2021/1023','ICT1242','ICT002','2023-08-29','Present'),
('TG/2021/1024','ICT1242','ICT002','2023-08-29','Present'),


('TG/2021/1010','ICT1242','ICT002','2023-09-05','Present'),
('TG/2021/1011','ICT1242','ICT002','2023-09-05','Present'),
('TG/2021/1012','ICT1242','ICT002','2023-09-05','Present'),
('TG/2021/1013','ICT1242','ICT002','2023-09-05','Present'),
('TG/2021/1014','ICT1242','ICT002','2023-09-05','Present'),
('TG/2021/1015','ICT1242','ICT002','2023-09-05','Present'),
('TG/2021/1016','ICT1242','ICT002','2023-09-05','Present'),
('TG/2021/1017','ICT1242','ICT002','2023-09-05','Present'),
('TG/2021/1018','ICT1242','ICT002','2023-09-05','Present'),
('TG/2021/1019','ICT1242','ICT002','2023-09-05','Present'),
('TG/2021/1020','ICT1242','ICT002','2023-09-05','Present'),
('TG/2021/1021','ICT1242','ICT002','2023-09-05','Present'),
('TG/2021/1022','ICT1242','ICT002','2023-09-05','Present'),
('TG/2021/1023','ICT1242','ICT002','2023-09-05','Present'),
('TG/2021/1024','ICT1242','ICT002','2023-09-05','Present'),

('TG/2021/1010','ICT1242','ICT002','2023-09-12','Present'),
('TG/2021/1011','ICT1242','ICT002','2023-09-12','Present'),
('TG/2021/1012','ICT1242','ICT002','2023-09-12','Present'),
('TG/2021/1013','ICT1242','ICT002','2023-09-12','Present'),
('TG/2021/1014','ICT1242','ICT002','2023-09-12','Present'),
('TG/2021/1015','ICT1242','ICT002','2023-09-12','Present'),
('TG/2021/1016','ICT1242','ICT002','2023-09-12','Present'),
('TG/2021/1017','ICT1242','ICT002','2023-09-12','Present'),
('TG/2021/1018','ICT1242','ICT002','2023-09-12','Present'),
('TG/2021/1019','ICT1242','ICT002','2023-09-12','Present'),
('TG/2021/1020','ICT1242','ICT002','2023-09-12','Present'),
('TG/2021/1021','ICT1242','ICT002','2023-09-12','Present'),
('TG/2021/1022','ICT1242','ICT002','2023-09-12','Present'),
('TG/2021/1023','ICT1242','ICT002','2023-09-12','Present'),
('TG/2021/1024','ICT1242','ICT002','2023-09-12','Present'),

('TG/2021/1010','ICT1242','ICT002','2023-09-19','Present'),
('TG/2021/1011','ICT1242','ICT002','2023-09-19','Present'),
('TG/2021/1012','ICT1242','ICT002','2023-09-19','Present'),
('TG/2021/1013','ICT1242','ICT002','2023-09-19','Present'),
('TG/2021/1014','ICT1242','ICT002','2023-09-19','Present'),
('TG/2021/1015','ICT1242','ICT002','2023-09-19','Present'),
('TG/2021/1016','ICT1242','ICT002','2023-09-19','Present'),
('TG/2021/1017','ICT1242','ICT002','2023-09-19','Present'),
('TG/2021/1018','ICT1242','ICT002','2023-09-19','Present'),
('TG/2021/1019','ICT1242','ICT002','2023-09-19','Present'),
('TG/2021/1020','ICT1242','ICT002','2023-09-19','Present'),
('TG/2021/1021','ICT1242','ICT002','2023-09-19','Present'),
('TG/2021/1022','ICT1242','ICT002','2023-09-19','Present'),
('TG/2021/1023','ICT1242','ICT002','2023-09-19','Present'),
('TG/2021/1024','ICT1242','ICT002','2023-09-19','Present'),

('TG/2021/1010','ICT1242','ICT002','2023-09-26','Present'),
('TG/2021/1011','ICT1242','ICT002','2023-09-26','Present'),
('TG/2021/1012','ICT1242','ICT002','2023-09-26','Present'),
('TG/2021/1013','ICT1242','ICT002','2023-09-26','Present'),
('TG/2021/1014','ICT1242','ICT002','2023-09-26','Present'),
('TG/2021/1015','ICT1242','ICT002','2023-09-26','Present'),
('TG/2021/1016','ICT1242','ICT002','2023-09-26','Present'),
('TG/2021/1017','ICT1242','ICT002','2023-09-26','Present'),
('TG/2021/1018','ICT1242','ICT002','2023-09-26','Present'),
('TG/2021/1019','ICT1242','ICT002','2023-09-26','Present'),
('TG/2021/1020','ICT1242','ICT002','2023-09-26','Present'),
('TG/2021/1021','ICT1242','ICT002','2023-09-26','Present'),
('TG/2021/1022','ICT1242','ICT002','2023-09-26','Present'),
('TG/2021/1023','ICT1242','ICT002','2023-09-26','Present'),
('TG/2021/1024','ICT1242','ICT002','2023-09-26','Present'),


('TG/2021/1010','ICT1242','ICT002','2023-10-03','Present'),
('TG/2021/1011','ICT1242','ICT002','2023-10-03','Present'),
('TG/2021/1012','ICT1242','ICT002','2023-10-03','Present'),
('TG/2021/1013','ICT1242','ICT002','2023-10-03','Present'),
('TG/2021/1014','ICT1242','ICT002','2023-10-03','Present'),
('TG/2021/1015','ICT1242','ICT002','2023-10-03','Present'),
('TG/2021/1016','ICT1242','ICT002','2023-10-03','Present'),
('TG/2021/1017','ICT1242','ICT002','2023-10-03','Present'),
('TG/2021/1018','ICT1242','ICT002','2023-10-03','Present'),
('TG/2021/1019','ICT1242','ICT002','2023-10-03','Present'),
('TG/2021/1020','ICT1242','ICT002','2023-10-03','Present'),
('TG/2021/1021','ICT1242','ICT002','2023-10-03','Present'),
('TG/2021/1022','ICT1242','ICT002','2023-10-03','Present'),
('TG/2021/1023','ICT1242','ICT002','2023-10-03','Present'),
('TG/2021/1024','ICT1242','ICT002','2023-10-03','Present'),

('TG/2021/1010','ICT1242','ICT002','2023-10-10','Present'),
('TG/2021/1011','ICT1242','ICT002','2023-10-10','Present'),
('TG/2021/1012','ICT1242','ICT002','2023-10-10','Present'),
('TG/2021/1013','ICT1242','ICT002','2023-10-10','Present'),
('TG/2021/1014','ICT1242','ICT002','2023-10-10','Present'),
('TG/2021/1015','ICT1242','ICT002','2023-10-10','Present'),
('TG/2021/1016','ICT1242','ICT002','2023-10-10','Present'),
('TG/2021/1017','ICT1242','ICT002','2023-10-10','Present'),
('TG/2021/1018','ICT1242','ICT002','2023-10-10','Present'),
('TG/2021/1019','ICT1242','ICT002','2023-10-10','Present'),
('TG/2021/1020','ICT1242','ICT002','2023-10-10','Present'),
('TG/2021/1021','ICT1242','ICT002','2023-10-10','Present'),
('TG/2021/1022','ICT1242','ICT002','2023-10-10','Present'),
('TG/2021/1023','ICT1242','ICT002','2023-10-10','Present'),
('TG/2021/1024','ICT1242','ICT002','2023-10-10','Present'),


('TG/2021/1010','ICT1253','ICT002','2023-07-04','Present'),
('TG/2021/1011','ICT1253','ICT002','2023-07-04','Present'),
('TG/2021/1012','ICT1253','ICT002','2023-07-04','Present'),
('TG/2021/1013','ICT1253','ICT002','2023-07-04','Present'),
('TG/2021/1014','ICT1253','ICT002','2023-07-04','Present'),
('TG/2021/1015','ICT1253','ICT002','2023-07-04','Present'),
('TG/2021/1016','ICT1253','ICT002','2023-07-04','Present'),
('TG/2021/1017','ICT1253','ICT002','2023-07-04','Present'),
('TG/2021/1018','ICT1253','ICT002','2023-07-04','Present'),
('TG/2021/1019','ICT1253','ICT002','2023-07-04','Present'),
('TG/2021/1020','ICT1253','ICT002','2023-07-04','Present'),
('TG/2021/1021','ICT1253','ICT002','2023-07-04','Present'),
('TG/2021/1022','ICT1253','ICT002','2023-07-04','Present'),
('TG/2021/1023','ICT1253','ICT002','2023-07-04','Present'),
('TG/2021/1024','ICT1253','ICT002','2023-07-04','Present'),

('TG/2021/1010','ICT1253','ICT002','2023-07-11','Present'),
('TG/2021/1011','ICT1253','ICT002','2023-07-11','Present'),
('TG/2021/1012','ICT1253','ICT002','2023-07-11','Present'),
('TG/2021/1013','ICT1253','ICT002','2023-07-11','Present'),
('TG/2021/1014','ICT1253','ICT002','2023-07-11','Present'),
('TG/2021/1015','ICT1253','ICT002','2023-07-11','Present'),
('TG/2021/1016','ICT1253','ICT002','2023-07-11','Present'),
('TG/2021/1017','ICT1253','ICT002','2023-07-11','Present'),
('TG/2021/1018','ICT1253','ICT002','2023-07-11','Present'),
('TG/2021/1019','ICT1253','ICT002','2023-07-11','Present'),
('TG/2021/1020','ICT1253','ICT002','2023-07-11','Present'),
('TG/2021/1021','ICT1253','ICT002','2023-07-11','Present'),
('TG/2021/1022','ICT1253','ICT002','2023-07-11','Present'),
('TG/2021/1023','ICT1253','ICT002','2023-07-11','Present'),
('TG/2021/1024','ICT1253','ICT002','2023-07-11','Present'),

('TG/2021/1010','ICT1253','ICT002','2023-07-18','Present'),
('TG/2021/1011','ICT1253','ICT002','2023-07-18','Present'),
('TG/2021/1012','ICT1253','ICT002','2023-07-18','Present'),
('TG/2021/1013','ICT1253','ICT002','2023-07-18','Present'),
('TG/2021/1014','ICT1253','ICT002','2023-07-18','Present'),
('TG/2021/1015','ICT1253','ICT002','2023-07-18','Present'),
('TG/2021/1016','ICT1253','ICT002','2023-07-18','Present'),
('TG/2021/1017','ICT1253','ICT002','2023-07-18','Present'),
('TG/2021/1018','ICT1253','ICT002','2023-07-18','Present'),
('TG/2021/1019','ICT1253','ICT002','2023-07-18','Present'),
('TG/2021/1020','ICT1253','ICT002','2023-07-18','Present'),
('TG/2021/1021','ICT1253','ICT002','2023-07-18','Present'),
('TG/2021/1022','ICT1253','ICT002','2023-07-18','Present'),
('TG/2021/1023','ICT1253','ICT002','2023-07-18','Present'),
('TG/2021/1024','ICT1253','ICT002','2023-07-18','Present'),

('TG/2021/1010','ICT1253','ICT002','2023-07-25','Present'),
('TG/2021/1011','ICT1253','ICT002','2023-07-25','Present'),
('TG/2021/1012','ICT1253','ICT002','2023-07-25','Present'),
('TG/2021/1013','ICT1253','ICT002','2023-07-25','Present'),
('TG/2021/1014','ICT1253','ICT002','2023-07-25','Present'),
('TG/2021/1015','ICT1253','ICT002','2023-07-25','Present'),
('TG/2021/1016','ICT1253','ICT002','2023-07-25','Present'),
('TG/2021/1017','ICT1253','ICT002','2023-07-25','Present'),
('TG/2021/1018','ICT1253','ICT002','2023-07-25','Present'),
('TG/2021/1019','ICT1253','ICT002','2023-07-25','Present'),
('TG/2021/1020','ICT1253','ICT002','2023-07-25','Present'),
('TG/2021/1021','ICT1253','ICT002','2023-07-25','Present'),
('TG/2021/1022','ICT1253','ICT002','2023-07-25','Present'),
('TG/2021/1023','ICT1253','ICT002','2023-07-25','Present'),
('TG/2021/1024','ICT1253','ICT002','2023-07-25','Present'),


('TG/2021/1010','ICT1253','ICT002','2023-08-01','Present'),
('TG/2021/1011','ICT1253','ICT002','2023-08-01','Present'),
('TG/2021/1012','ICT1253','ICT002','2023-08-01','Present'),
('TG/2021/1013','ICT1253','ICT002','2023-08-01','Present'),
('TG/2021/1014','ICT1253','ICT002','2023-08-01','Present'),
('TG/2021/1015','ICT1253','ICT002','2023-08-01','Present'),
('TG/2021/1016','ICT1253','ICT002','2023-08-01','Present'),
('TG/2021/1017','ICT1253','ICT002','2023-08-01','Present'),
('TG/2021/1018','ICT1253','ICT002','2023-08-01','Present'),
('TG/2021/1019','ICT1253','ICT002','2023-08-01','Present'),
('TG/2021/1020','ICT1253','ICT002','2023-08-01','Present'),
('TG/2021/1021','ICT1253','ICT002','2023-08-01','Present'),
('TG/2021/1022','ICT1253','ICT002','2023-08-01','Present'),
('TG/2021/1023','ICT1253','ICT002','2023-08-01','Present'),
('TG/2021/1024','ICT1253','ICT002','2023-08-01','Present'),

('TG/2021/1010','ICT1253','ICT002','2023-08-08','Present'),
('TG/2021/1011','ICT1253','ICT002','2023-08-08','Present'),
('TG/2021/1012','ICT1253','ICT002','2023-08-08','Present'),
('TG/2021/1013','ICT1253','ICT002','2023-08-08','Present'),
('TG/2021/1014','ICT1253','ICT002','2023-08-08','Present'),
('TG/2021/1015','ICT1253','ICT002','2023-08-08','Present'),
('TG/2021/1016','ICT1253','ICT002','2023-08-08','Present'),
('TG/2021/1017','ICT1253','ICT002','2023-08-08','Present'),
('TG/2021/1018','ICT1253','ICT002','2023-08-08','Present'),
('TG/2021/1019','ICT1253','ICT002','2023-08-08','Present'),
('TG/2021/1020','ICT1253','ICT002','2023-08-08','Present'),
('TG/2021/1021','ICT1253','ICT002','2023-08-08','Present'),
('TG/2021/1022','ICT1253','ICT002','2023-08-08','Present'),
('TG/2021/1023','ICT1253','ICT002','2023-08-08','Present'),
('TG/2021/1024','ICT1253','ICT002','2023-08-08','Present'),

('TG/2021/1010','ICT1253','ICT002','2023-08-15','Present'),
('TG/2021/1011','ICT1253','ICT002','2023-08-15','Present'),
('TG/2021/1012','ICT1253','ICT002','2023-08-15','Present'),
('TG/2021/1013','ICT1253','ICT002','2023-08-15','Present'),
('TG/2021/1014','ICT1253','ICT002','2023-08-15','Present'),
('TG/2021/1015','ICT1253','ICT002','2023-08-15','Present'),
('TG/2021/1016','ICT1253','ICT002','2023-08-15','Present'),
('TG/2021/1017','ICT1253','ICT002','2023-08-15','Present'),
('TG/2021/1018','ICT1253','ICT002','2023-08-15','Present'),
('TG/2021/1019','ICT1253','ICT002','2023-08-15','Present'),
('TG/2021/1020','ICT1253','ICT002','2023-08-15','Present'),
('TG/2021/1021','ICT1253','ICT002','2023-08-15','Present'),
('TG/2021/1022','ICT1253','ICT002','2023-08-15','Present'),
('TG/2021/1023','ICT1253','ICT002','2023-08-15','Present'),
('TG/2021/1024','ICT1253','ICT002','2023-08-15','Present'),

('TG/2021/1010','ICT1253','ICT002','2023-08-22','Present'),
('TG/2021/1011','ICT1253','ICT002','2023-08-22','Present'),
('TG/2021/1012','ICT1253','ICT002','2023-08-22','Present'),
('TG/2021/1013','ICT1253','ICT002','2023-08-22','Present'),
('TG/2021/1014','ICT1253','ICT002','2023-08-22','Present'),
('TG/2021/1015','ICT1253','ICT002','2023-08-22','Present'),
('TG/2021/1016','ICT1253','ICT002','2023-08-22','Present'),
('TG/2021/1017','ICT1253','ICT002','2023-08-22','Present'),
('TG/2021/1018','ICT1253','ICT002','2023-08-22','Present'),
('TG/2021/1019','ICT1253','ICT002','2023-08-22','Present'),
('TG/2021/1020','ICT1253','ICT002','2023-08-22','Present'),
('TG/2021/1021','ICT1253','ICT002','2023-08-22','Present'),
('TG/2021/1022','ICT1253','ICT002','2023-08-22','Present'),
('TG/2021/1023','ICT1253','ICT002','2023-08-22','Present'),
('TG/2021/1024','ICT1253','ICT002','2023-08-22','Present'),

('TG/2021/1010','ICT1253','ICT002','2023-08-29','Present'),
('TG/2021/1011','ICT1253','ICT002','2023-08-29','Present'),
('TG/2021/1012','ICT1253','ICT002','2023-08-29','Present'),
('TG/2021/1013','ICT1253','ICT002','2023-08-29','Present'),
('TG/2021/1014','ICT1253','ICT002','2023-08-29','Present'),
('TG/2021/1015','ICT1253','ICT002','2023-08-29','Present'),
('TG/2021/1016','ICT1253','ICT002','2023-08-29','Present'),
('TG/2021/1017','ICT1253','ICT002','2023-08-29','Present'),
('TG/2021/1018','ICT1253','ICT002','2023-08-29','Present'),
('TG/2021/1019','ICT1253','ICT002','2023-08-29','Present'),
('TG/2021/1020','ICT1253','ICT002','2023-08-29','Present'),
('TG/2021/1021','ICT1253','ICT002','2023-08-29','Present'),
('TG/2021/1022','ICT1253','ICT002','2023-08-29','Present'),
('TG/2021/1023','ICT1253','ICT002','2023-08-29','Present'),
('TG/2021/1024','ICT1253','ICT002','2023-08-29','Present'),


('TG/2021/1010','ICT1253','ICT002','2023-09-05','Present'),
('TG/2021/1011','ICT1253','ICT002','2023-09-05','Present'),
('TG/2021/1012','ICT1253','ICT002','2023-09-05','Present'),
('TG/2021/1013','ICT1253','ICT002','2023-09-05','Present'),
('TG/2021/1014','ICT1253','ICT002','2023-09-05','Present'),
('TG/2021/1015','ICT1253','ICT002','2023-09-05','Present'),
('TG/2021/1016','ICT1253','ICT002','2023-09-05','Present'),
('TG/2021/1017','ICT1253','ICT002','2023-09-05','Present'),
('TG/2021/1018','ICT1253','ICT002','2023-09-05','Present'),
('TG/2021/1019','ICT1253','ICT002','2023-09-05','Present'),
('TG/2021/1020','ICT1253','ICT002','2023-09-05','Present'),
('TG/2021/1021','ICT1253','ICT002','2023-09-05','Present'),
('TG/2021/1022','ICT1253','ICT002','2023-09-05','Present'),
('TG/2021/1023','ICT1253','ICT002','2023-09-05','Present'),
('TG/2021/1024','ICT1253','ICT002','2023-09-05','Present'),

('TG/2021/1010','ICT1253','ICT002','2023-09-12','Present'),
('TG/2021/1011','ICT1253','ICT002','2023-09-12','Present'),
('TG/2021/1012','ICT1253','ICT002','2023-09-12','Present'),
('TG/2021/1013','ICT1253','ICT002','2023-09-12','Present'),
('TG/2021/1014','ICT1253','ICT002','2023-09-12','Present'),
('TG/2021/1015','ICT1253','ICT002','2023-09-12','Present'),
('TG/2021/1016','ICT1253','ICT002','2023-09-12','Present'),
('TG/2021/1017','ICT1253','ICT002','2023-09-12','Present'),
('TG/2021/1018','ICT1253','ICT002','2023-09-12','Present'),
('TG/2021/1019','ICT1253','ICT002','2023-09-12','Present'),
('TG/2021/1020','ICT1253','ICT002','2023-09-12','Present'),
('TG/2021/1021','ICT1253','ICT002','2023-09-12','Present'),
('TG/2021/1022','ICT1253','ICT002','2023-09-12','Present'),
('TG/2021/1023','ICT1253','ICT002','2023-09-12','Present'),
('TG/2021/1024','ICT1253','ICT002','2023-09-12','Present'),

('TG/2021/1010','ICT1253','ICT002','2023-09-19','Present'),
('TG/2021/1011','ICT1253','ICT002','2023-09-19','Present'),
('TG/2021/1012','ICT1253','ICT002','2023-09-19','Present'),
('TG/2021/1013','ICT1253','ICT002','2023-09-19','Present'),
('TG/2021/1014','ICT1253','ICT002','2023-09-19','Present'),
('TG/2021/1015','ICT1253','ICT002','2023-09-19','Present'),
('TG/2021/1016','ICT1253','ICT002','2023-09-19','Present'),
('TG/2021/1017','ICT1253','ICT002','2023-09-19','Present'),
('TG/2021/1018','ICT1253','ICT002','2023-09-19','Present'),
('TG/2021/1019','ICT1253','ICT002','2023-09-19','Present'),
('TG/2021/1020','ICT1253','ICT002','2023-09-19','Present'),
('TG/2021/1021','ICT1253','ICT002','2023-09-19','Present'),
('TG/2021/1022','ICT1253','ICT002','2023-09-19','Present'),
('TG/2021/1023','ICT1253','ICT002','2023-09-19','Present'),
('TG/2021/1024','ICT1253','ICT002','2023-09-19','Present'),

('TG/2021/1010','ICT1253','ICT002','2023-09-26','Present'),
('TG/2021/1011','ICT1253','ICT002','2023-09-26','Present'),
('TG/2021/1012','ICT1253','ICT002','2023-09-26','Present'),
('TG/2021/1013','ICT1253','ICT002','2023-09-26','Present'),
('TG/2021/1014','ICT1253','ICT002','2023-09-26','Present'),
('TG/2021/1015','ICT1253','ICT002','2023-09-26','Present'),
('TG/2021/1016','ICT1253','ICT002','2023-09-26','Present'),
('TG/2021/1017','ICT1253','ICT002','2023-09-26','Present'),
('TG/2021/1018','ICT1253','ICT002','2023-09-26','Present'),
('TG/2021/1019','ICT1253','ICT002','2023-09-26','Present'),
('TG/2021/1020','ICT1253','ICT002','2023-09-26','Present'),
('TG/2021/1021','ICT1253','ICT002','2023-09-26','Present'),
('TG/2021/1022','ICT1253','ICT002','2023-09-26','Present'),
('TG/2021/1023','ICT1253','ICT002','2023-09-26','Present'),
('TG/2021/1024','ICT1253','ICT002','2023-09-26','Present'),

('TG/2021/1010','ICT1253','ICT002','2023-10-03','Present'),
('TG/2021/1011','ICT1253','ICT002','2023-10-03','Present'),
('TG/2021/1012','ICT1253','ICT002','2023-10-03','Present'),
('TG/2021/1013','ICT1253','ICT002','2023-10-03','Present'),
('TG/2021/1014','ICT1253','ICT002','2023-10-03','Present'),
('TG/2021/1015','ICT1253','ICT002','2023-10-03','Present'),
('TG/2021/1016','ICT1253','ICT002','2023-10-03','Present'),
('TG/2021/1017','ICT1253','ICT002','2023-10-03','Present'),
('TG/2021/1018','ICT1253','ICT002','2023-10-03','Present'),
('TG/2021/1019','ICT1253','ICT002','2023-10-03','Present'),
('TG/2021/1020','ICT1253','ICT002','2023-10-03','Present'),
('TG/2021/1021','ICT1253','ICT002','2023-10-03','Present'),
('TG/2021/1022','ICT1253','ICT002','2023-10-03','Present'),
('TG/2021/1023','ICT1253','ICT002','2023-10-03','Present'),
('TG/2021/1024','ICT1253','ICT002','2023-10-03','Present'),

('TG/2021/1010','ICT1253','ICT002','2023-10-10','Present'),
('TG/2021/1011','ICT1253','ICT002','2023-10-10','Present'),
('TG/2021/1012','ICT1253','ICT002','2023-10-10','Present'),
('TG/2021/1013','ICT1253','ICT002','2023-10-10','Present'),
('TG/2021/1014','ICT1253','ICT002','2023-10-10','Present'),
('TG/2021/1015','ICT1253','ICT002','2023-10-10','Present'),
('TG/2021/1016','ICT1253','ICT002','2023-10-10','Present'),
('TG/2021/1017','ICT1253','ICT002','2023-10-10','Present'),
('TG/2021/1018','ICT1253','ICT002','2023-10-10','Present'),
('TG/2021/1019','ICT1253','ICT002','2023-10-10','Present'),
('TG/2021/1020','ICT1253','ICT002','2023-10-10','Present'),
('TG/2021/1021','ICT1253','ICT002','2023-10-10','Present'),
('TG/2021/1022','ICT1253','ICT002','2023-10-10','Present'),
('TG/2021/1023','ICT1253','ICT002','2023-10-10','Present'),
('TG/2021/1024','ICT1253','ICT002','2023-10-10','Present'),

('TG/2021/1010','TMS1233','ET001','2023-07-05','Present'),
('TG/2021/1011','TMS1233','ET001','2023-07-05','Present'),
('TG/2021/1012','TMS1233','ET001','2023-07-05','Present'),
('TG/2021/1013','TMS1233','ET001','2023-07-05','Present'),
('TG/2021/1014','TMS1233','ET001','2023-07-05','Present'),
('TG/2021/1015','TMS1233','ET001','2023-07-05','Present'),
('TG/2021/1016','TMS1233','ET001','2023-07-05','Present'),
('TG/2021/1017','TMS1233','ET001','2023-07-05','Present'),
('TG/2021/1018','TMS1233','ET001','2023-07-05','Present'),
('TG/2021/1019','TMS1233','ET001','2023-07-05','Present'),
('TG/2021/1020','TMS1233','ET001','2023-07-05','Present'),
('TG/2021/1021','TMS1233','ET001','2023-07-05','Present'),
('TG/2021/1022','TMS1233','ET001','2023-07-05','Present'),
('TG/2021/1023','TMS1233','ET001','2023-07-05','Present'),
('TG/2021/1024','TMS1233','ET001','2023-07-05','Present'),

('TG/2021/1010','TMS1233','ET001','2023-07-12','Present'),
('TG/2021/1011','TMS1233','ET001','2023-07-12','Present'),
('TG/2021/1012','TMS1233','ET001','2023-07-12','Present'),
('TG/2021/1013','TMS1233','ET001','2023-07-12','Present'),
('TG/2021/1014','TMS1233','ET001','2023-07-12','Present'),
('TG/2021/1015','TMS1233','ET001','2023-07-12','Present'),
('TG/2021/1016','TMS1233','ET001','2023-07-12','Present'),
('TG/2021/1017','TMS1233','ET001','2023-07-12','Present'),
('TG/2021/1018','TMS1233','ET001','2023-07-12','Present'),
('TG/2021/1019','TMS1233','ET001','2023-07-12','Present'),
('TG/2021/1020','TMS1233','ET001','2023-07-12','Present'),
('TG/2021/1021','TMS1233','ET001','2023-07-12','Present'),
('TG/2021/1022','TMS1233','ET001','2023-07-12','Present'),
('TG/2021/1023','TMS1233','ET001','2023-07-12','Present'),
('TG/2021/1024','TMS1233','ET001','2023-07-12','Present'),

('TG/2021/1010','TMS1233','ET001','2023-07-19','Present'),
('TG/2021/1011','TMS1233','ET001','2023-07-19','Present'),
('TG/2021/1012','TMS1233','ET001','2023-07-19','Present'),
('TG/2021/1013','TMS1233','ET001','2023-07-19','Present'),
('TG/2021/1014','TMS1233','ET001','2023-07-19','Present'),
('TG/2021/1015','TMS1233','ET001','2023-07-19','Present'),
('TG/2021/1016','TMS1233','ET001','2023-07-19','Present'),
('TG/2021/1017','TMS1233','ET001','2023-07-19','Present'),
('TG/2021/1018','TMS1233','ET001','2023-07-19','Present'),
('TG/2021/1019','TMS1233','ET001','2023-07-19','Present'),
('TG/2021/1020','TMS1233','ET001','2023-07-19','Present'),
('TG/2021/1021','TMS1233','ET001','2023-07-19','Present'),
('TG/2021/1022','TMS1233','ET001','2023-07-19','Present'),
('TG/2021/1023','TMS1233','ET001','2023-07-19','Present'),
('TG/2021/1024','TMS1233','ET001','2023-07-19','Present'),

('TG/2021/1010','TMS1233','ET001','2023-07-26','Present'),
('TG/2021/1011','TMS1233','ET001','2023-07-26','Present'),
('TG/2021/1012','TMS1233','ET001','2023-07-26','Present'),
('TG/2021/1013','TMS1233','ET001','2023-07-26','Present'),
('TG/2021/1014','TMS1233','ET001','2023-07-26','Present'),
('TG/2021/1015','TMS1233','ET001','2023-07-26','Present'),
('TG/2021/1016','TMS1233','ET001','2023-07-26','Present'),
('TG/2021/1017','TMS1233','ET001','2023-07-26','Present'),
('TG/2021/1018','TMS1233','ET001','2023-07-26','Present'),
('TG/2021/1019','TMS1233','ET001','2023-07-26','Present'),
('TG/2021/1020','TMS1233','ET001','2023-07-26','Present'),
('TG/2021/1021','TMS1233','ET001','2023-07-26','Present'),
('TG/2021/1022','TMS1233','ET001','2023-07-26','Present'),
('TG/2021/1023','TMS1233','ET001','2023-07-26','Present'),
('TG/2021/1024','TMS1233','ET001','2023-07-26','Present'),


('TG/2021/1010','TMS1233','ET001','2023-08-02','Present'),
('TG/2021/1011','TMS1233','ET001','2023-08-02','Present'),
('TG/2021/1012','TMS1233','ET001','2023-08-02','Present'),
('TG/2021/1013','TMS1233','ET001','2023-08-02','Present'),
('TG/2021/1014','TMS1233','ET001','2023-08-02','Present'),
('TG/2021/1015','TMS1233','ET001','2023-08-02','Present'),
('TG/2021/1016','TMS1233','ET001','2023-08-02','Present'),
('TG/2021/1017','TMS1233','ET001','2023-08-02','Present'),
('TG/2021/1018','TMS1233','ET001','2023-08-02','Present'),
('TG/2021/1019','TMS1233','ET001','2023-08-02','Present'),
('TG/2021/1020','TMS1233','ET001','2023-08-02','Present'),
('TG/2021/1021','TMS1233','ET001','2023-08-02','Present'),
('TG/2021/1022','TMS1233','ET001','2023-08-02','Present'),
('TG/2021/1023','TMS1233','ET001','2023-08-02','Present'),
('TG/2021/1024','TMS1233','ET001','2023-08-02','Present'),

('TG/2021/1010','TMS1233','ET001','2023-08-09','Present'),
('TG/2021/1011','TMS1233','ET001','2023-08-09','Present'),
('TG/2021/1012','TMS1233','ET001','2023-08-09','Present'),
('TG/2021/1013','TMS1233','ET001','2023-08-09','Present'),
('TG/2021/1014','TMS1233','ET001','2023-08-09','Present'),
('TG/2021/1015','TMS1233','ET001','2023-08-09','Present'),
('TG/2021/1016','TMS1233','ET001','2023-08-09','Present'),
('TG/2021/1017','TMS1233','ET001','2023-08-09','Present'),
('TG/2021/1018','TMS1233','ET001','2023-08-09','Present'),
('TG/2021/1019','TMS1233','ET001','2023-08-09','Present'),
('TG/2021/1020','TMS1233','ET001','2023-08-09','Present'),
('TG/2021/1021','TMS1233','ET001','2023-08-09','Present'),
('TG/2021/1022','TMS1233','ET001','2023-08-09','Present'),
('TG/2021/1023','TMS1233','ET001','2023-08-09','Present'),
('TG/2021/1024','TMS1233','ET001','2023-08-09','Present'),

('TG/2021/1010','TMS1233','ET001','2023-08-16','Present'),
('TG/2021/1011','TMS1233','ET001','2023-08-16','Present'),
('TG/2021/1012','TMS1233','ET001','2023-08-16','Present'),
('TG/2021/1013','TMS1233','ET001','2023-08-16','Present'),
('TG/2021/1014','TMS1233','ET001','2023-08-16','Present'),
('TG/2021/1015','TMS1233','ET001','2023-08-16','Present'),
('TG/2021/1016','TMS1233','ET001','2023-08-16','Present'),
('TG/2021/1017','TMS1233','ET001','2023-08-16','Present'),
('TG/2021/1018','TMS1233','ET001','2023-08-16','Present'),
('TG/2021/1019','TMS1233','ET001','2023-08-16','Present'),
('TG/2021/1020','TMS1233','ET001','2023-08-16','Present'),
('TG/2021/1021','TMS1233','ET001','2023-08-16','Present'),
('TG/2021/1022','TMS1233','ET001','2023-08-16','Present'),
('TG/2021/1023','TMS1233','ET001','2023-08-16','Present'),
('TG/2021/1024','TMS1233','ET001','2023-08-16','Present'),

('TG/2021/1010','TMS1233','ET001','2023-08-23','Present'),
('TG/2021/1011','TMS1233','ET001','2023-08-23','Present'),
('TG/2021/1012','TMS1233','ET001','2023-08-23','Present'),
('TG/2021/1013','TMS1233','ET001','2023-08-23','Present'),
('TG/2021/1014','TMS1233','ET001','2023-08-23','Present'),
('TG/2021/1015','TMS1233','ET001','2023-08-23','Present'),
('TG/2021/1016','TMS1233','ET001','2023-08-23','Present'),
('TG/2021/1017','TMS1233','ET001','2023-08-23','Present'),
('TG/2021/1018','TMS1233','ET001','2023-08-23','Present'),
('TG/2021/1019','TMS1233','ET001','2023-08-23','Present'),
('TG/2021/1020','TMS1233','ET001','2023-08-23','Present'),
('TG/2021/1021','TMS1233','ET001','2023-08-23','Present'),
('TG/2021/1022','TMS1233','ET001','2023-08-23','Present'),
('TG/2021/1023','TMS1233','ET001','2023-08-23','Present'),
('TG/2021/1024','TMS1233','ET001','2023-08-23','Present'),

('TG/2021/1010','TMS1233','ET001','2023-08-30','Present'),
('TG/2021/1011','TMS1233','ET001','2023-08-30','Present'),
('TG/2021/1012','TMS1233','ET001','2023-08-30','Present'),
('TG/2021/1013','TMS1233','ET001','2023-08-30','Present'),
('TG/2021/1014','TMS1233','ET001','2023-08-30','Present'),
('TG/2021/1015','TMS1233','ET001','2023-08-30','Present'),
('TG/2021/1016','TMS1233','ET001','2023-08-30','Present'),
('TG/2021/1017','TMS1233','ET001','2023-08-30','Present'),
('TG/2021/1018','TMS1233','ET001','2023-08-30','Present'),
('TG/2021/1019','TMS1233','ET001','2023-08-30','Present'),
('TG/2021/1020','TMS1233','ET001','2023-08-30','Present'),
('TG/2021/1021','TMS1233','ET001','2023-08-30','Present'),
('TG/2021/1022','TMS1233','ET001','2023-08-30','Present'),
('TG/2021/1023','TMS1233','ET001','2023-08-30','Present'),
('TG/2021/1024','TMS1233','ET001','2023-08-30','Present'),


('TG/2021/1010','TMS1233','ET001','2023-09-06','Present'),
('TG/2021/1011','TMS1233','ET001','2023-09-06','Present'),
('TG/2021/1012','TMS1233','ET001','2023-09-06','Present'),
('TG/2021/1013','TMS1233','ET001','2023-09-06','Present'),
('TG/2021/1014','TMS1233','ET001','2023-09-06','Present'),
('TG/2021/1015','TMS1233','ET001','2023-09-06','Present'),
('TG/2021/1016','TMS1233','ET001','2023-09-06','Present'),
('TG/2021/1017','TMS1233','ET001','2023-09-06','Present'),
('TG/2021/1018','TMS1233','ET001','2023-09-06','Present'),
('TG/2021/1019','TMS1233','ET001','2023-09-06','Present'),
('TG/2021/1020','TMS1233','ET001','2023-09-06','Present'),
('TG/2021/1021','TMS1233','ET001','2023-09-06','Present'),
('TG/2021/1022','TMS1233','ET001','2023-09-06','Present'),
('TG/2021/1023','TMS1233','ET001','2023-09-06','Present'),
('TG/2021/1024','TMS1233','ET001','2023-09-06','Present'),

('TG/2021/1010','TMS1233','ET001','2023-09-13','Present'),
('TG/2021/1011','TMS1233','ET001','2023-09-13','Present'),
('TG/2021/1012','TMS1233','ET001','2023-09-13','Present'),
('TG/2021/1013','TMS1233','ET001','2023-09-13','Present'),
('TG/2021/1014','TMS1233','ET001','2023-09-13','Present'),
('TG/2021/1015','TMS1233','ET001','2023-09-13','Present'),
('TG/2021/1016','TMS1233','ET001','2023-09-13','Present'),
('TG/2021/1017','TMS1233','ET001','2023-09-13','Present'),
('TG/2021/1018','TMS1233','ET001','2023-09-13','Present'),
('TG/2021/1019','TMS1233','ET001','2023-09-13','Present'),
('TG/2021/1020','TMS1233','ET001','2023-09-13','Present'),
('TG/2021/1021','TMS1233','ET001','2023-09-13','Present'),
('TG/2021/1022','TMS1233','ET001','2023-09-13','Present'),
('TG/2021/1023','TMS1233','ET001','2023-09-13','Present'),
('TG/2021/1024','TMS1233','ET001','2023-09-13','Present'),

('TG/2021/1010','TMS1233','ET001','2023-09-20','Present'),
('TG/2021/1011','TMS1233','ET001','2023-09-20','Present'),
('TG/2021/1012','TMS1233','ET001','2023-09-20','Present'),
('TG/2021/1013','TMS1233','ET001','2023-09-20','Present'),
('TG/2021/1014','TMS1233','ET001','2023-09-20','Present'),
('TG/2021/1015','TMS1233','ET001','2023-09-20','Present'),
('TG/2021/1016','TMS1233','ET001','2023-09-20','Present'),
('TG/2021/1017','TMS1233','ET001','2023-09-20','Present'),
('TG/2021/1018','TMS1233','ET001','2023-09-20','Present'),
('TG/2021/1019','TMS1233','ET001','2023-09-20','Present'),
('TG/2021/1020','TMS1233','ET001','2023-09-20','Present'),
('TG/2021/1021','TMS1233','ET001','2023-09-20','Present'),
('TG/2021/1022','TMS1233','ET001','2023-09-20','Present'),
('TG/2021/1023','TMS1233','ET001','2023-09-20','Present'),
('TG/2021/1024','TMS1233','ET001','2023-09-20','Present'),

('TG/2021/1010','TMS1233','ET001','2023-09-27','Present'),
('TG/2021/1011','TMS1233','ET001','2023-09-27','Present'),
('TG/2021/1012','TMS1233','ET001','2023-09-27','Present'),
('TG/2021/1013','TMS1233','ET001','2023-09-27','Present'),
('TG/2021/1014','TMS1233','ET001','2023-09-27','Present'),
('TG/2021/1015','TMS1233','ET001','2023-09-27','Present'),
('TG/2021/1016','TMS1233','ET001','2023-09-27','Present'),
('TG/2021/1017','TMS1233','ET001','2023-09-27','Present'),
('TG/2021/1018','TMS1233','ET001','2023-09-27','Present'),
('TG/2021/1019','TMS1233','ET001','2023-09-27','Present'),
('TG/2021/1020','TMS1233','ET001','2023-09-27','Present'),
('TG/2021/1021','TMS1233','ET001','2023-09-27','Present'),
('TG/2021/1022','TMS1233','ET001','2023-09-27','Present'),
('TG/2021/1023','TMS1233','ET001','2023-09-27','Present'),
('TG/2021/1024','TMS1233','ET001','2023-09-27','Present'),


('TG/2021/1010','TMS1233','ET001','2023-10-04','Present'),
('TG/2021/1011','TMS1233','ET001','2023-10-04','Present'),
('TG/2021/1012','TMS1233','ET001','2023-10-04','Present'),
('TG/2021/1013','TMS1233','ET001','2023-10-04','Present'),
('TG/2021/1014','TMS1233','ET001','2023-10-04','Present'),
('TG/2021/1015','TMS1233','ET001','2023-10-04','Present'),
('TG/2021/1016','TMS1233','ET001','2023-10-04','Present'),
('TG/2021/1017','TMS1233','ET001','2023-10-04','Present'),
('TG/2021/1018','TMS1233','ET001','2023-10-04','Present'),
('TG/2021/1019','TMS1233','ET001','2023-10-04','Present'),
('TG/2021/1020','TMS1233','ET001','2023-10-04','Present'),
('TG/2021/1021','TMS1233','ET001','2023-10-04','Present'),
('TG/2021/1022','TMS1233','ET001','2023-10-04','Present'),
('TG/2021/1023','TMS1233','ET001','2023-10-04','Present'),
('TG/2021/1024','TMS1233','ET001','2023-10-04','Present'),

('TG/2021/1010','TMS1233','ET001','2023-10-11','Present'),
('TG/2021/1011','TMS1233','ET001','2023-10-11','Present'),
('TG/2021/1012','TMS1233','ET001','2023-10-11','Present'),
('TG/2021/1013','TMS1233','ET001','2023-10-11','Present'),
('TG/2021/1014','TMS1233','ET001','2023-10-11','Present'),
('TG/2021/1015','TMS1233','ET001','2023-10-11','Present'),
('TG/2021/1016','TMS1233','ET001','2023-10-11','Present'),
('TG/2021/1017','TMS1233','ET001','2023-10-11','Present'),
('TG/2021/1018','TMS1233','ET001','2023-10-11','Present'),
('TG/2021/1019','TMS1233','ET001','2023-10-11','Present'),
('TG/2021/1020','TMS1233','ET001','2023-10-11','Present'),
('TG/2021/1021','TMS1233','ET001','2023-10-11','Present'),
('TG/2021/1022','TMS1233','ET001','2023-10-11','Present'),
('TG/2021/1023','TMS1233','ET001','2023-10-11','Present'),
('TG/2021/1024','TMS1233','ET001','2023-10-11','Present'),

('TG/2021/1010','ICT1233','ICT002','2023-07-06','Present'),
('TG/2021/1011','ICT1233','ICT002','2023-07-06','Present'),
('TG/2021/1012','ICT1233','ICT002','2023-07-06','Present'),
('TG/2021/1013','ICT1233','ICT002','2023-07-06','Present'),
('TG/2021/1014','ICT1233','ICT002','2023-07-06','Present'),
('TG/2021/1015','ICT1233','ICT002','2023-07-06','Present'),
('TG/2021/1016','ICT1233','ICT002','2023-07-06','Present'),
('TG/2021/1017','ICT1233','ICT002','2023-07-06','Present'),
('TG/2021/1018','ICT1233','ICT002','2023-07-06','Present'),
('TG/2021/1019','ICT1233','ICT002','2023-07-06','Present'),
('TG/2021/1020','ICT1233','ICT002','2023-07-06','Present'),
('TG/2021/1021','ICT1233','ICT002','2023-07-06','Present'),
('TG/2021/1022','ICT1233','ICT002','2023-07-06','Present'),
('TG/2021/1023','ICT1233','ICT002','2023-07-06','Present'),
('TG/2021/1024','ICT1233','ICT002','2023-07-06','Present'),

('TG/2021/1010','ICT1233','ICT002','2023-07-13','Present'),
('TG/2021/1011','ICT1233','ICT002','2023-07-13','Present'),
('TG/2021/1012','ICT1233','ICT002','2023-07-13','Present'),
('TG/2021/1013','ICT1233','ICT002','2023-07-13','Present'),
('TG/2021/1014','ICT1233','ICT002','2023-07-13','Present'),
('TG/2021/1015','ICT1233','ICT002','2023-07-13','Present'),
('TG/2021/1016','ICT1233','ICT002','2023-07-13','Present'),
('TG/2021/1017','ICT1233','ICT002','2023-07-13','Present'),
('TG/2021/1018','ICT1233','ICT002','2023-07-13','Present'),
('TG/2021/1019','ICT1233','ICT002','2023-07-13','Present'),
('TG/2021/1020','ICT1233','ICT002','2023-07-13','Present'),
('TG/2021/1021','ICT1233','ICT002','2023-07-13','Present'),
('TG/2021/1022','ICT1233','ICT002','2023-07-13','Present'),
('TG/2021/1023','ICT1233','ICT002','2023-07-13','Present'),
('TG/2021/1024','ICT1233','ICT002','2023-07-13','Present'),

('TG/2021/1010','ICT1233','ICT002','2023-07-20','Present'),
('TG/2021/1011','ICT1233','ICT002','2023-07-20','Present'),
('TG/2021/1012','ICT1233','ICT002','2023-07-20','Present'),
('TG/2021/1013','ICT1233','ICT002','2023-07-20','Present'),
('TG/2021/1014','ICT1233','ICT002','2023-07-20','Present'),
('TG/2021/1015','ICT1233','ICT002','2023-07-20','Present'),
('TG/2021/1016','ICT1233','ICT002','2023-07-20','Present'),
('TG/2021/1017','ICT1233','ICT002','2023-07-20','Present'),
('TG/2021/1018','ICT1233','ICT002','2023-07-20','Present'),
('TG/2021/1019','ICT1233','ICT002','2023-07-20','Present'),
('TG/2021/1020','ICT1233','ICT002','2023-07-20','Present'),
('TG/2021/1021','ICT1233','ICT002','2023-07-20','Present'),
('TG/2021/1022','ICT1233','ICT002','2023-07-20','Present'),
('TG/2021/1023','ICT1233','ICT002','2023-07-20','Present'),
('TG/2021/1024','ICT1233','ICT002','2023-07-20','Present'),

('TG/2021/1010','ICT1233','ICT002','2023-07-27','Present'),
('TG/2021/1011','ICT1233','ICT002','2023-07-27','Present'),
('TG/2021/1012','ICT1233','ICT002','2023-07-27','Present'),
('TG/2021/1013','ICT1233','ICT002','2023-07-27','Present'),
('TG/2021/1014','ICT1233','ICT002','2023-07-27','Present'),
('TG/2021/1015','ICT1233','ICT002','2023-07-27','Present'),
('TG/2021/1016','ICT1233','ICT002','2023-07-27','Present'),
('TG/2021/1017','ICT1233','ICT002','2023-07-27','Present'),
('TG/2021/1018','ICT1233','ICT002','2023-07-27','Present'),
('TG/2021/1019','ICT1233','ICT002','2023-07-27','Present'),
('TG/2021/1020','ICT1233','ICT002','2023-07-27','Present'),
('TG/2021/1021','ICT1233','ICT002','2023-07-27','Present'),
('TG/2021/1022','ICT1233','ICT002','2023-07-27','Present'),
('TG/2021/1023','ICT1233','ICT002','2023-07-27','Present'),
('TG/2021/1024','ICT1233','ICT002','2023-07-27','Present'),


('TG/2021/1010','ICT1233','ICT002','2023-08-03','Present'),
('TG/2021/1011','ICT1233','ICT002','2023-08-03','Present'),
('TG/2021/1012','ICT1233','ICT002','2023-08-03','Present'),
('TG/2021/1013','ICT1233','ICT002','2023-08-03','Present'),
('TG/2021/1014','ICT1233','ICT002','2023-08-03','Present'),
('TG/2021/1015','ICT1233','ICT002','2023-08-03','Present'),
('TG/2021/1016','ICT1233','ICT002','2023-08-03','Present'),
('TG/2021/1017','ICT1233','ICT002','2023-08-03','Present'),
('TG/2021/1018','ICT1233','ICT002','2023-08-03','Present'),
('TG/2021/1019','ICT1233','ICT002','2023-08-03','Present'),
('TG/2021/1020','ICT1233','ICT002','2023-08-03','Present'),
('TG/2021/1021','ICT1233','ICT002','2023-08-03','Present'),
('TG/2021/1022','ICT1233','ICT002','2023-08-03','Present'),
('TG/2021/1023','ICT1233','ICT002','2023-08-03','Present'),
('TG/2021/1024','ICT1233','ICT002','2023-08-03','Present'),

('TG/2021/1010','ICT1233','ICT002','2023-08-10','Present'),
('TG/2021/1011','ICT1233','ICT002','2023-08-10','Present'),
('TG/2021/1012','ICT1233','ICT002','2023-08-10','Present'),
('TG/2021/1013','ICT1233','ICT002','2023-08-10','Present'),
('TG/2021/1014','ICT1233','ICT002','2023-08-10','Present'),
('TG/2021/1015','ICT1233','ICT002','2023-08-10','Present'),
('TG/2021/1016','ICT1233','ICT002','2023-08-10','Present'),
('TG/2021/1017','ICT1233','ICT002','2023-08-10','Present'),
('TG/2021/1018','ICT1233','ICT002','2023-08-10','Present'),
('TG/2021/1019','ICT1233','ICT002','2023-08-10','Present'),
('TG/2021/1020','ICT1233','ICT002','2023-08-10','Present'),
('TG/2021/1021','ICT1233','ICT002','2023-08-10','Present'),
('TG/2021/1022','ICT1233','ICT002','2023-08-10','Present'),
('TG/2021/1023','ICT1233','ICT002','2023-08-10','Present'),
('TG/2021/1024','ICT1233','ICT002','2023-08-10','Present'),

('TG/2021/1010','ICT1233','ICT002','2023-08-17','Present'),
('TG/2021/1011','ICT1233','ICT002','2023-08-17','Present'),
('TG/2021/1012','ICT1233','ICT002','2023-08-17','Present'),
('TG/2021/1013','ICT1233','ICT002','2023-08-17','Present'),
('TG/2021/1014','ICT1233','ICT002','2023-08-17','Present'),
('TG/2021/1015','ICT1233','ICT002','2023-08-17','Present'),
('TG/2021/1016','ICT1233','ICT002','2023-08-17','Present'),
('TG/2021/1017','ICT1233','ICT002','2023-08-17','Present'),
('TG/2021/1018','ICT1233','ICT002','2023-08-17','Present'),
('TG/2021/1019','ICT1233','ICT002','2023-08-17','Present'),
('TG/2021/1020','ICT1233','ICT002','2023-08-17','Present'),
('TG/2021/1021','ICT1233','ICT002','2023-08-17','Present'),
('TG/2021/1022','ICT1233','ICT002','2023-08-17','Present'),
('TG/2021/1023','ICT1233','ICT002','2023-08-17','Present'),
('TG/2021/1024','ICT1233','ICT002','2023-08-17','Present'),

('TG/2021/1010','ICT1233','ICT002','2023-08-24','Present'),
('TG/2021/1011','ICT1233','ICT002','2023-08-24','Present'),
('TG/2021/1012','ICT1233','ICT002','2023-08-24','Present'),
('TG/2021/1013','ICT1233','ICT002','2023-08-24','Present'),
('TG/2021/1014','ICT1233','ICT002','2023-08-24','Present'),
('TG/2021/1015','ICT1233','ICT002','2023-08-24','Present'),
('TG/2021/1016','ICT1233','ICT002','2023-08-24','Present'),
('TG/2021/1017','ICT1233','ICT002','2023-08-24','Present'),
('TG/2021/1018','ICT1233','ICT002','2023-08-24','Present'),
('TG/2021/1019','ICT1233','ICT002','2023-08-24','Present'),
('TG/2021/1020','ICT1233','ICT002','2023-08-24','Present'),
('TG/2021/1021','ICT1233','ICT002','2023-08-24','Present'),
('TG/2021/1022','ICT1233','ICT002','2023-08-24','Present'),
('TG/2021/1023','ICT1233','ICT002','2023-08-24','Present'),
('TG/2021/1024','ICT1233','ICT002','2023-08-24','Present'),

('TG/2021/1010','ICT1233','ICT002','2023-08-31','Present'),
('TG/2021/1011','ICT1233','ICT002','2023-08-31','Present'),
('TG/2021/1012','ICT1233','ICT002','2023-08-31','Present'),
('TG/2021/1013','ICT1233','ICT002','2023-08-31','Present'),
('TG/2021/1014','ICT1233','ICT002','2023-08-31','Present'),
('TG/2021/1015','ICT1233','ICT002','2023-08-31','Present'),
('TG/2021/1016','ICT1233','ICT002','2023-08-31','Present'),
('TG/2021/1017','ICT1233','ICT002','2023-08-31','Present'),
('TG/2021/1018','ICT1233','ICT002','2023-08-31','Present'),
('TG/2021/1019','ICT1233','ICT002','2023-08-31','Present'),
('TG/2021/1020','ICT1233','ICT002','2023-08-31','Present'),
('TG/2021/1021','ICT1233','ICT002','2023-08-31','Present'),
('TG/2021/1022','ICT1233','ICT002','2023-08-31','Present'),
('TG/2021/1023','ICT1233','ICT002','2023-08-31','Present'),
('TG/2021/1024','ICT1233','ICT002','2023-08-31','Present'),


('TG/2021/1010','ICT1233','ICT002','2023-09-07','Present'),
('TG/2021/1011','ICT1233','ICT002','2023-09-07','Present'),
('TG/2021/1012','ICT1233','ICT002','2023-09-07','Present'),
('TG/2021/1013','ICT1233','ICT002','2023-09-07','Present'),
('TG/2021/1014','ICT1233','ICT002','2023-09-07','Present'),
('TG/2021/1015','ICT1233','ICT002','2023-09-07','Present'),
('TG/2021/1016','ICT1233','ICT002','2023-09-07','Present'),
('TG/2021/1017','ICT1233','ICT002','2023-09-07','Present'),
('TG/2021/1018','ICT1233','ICT002','2023-09-07','Present'),
('TG/2021/1019','ICT1233','ICT002','2023-09-07','Present'),
('TG/2021/1020','ICT1233','ICT002','2023-09-07','Present'),
('TG/2021/1021','ICT1233','ICT002','2023-09-07','Present'),
('TG/2021/1022','ICT1233','ICT002','2023-09-07','Present'),
('TG/2021/1023','ICT1233','ICT002','2023-09-07','Present'),
('TG/2021/1024','ICT1233','ICT002','2023-09-07','Present'),

('TG/2021/1010','ICT1233','ICT002','2023-09-14','Present'),
('TG/2021/1011','ICT1233','ICT002','2023-09-14','Present'),
('TG/2021/1012','ICT1233','ICT002','2023-09-14','Present'),
('TG/2021/1013','ICT1233','ICT002','2023-09-14','Present'),
('TG/2021/1014','ICT1233','ICT002','2023-09-14','Present'),
('TG/2021/1015','ICT1233','ICT002','2023-09-14','Present'),
('TG/2021/1016','ICT1233','ICT002','2023-09-14','Present'),
('TG/2021/1017','ICT1233','ICT002','2023-09-14','Present'),
('TG/2021/1018','ICT1233','ICT002','2023-09-14','Present'),
('TG/2021/1019','ICT1233','ICT002','2023-09-14','Present'),
('TG/2021/1020','ICT1233','ICT002','2023-09-14','Present'),
('TG/2021/1021','ICT1233','ICT002','2023-09-14','Present'),
('TG/2021/1022','ICT1233','ICT002','2023-09-14','Present'),
('TG/2021/1023','ICT1233','ICT002','2023-09-14','Present'),
('TG/2021/1024','ICT1233','ICT002','2023-09-14','Present'),

('TG/2021/1010','ICT1233','ICT002','2023-09-21','Present'),
('TG/2021/1011','ICT1233','ICT002','2023-09-21','Present'),
('TG/2021/1012','ICT1233','ICT002','2023-09-21','Present'),
('TG/2021/1013','ICT1233','ICT002','2023-09-21','Present'),
('TG/2021/1014','ICT1233','ICT002','2023-09-21','Present'),
('TG/2021/1015','ICT1233','ICT002','2023-09-21','Present'),
('TG/2021/1016','ICT1233','ICT002','2023-09-21','Present'),
('TG/2021/1017','ICT1233','ICT002','2023-09-21','Present'),
('TG/2021/1018','ICT1233','ICT002','2023-09-21','Present'),
('TG/2021/1019','ICT1233','ICT002','2023-09-21','Present'),
('TG/2021/1020','ICT1233','ICT002','2023-09-21','Present'),
('TG/2021/1021','ICT1233','ICT002','2023-09-21','Present'),
('TG/2021/1022','ICT1233','ICT002','2023-09-21','Present'),
('TG/2021/1023','ICT1233','ICT002','2023-09-21','Present'),
('TG/2021/1024','ICT1233','ICT002','2023-09-21','Present'),

('TG/2021/1010','ICT1233','ICT002','2023-09-28','Present'),
('TG/2021/1011','ICT1233','ICT002','2023-09-28','Present'),
('TG/2021/1012','ICT1233','ICT002','2023-09-28','Present'),
('TG/2021/1013','ICT1233','ICT002','2023-09-28','Present'),
('TG/2021/1014','ICT1233','ICT002','2023-09-28','Present'),
('TG/2021/1015','ICT1233','ICT002','2023-09-28','Present'),
('TG/2021/1016','ICT1233','ICT002','2023-09-28','Present'),
('TG/2021/1017','ICT1233','ICT002','2023-09-28','Present'),
('TG/2021/1018','ICT1233','ICT002','2023-09-28','Present'),
('TG/2021/1019','ICT1233','ICT002','2023-09-28','Present'),
('TG/2021/1020','ICT1233','ICT002','2023-09-28','Present'),
('TG/2021/1021','ICT1233','ICT002','2023-09-28','Present'),
('TG/2021/1022','ICT1233','ICT002','2023-09-28','Present'),
('TG/2021/1023','ICT1233','ICT002','2023-09-28','Present'),
('TG/2021/1024','ICT1233','ICT002','2023-09-28','Present'),


('TG/2021/1010','ICT1233','ICT002','2023-10-05','Present'),
('TG/2021/1011','ICT1233','ICT002','2023-10-05','Present'),
('TG/2021/1012','ICT1233','ICT002','2023-10-05','Present'),
('TG/2021/1013','ICT1233','ICT002','2023-10-05','Present'),
('TG/2021/1014','ICT1233','ICT002','2023-10-05','Present'),
('TG/2021/1015','ICT1233','ICT002','2023-10-05','Present'),
('TG/2021/1016','ICT1233','ICT002','2023-10-05','Present'),
('TG/2021/1017','ICT1233','ICT002','2023-10-05','Present'),
('TG/2021/1018','ICT1233','ICT002','2023-10-05','Present'),
('TG/2021/1019','ICT1233','ICT002','2023-10-05','Present'),
('TG/2021/1020','ICT1233','ICT002','2023-10-05','Present'),
('TG/2021/1021','ICT1233','ICT002','2023-10-05','Present'),
('TG/2021/1022','ICT1233','ICT002','2023-10-05','Present'),
('TG/2021/1023','ICT1233','ICT002','2023-10-05','Present'),
('TG/2021/1024','ICT1233','ICT002','2023-10-05','Present'),

('TG/2021/1010','ICT1233','ICT002','2023-10-12','Present'),
('TG/2021/1011','ICT1233','ICT002','2023-10-12','Present'),
('TG/2021/1012','ICT1233','ICT002','2023-10-12','Present'),
('TG/2021/1013','ICT1233','ICT002','2023-10-12','Present'),
('TG/2021/1014','ICT1233','ICT002','2023-10-12','Present'),
('TG/2021/1015','ICT1233','ICT002','2023-10-12','Present'),
('TG/2021/1016','ICT1233','ICT002','2023-10-12','Present'),
('TG/2021/1017','ICT1233','ICT002','2023-10-12','Present'),
('TG/2021/1018','ICT1233','ICT002','2023-10-12','Present'),
('TG/2021/1019','ICT1233','ICT002','2023-10-12','Present'),
('TG/2021/1020','ICT1233','ICT002','2023-10-12','Present'),
('TG/2021/1021','ICT1233','ICT002','2023-10-12','Present'),
('TG/2021/1022','ICT1233','ICT002','2023-10-12','Present'),
('TG/2021/1023','ICT1233','ICT002','2023-10-12','Present'),
('TG/2021/1024','ICT1233','ICT002','2023-10-12','Present'),

('TG/2021/1010','TCS1212','MD004','2023-07-07','Present'),
('TG/2021/1011','TCS1212','MD004','2023-07-07','Present'),
('TG/2021/1012','TCS1212','MD004','2023-07-07','Present'),
('TG/2021/1013','TCS1212','MD004','2023-07-07','Present'),
('TG/2021/1014','TCS1212','MD004','2023-07-07','Present'),
('TG/2021/1015','TCS1212','MD004','2023-07-07','Present'),
('TG/2021/1016','TCS1212','MD004','2023-07-07','Present'),
('TG/2021/1017','TCS1212','MD004','2023-07-07','Present'),
('TG/2021/1018','TCS1212','MD004','2023-07-07','Present'),
('TG/2021/1019','TCS1212','MD004','2023-07-07','Present'),
('TG/2021/1020','TCS1212','MD004','2023-07-07','Present'),
('TG/2021/1021','TCS1212','MD004','2023-07-07','Present'),
('TG/2021/1022','TCS1212','MD004','2023-07-07','Present'),
('TG/2021/1023','TCS1212','MD004','2023-07-07','Present'),
('TG/2021/1024','TCS1212','MD004','2023-07-07','Present'),

('TG/2021/1010','TCS1212','MD004','2023-07-14','Present'),
('TG/2021/1011','TCS1212','MD004','2023-07-14','Present'),
('TG/2021/1012','TCS1212','MD004','2023-07-14','Present'),
('TG/2021/1013','TCS1212','MD004','2023-07-14','Present'),
('TG/2021/1014','TCS1212','MD004','2023-07-14','Present'),
('TG/2021/1015','TCS1212','MD004','2023-07-14','Present'),
('TG/2021/1016','TCS1212','MD004','2023-07-14','Present'),
('TG/2021/1017','TCS1212','MD004','2023-07-14','Present'),
('TG/2021/1018','TCS1212','MD004','2023-07-14','Present'),
('TG/2021/1019','TCS1212','MD004','2023-07-14','Present'),
('TG/2021/1020','TCS1212','MD004','2023-07-14','Present'),
('TG/2021/1021','TCS1212','MD004','2023-07-14','Present'),
('TG/2021/1022','TCS1212','MD004','2023-07-14','Present'),
('TG/2021/1023','TCS1212','MD004','2023-07-14','Present'),
('TG/2021/1024','TCS1212','MD004','2023-07-14','Present'),

('TG/2021/1010','TCS1212','MD004','2023-07-21','Present'),
('TG/2021/1011','TCS1212','MD004','2023-07-21','Present'),
('TG/2021/1012','TCS1212','MD004','2023-07-21','Present'),
('TG/2021/1013','TCS1212','MD004','2023-07-21','Present'),
('TG/2021/1014','TCS1212','MD004','2023-07-21','Present'),
('TG/2021/1015','TCS1212','MD004','2023-07-21','Present'),
('TG/2021/1016','TCS1212','MD004','2023-07-21','Present'),
('TG/2021/1017','TCS1212','MD004','2023-07-21','Present'),
('TG/2021/1018','TCS1212','MD004','2023-07-21','Present'),
('TG/2021/1019','TCS1212','MD004','2023-07-21','Present'),
('TG/2021/1020','TCS1212','MD004','2023-07-21','Present'),
('TG/2021/1021','TCS1212','MD004','2023-07-21','Present'),
('TG/2021/1022','TCS1212','MD004','2023-07-21','Present'),
('TG/2021/1023','TCS1212','MD004','2023-07-21','Present'),
('TG/2021/1024','TCS1212','MD004','2023-07-21','Present'),

('TG/2021/1010','TCS1212','MD004','2023-07-28','Present'),
('TG/2021/1011','TCS1212','MD004','2023-07-28','Present'),
('TG/2021/1012','TCS1212','MD004','2023-07-28','Present'),
('TG/2021/1013','TCS1212','MD004','2023-07-28','Present'),
('TG/2021/1014','TCS1212','MD004','2023-07-28','Present'),
('TG/2021/1015','TCS1212','MD004','2023-07-28','Present'),
('TG/2021/1016','TCS1212','MD004','2023-07-28','Present'),
('TG/2021/1017','TCS1212','MD004','2023-07-28','Present'),
('TG/2021/1018','TCS1212','MD004','2023-07-28','Present'),
('TG/2021/1019','TCS1212','MD004','2023-07-28','Present'),
('TG/2021/1020','TCS1212','MD004','2023-07-28','Present'),
('TG/2021/1021','TCS1212','MD004','2023-07-28','Present'),
('TG/2021/1022','TCS1212','MD004','2023-07-28','Present'),
('TG/2021/1023','TCS1212','MD004','2023-07-28','Present'),
('TG/2021/1024','TCS1212','MD004','2023-07-28','Present'),


('TG/2021/1010','TCS1212','MD004','2023-08-04','Present'),
('TG/2021/1011','TCS1212','MD004','2023-08-04','Present'),
('TG/2021/1012','TCS1212','MD004','2023-08-04','Present'),
('TG/2021/1013','TCS1212','MD004','2023-08-04','Present'),
('TG/2021/1014','TCS1212','MD004','2023-08-04','Present'),
('TG/2021/1015','TCS1212','MD004','2023-08-04','Present'),
('TG/2021/1016','TCS1212','MD004','2023-08-04','Present'),
('TG/2021/1017','TCS1212','MD004','2023-08-04','Present'),
('TG/2021/1018','TCS1212','MD004','2023-08-04','Present'),
('TG/2021/1019','TCS1212','MD004','2023-08-04','Present'),
('TG/2021/1020','TCS1212','MD004','2023-08-04','Present'),
('TG/2021/1021','TCS1212','MD004','2023-08-04','Present'),
('TG/2021/1022','TCS1212','MD004','2023-08-04','Present'),
('TG/2021/1023','TCS1212','MD004','2023-08-04','Present'),
('TG/2021/1024','TCS1212','MD004','2023-08-04','Present'),

('TG/2021/1010','TCS1212','MD004','2023-08-11','Present'),
('TG/2021/1011','TCS1212','MD004','2023-08-11','Present'),
('TG/2021/1012','TCS1212','MD004','2023-08-11','Present'),
('TG/2021/1013','TCS1212','MD004','2023-08-11','Present'),
('TG/2021/1014','TCS1212','MD004','2023-08-11','Present'),
('TG/2021/1015','TCS1212','MD004','2023-08-11','Present'),
('TG/2021/1016','TCS1212','MD004','2023-08-11','Present'),
('TG/2021/1017','TCS1212','MD004','2023-08-11','Present'),
('TG/2021/1018','TCS1212','MD004','2023-08-11','Present'),
('TG/2021/1019','TCS1212','MD004','2023-08-11','Present'),
('TG/2021/1020','TCS1212','MD004','2023-08-11','Present'),
('TG/2021/1021','TCS1212','MD004','2023-08-11','Present'),
('TG/2021/1022','TCS1212','MD004','2023-08-11','Present'),
('TG/2021/1023','TCS1212','MD004','2023-08-11','Present'),
('TG/2021/1024','TCS1212','MD004','2023-08-11','Present'),

('TG/2021/1010','TCS1212','MD004','2023-08-18','Present'),
('TG/2021/1011','TCS1212','MD004','2023-08-18','Present'),
('TG/2021/1012','TCS1212','MD004','2023-08-18','Present'),
('TG/2021/1013','TCS1212','MD004','2023-08-18','Present'),
('TG/2021/1014','TCS1212','MD004','2023-08-18','Present'),
('TG/2021/1015','TCS1212','MD004','2023-08-18','Present'),
('TG/2021/1016','TCS1212','MD004','2023-08-18','Present'),
('TG/2021/1017','TCS1212','MD004','2023-08-18','Present'),
('TG/2021/1018','TCS1212','MD004','2023-08-18','Present'),
('TG/2021/1019','TCS1212','MD004','2023-08-18','Present'),
('TG/2021/1020','TCS1212','MD004','2023-08-18','Present'),
('TG/2021/1021','TCS1212','MD004','2023-08-18','Present'),
('TG/2021/1022','TCS1212','MD004','2023-08-18','Present'),
('TG/2021/1023','TCS1212','MD004','2023-08-18','Present'),
('TG/2021/1024','TCS1212','MD004','2023-08-18','Present'),

('TG/2021/1010','TCS1212','MD004','2023-08-25','Present'),
('TG/2021/1011','TCS1212','MD004','2023-08-25','Present'),
('TG/2021/1012','TCS1212','MD004','2023-08-25','Present'),
('TG/2021/1013','TCS1212','MD004','2023-08-25','Present'),
('TG/2021/1014','TCS1212','MD004','2023-08-25','Present'),
('TG/2021/1015','TCS1212','MD004','2023-08-25','Present'),
('TG/2021/1016','TCS1212','MD004','2023-08-25','Present'),
('TG/2021/1017','TCS1212','MD004','2023-08-25','Present'),
('TG/2021/1018','TCS1212','MD004','2023-08-25','Present'),
('TG/2021/1019','TCS1212','MD004','2023-08-25','Present'),
('TG/2021/1020','TCS1212','MD004','2023-08-25','Present'),
('TG/2021/1021','TCS1212','MD004','2023-08-25','Present'),
('TG/2021/1022','TCS1212','MD004','2023-08-25','Present'),
('TG/2021/1023','TCS1212','MD004','2023-08-25','Present'),
('TG/2021/1024','TCS1212','MD004','2023-08-25','Present'),


('TG/2021/1010','TCS1212','MD004','2023-09-01','Present'),
('TG/2021/1011','TCS1212','MD004','2023-09-01','Present'),
('TG/2021/1012','TCS1212','MD004','2023-09-01','Present'),
('TG/2021/1013','TCS1212','MD004','2023-09-01','Present'),
('TG/2021/1014','TCS1212','MD004','2023-09-01','Present'),
('TG/2021/1015','TCS1212','MD004','2023-09-01','Present'),
('TG/2021/1016','TCS1212','MD004','2023-09-01','Present'),
('TG/2021/1017','TCS1212','MD004','2023-09-01','Present'),
('TG/2021/1018','TCS1212','MD004','2023-09-01','Present'),
('TG/2021/1019','TCS1212','MD004','2023-09-01','Present'),
('TG/2021/1020','TCS1212','MD004','2023-09-01','Present'),
('TG/2021/1021','TCS1212','MD004','2023-09-01','Present'),
('TG/2021/1022','TCS1212','MD004','2023-09-01','Present'),
('TG/2021/1023','TCS1212','MD004','2023-09-01','Present'),
('TG/2021/1024','TCS1212','MD004','2023-09-01','Present'),

('TG/2021/1010','TCS1212','MD004','2023-09-08','Present'),
('TG/2021/1011','TCS1212','MD004','2023-09-08','Present'),
('TG/2021/1012','TCS1212','MD004','2023-09-08','Present'),
('TG/2021/1013','TCS1212','MD004','2023-09-08','Present'),
('TG/2021/1014','TCS1212','MD004','2023-09-08','Present'),
('TG/2021/1015','TCS1212','MD004','2023-09-08','Present'),
('TG/2021/1016','TCS1212','MD004','2023-09-08','Present'),
('TG/2021/1017','TCS1212','MD004','2023-09-08','Present'),
('TG/2021/1018','TCS1212','MD004','2023-09-08','Present'),
('TG/2021/1019','TCS1212','MD004','2023-09-08','Present'),
('TG/2021/1020','TCS1212','MD004','2023-09-08','Present'),
('TG/2021/1021','TCS1212','MD004','2023-09-08','Present'),
('TG/2021/1022','TCS1212','MD004','2023-09-08','Present'),
('TG/2021/1023','TCS1212','MD004','2023-09-08','Present'),
('TG/2021/1024','TCS1212','MD004','2023-09-08','Present'),

('TG/2021/1010','TCS1212','MD004','2023-09-15','Present'),
('TG/2021/1011','TCS1212','MD004','2023-09-15','Present'),
('TG/2021/1012','TCS1212','MD004','2023-09-15','Present'),
('TG/2021/1013','TCS1212','MD004','2023-09-15','Present'),
('TG/2021/1014','TCS1212','MD004','2023-09-15','Present'),
('TG/2021/1015','TCS1212','MD004','2023-09-15','Present'),
('TG/2021/1016','TCS1212','MD004','2023-09-15','Present'),
('TG/2021/1017','TCS1212','MD004','2023-09-15','Present'),
('TG/2021/1018','TCS1212','MD004','2023-09-15','Present'),
('TG/2021/1019','TCS1212','MD004','2023-09-15','Present'),
('TG/2021/1020','TCS1212','MD004','2023-09-15','Present'),
('TG/2021/1021','TCS1212','MD004','2023-09-15','Present'),
('TG/2021/1022','TCS1212','MD004','2023-09-15','Present'),
('TG/2021/1023','TCS1212','MD004','2023-09-15','Present'),
('TG/2021/1024','TCS1212','MD004','2023-09-15','Present'),

('TG/2021/1010','TCS1212','MD004','2023-09-22','Present'),
('TG/2021/1011','TCS1212','MD004','2023-09-22','Present'),
('TG/2021/1012','TCS1212','MD004','2023-09-22','Present'),
('TG/2021/1013','TCS1212','MD004','2023-09-22','Present'),
('TG/2021/1014','TCS1212','MD004','2023-09-22','Present'),
('TG/2021/1015','TCS1212','MD004','2023-09-22','Present'),
('TG/2021/1016','TCS1212','MD004','2023-09-22','Present'),
('TG/2021/1017','TCS1212','MD004','2023-09-22','Present'),
('TG/2021/1018','TCS1212','MD004','2023-09-22','Present'),
('TG/2021/1019','TCS1212','MD004','2023-09-22','Present'),
('TG/2021/1020','TCS1212','MD004','2023-09-22','Present'),
('TG/2021/1021','TCS1212','MD004','2023-09-22','Present'),
('TG/2021/1022','TCS1212','MD004','2023-09-22','Present'),
('TG/2021/1023','TCS1212','MD004','2023-09-22','Present'),
('TG/2021/1024','TCS1212','MD004','2023-09-22','Present'),

('TG/2021/1010','TCS1212','MD004','2023-09-29','Present'),
('TG/2021/1011','TCS1212','MD004','2023-09-29','Present'),
('TG/2021/1012','TCS1212','MD004','2023-09-29','Present'),
('TG/2021/1013','TCS1212','MD004','2023-09-29','Present'),
('TG/2021/1014','TCS1212','MD004','2023-09-29','Present'),
('TG/2021/1015','TCS1212','MD004','2023-09-29','Present'),
('TG/2021/1016','TCS1212','MD004','2023-09-29','Present'),
('TG/2021/1017','TCS1212','MD004','2023-09-29','Present'),
('TG/2021/1018','TCS1212','MD004','2023-09-29','Present'),
('TG/2021/1019','TCS1212','MD004','2023-09-29','Present'),
('TG/2021/1020','TCS1212','MD004','2023-09-29','Present'),
('TG/2021/1021','TCS1212','MD004','2023-09-29','Present'),
('TG/2021/1022','TCS1212','MD004','2023-09-29','Present'),
('TG/2021/1023','TCS1212','MD004','2023-09-29','Present'),
('TG/2021/1024','TCS1212','MD004','2023-09-29','Present'),

('TG/2021/1010','TCS1212','MD004','2023-10-06','Present'),
('TG/2021/1011','TCS1212','MD004','2023-10-06','Present'),
('TG/2021/1012','TCS1212','MD004','2023-10-06','Present'),
('TG/2021/1013','TCS1212','MD004','2023-10-06','Present'),
('TG/2021/1014','TCS1212','MD004','2023-10-06','Present'),
('TG/2021/1015','TCS1212','MD004','2023-10-06','Present'),
('TG/2021/1016','TCS1212','MD004','2023-10-06','Present'),
('TG/2021/1017','TCS1212','MD004','2023-10-06','Present'),
('TG/2021/1018','TCS1212','MD004','2023-10-06','Present'),
('TG/2021/1019','TCS1212','MD004','2023-10-06','Present'),
('TG/2021/1020','TCS1212','MD004','2023-10-06','Present'),
('TG/2021/1021','TCS1212','MD004','2023-10-06','Present'),
('TG/2021/1022','TCS1212','MD004','2023-10-06','Present'),
('TG/2021/1023','TCS1212','MD004','2023-10-06','Present'),
('TG/2021/1024','TCS1212','MD004','2023-10-06','Present'),

('TG/2021/1010','TCS1212','MD004','2023-10-13','Present'),
('TG/2021/1011','TCS1212','MD004','2023-10-13','Present'),
('TG/2021/1012','TCS1212','MD004','2023-10-13','Present'),
('TG/2021/1013','TCS1212','MD004','2023-10-13','Present'),
('TG/2021/1014','TCS1212','MD004','2023-10-13','Present'),
('TG/2021/1015','TCS1212','MD004','2023-10-13','Present'),
('TG/2021/1016','TCS1212','MD004','2023-10-13','Present'),
('TG/2021/1017','TCS1212','MD004','2023-10-13','Present'),
('TG/2021/1018','TCS1212','MD004','2023-10-13','Present'),
('TG/2021/1019','TCS1212','MD004','2023-10-13','Present'),
('TG/2021/1020','TCS1212','MD004','2023-10-13','Present'),
('TG/2021/1021','TCS1212','MD004','2023-10-13','Present'),
('TG/2021/1022','TCS1212','MD004','2023-10-13','Present'),
('TG/2021/1023','TCS1212','MD004','2023-10-13','Present'),
('TG/2021/1024','TCS1212','MD004','2023-10-13','Present'),

('TG/2021/1010','ENG1212','MD004','2023-07-07','Present'),
('TG/2021/1011','ENG1212','MD004','2023-07-07','Present'),
('TG/2021/1012','ENG1212','MD004','2023-07-07','Present'),
('TG/2021/1013','ENG1212','MD004','2023-07-07','Present'),
('TG/2021/1014','ENG1212','MD004','2023-07-07','Present'),
('TG/2021/1015','ENG1212','MD004','2023-07-07','Present'),
('TG/2021/1016','ENG1212','MD004','2023-07-07','Present'),
('TG/2021/1017','ENG1212','MD004','2023-07-07','Present'),
('TG/2021/1018','ENG1212','MD004','2023-07-07','Present'),
('TG/2021/1019','ENG1212','MD004','2023-07-07','Present'),
('TG/2021/1020','ENG1212','MD004','2023-07-07','Present'),
('TG/2021/1021','ENG1212','MD004','2023-07-07','Present'),
('TG/2021/1022','ENG1212','MD004','2023-07-07','Present'),
('TG/2021/1023','ENG1212','MD004','2023-07-07','Present'),
('TG/2021/1024','ENG1212','MD004','2023-07-07','Present'),

('TG/2021/1010','ENG1212','MD004','2023-07-14','Present'),
('TG/2021/1011','ENG1212','MD004','2023-07-14','Present'),
('TG/2021/1012','ENG1212','MD004','2023-07-14','Present'),
('TG/2021/1013','ENG1212','MD004','2023-07-14','Present'),
('TG/2021/1014','ENG1212','MD004','2023-07-14','Present'),
('TG/2021/1015','ENG1212','MD004','2023-07-14','Present'),
('TG/2021/1016','ENG1212','MD004','2023-07-14','Present'),
('TG/2021/1017','ENG1212','MD004','2023-07-14','Present'),
('TG/2021/1018','ENG1212','MD004','2023-07-14','Present'),
('TG/2021/1019','ENG1212','MD004','2023-07-14','Present'),
('TG/2021/1020','ENG1212','MD004','2023-07-14','Present'),
('TG/2021/1021','ENG1212','MD004','2023-07-14','Present'),
('TG/2021/1022','ENG1212','MD004','2023-07-14','Present'),
('TG/2021/1023','ENG1212','MD004','2023-07-14','Present'),
('TG/2021/1024','ENG1212','MD004','2023-07-14','Present'),

('TG/2021/1010','ENG1212','MD004','2023-07-21','Present'),
('TG/2021/1011','ENG1212','MD004','2023-07-21','Present'),
('TG/2021/1012','ENG1212','MD004','2023-07-21','Present'),
('TG/2021/1013','ENG1212','MD004','2023-07-21','Present'),
('TG/2021/1014','ENG1212','MD004','2023-07-21','Present'),
('TG/2021/1015','ENG1212','MD004','2023-07-21','Present'),
('TG/2021/1016','ENG1212','MD004','2023-07-21','Present'),
('TG/2021/1017','ENG1212','MD004','2023-07-21','Present'),
('TG/2021/1018','ENG1212','MD004','2023-07-21','Present'),
('TG/2021/1019','ENG1212','MD004','2023-07-21','Present'),
('TG/2021/1020','ENG1212','MD004','2023-07-21','Present'),
('TG/2021/1021','ENG1212','MD004','2023-07-21','Present'),
('TG/2021/1022','ENG1212','MD004','2023-07-21','Present'),
('TG/2021/1023','ENG1212','MD004','2023-07-21','Present'),
('TG/2021/1024','ENG1212','MD004','2023-07-21','Present'),

('TG/2021/1010','ENG1212','MD004','2023-07-28','Present'),
('TG/2021/1011','ENG1212','MD004','2023-07-28','Present'),
('TG/2021/1012','ENG1212','MD004','2023-07-28','Present'),
('TG/2021/1013','ENG1212','MD004','2023-07-28','Present'),
('TG/2021/1014','ENG1212','MD004','2023-07-28','Present'),
('TG/2021/1015','ENG1212','MD004','2023-07-28','Present'),
('TG/2021/1016','ENG1212','MD004','2023-07-28','Present'),
('TG/2021/1017','ENG1212','MD004','2023-07-28','Present'),
('TG/2021/1018','ENG1212','MD004','2023-07-28','Present'),
('TG/2021/1019','ENG1212','MD004','2023-07-28','Present'),
('TG/2021/1020','ENG1212','MD004','2023-07-28','Present'),
('TG/2021/1021','ENG1212','MD004','2023-07-28','Present'),
('TG/2021/1022','ENG1212','MD004','2023-07-28','Present'),
('TG/2021/1023','ENG1212','MD004','2023-07-28','Present'),
('TG/2021/1024','ENG1212','MD004','2023-07-28','Present'),


('TG/2021/1010','ENG1212','MD004','2023-08-04','Present'),
('TG/2021/1011','ENG1212','MD004','2023-08-04','Present'),
('TG/2021/1012','ENG1212','MD004','2023-08-04','Present'),
('TG/2021/1013','ENG1212','MD004','2023-08-04','Present'),
('TG/2021/1014','ENG1212','MD004','2023-08-04','Present'),
('TG/2021/1015','ENG1212','MD004','2023-08-04','Present'),
('TG/2021/1016','ENG1212','MD004','2023-08-04','Present'),
('TG/2021/1017','ENG1212','MD004','2023-08-04','Present'),
('TG/2021/1018','ENG1212','MD004','2023-08-04','Present'),
('TG/2021/1019','ENG1212','MD004','2023-08-04','Present'),
('TG/2021/1020','ENG1212','MD004','2023-08-04','Present'),
('TG/2021/1021','ENG1212','MD004','2023-08-04','Present'),
('TG/2021/1022','ENG1212','MD004','2023-08-04','Present'),
('TG/2021/1023','ENG1212','MD004','2023-08-04','Present'),
('TG/2021/1024','ENG1212','MD004','2023-08-04','Present'),

('TG/2021/1010','ENG1212','MD004','2023-08-11','Present'),
('TG/2021/1011','ENG1212','MD004','2023-08-11','Present'),
('TG/2021/1012','ENG1212','MD004','2023-08-11','Present'),
('TG/2021/1013','ENG1212','MD004','2023-08-11','Present'),
('TG/2021/1014','ENG1212','MD004','2023-08-11','Present'),
('TG/2021/1015','ENG1212','MD004','2023-08-11','Present'),
('TG/2021/1016','ENG1212','MD004','2023-08-11','Present'),
('TG/2021/1017','ENG1212','MD004','2023-08-11','Present'),
('TG/2021/1018','ENG1212','MD004','2023-08-11','Present'),
('TG/2021/1019','ENG1212','MD004','2023-08-11','Present'),
('TG/2021/1020','ENG1212','MD004','2023-08-11','Present'),
('TG/2021/1021','ENG1212','MD004','2023-08-11','Present'),
('TG/2021/1022','ENG1212','MD004','2023-08-11','Present'),
('TG/2021/1023','ENG1212','MD004','2023-08-11','Present'),
('TG/2021/1024','ENG1212','MD004','2023-08-11','Present'),

('TG/2021/1010','ENG1212','MD004','2023-08-18','Present'),
('TG/2021/1011','ENG1212','MD004','2023-08-18','Present'),
('TG/2021/1012','ENG1212','MD004','2023-08-18','Present'),
('TG/2021/1013','ENG1212','MD004','2023-08-18','Present'),
('TG/2021/1014','ENG1212','MD004','2023-08-18','Present'),
('TG/2021/1015','ENG1212','MD004','2023-08-18','Present'),
('TG/2021/1016','ENG1212','MD004','2023-08-18','Present'),
('TG/2021/1017','ENG1212','MD004','2023-08-18','Present'),
('TG/2021/1018','ENG1212','MD004','2023-08-18','Present'),
('TG/2021/1019','ENG1212','MD004','2023-08-18','Present'),
('TG/2021/1020','ENG1212','MD004','2023-08-18','Present'),
('TG/2021/1021','ENG1212','MD004','2023-08-18','Present'),
('TG/2021/1022','ENG1212','MD004','2023-08-18','Present'),
('TG/2021/1023','ENG1212','MD004','2023-08-18','Present'),
('TG/2021/1024','ENG1212','MD004','2023-08-18','Present'),

('TG/2021/1010','ENG1212','MD004','2023-08-25','Present'),
('TG/2021/1011','ENG1212','MD004','2023-08-25','Present'),
('TG/2021/1012','ENG1212','MD004','2023-08-25','Present'),
('TG/2021/1013','ENG1212','MD004','2023-08-25','Present'),
('TG/2021/1014','ENG1212','MD004','2023-08-25','Present'),
('TG/2021/1015','ENG1212','MD004','2023-08-25','Present'),
('TG/2021/1016','ENG1212','MD004','2023-08-25','Present'),
('TG/2021/1017','ENG1212','MD004','2023-08-25','Present'),
('TG/2021/1018','ENG1212','MD004','2023-08-25','Present'),
('TG/2021/1019','ENG1212','MD004','2023-08-25','Present'),
('TG/2021/1020','ENG1212','MD004','2023-08-25','Present'),
('TG/2021/1021','ENG1212','MD004','2023-08-25','Present'),
('TG/2021/1022','ENG1212','MD004','2023-08-25','Present'),
('TG/2021/1023','ENG1212','MD004','2023-08-25','Present'),
('TG/2021/1024','ENG1212','MD004','2023-08-25','Present'),


('TG/2021/1010','ENG1212','MD004','2023-09-01','Present'),
('TG/2021/1011','ENG1212','MD004','2023-09-01','Present'),
('TG/2021/1012','ENG1212','MD004','2023-09-01','Present'),
('TG/2021/1013','ENG1212','MD004','2023-09-01','Present'),
('TG/2021/1014','ENG1212','MD004','2023-09-01','Present'),
('TG/2021/1015','ENG1212','MD004','2023-09-01','Present'),
('TG/2021/1016','ENG1212','MD004','2023-09-01','Present'),
('TG/2021/1017','ENG1212','MD004','2023-09-01','Present'),
('TG/2021/1018','ENG1212','MD004','2023-09-01','Present'),
('TG/2021/1019','ENG1212','MD004','2023-09-01','Present'),
('TG/2021/1020','ENG1212','MD004','2023-09-01','Present'),
('TG/2021/1021','ENG1212','MD004','2023-09-01','Present'),
('TG/2021/1022','ENG1212','MD004','2023-09-01','Present'),
('TG/2021/1023','ENG1212','MD004','2023-09-01','Present'),
('TG/2021/1024','ENG1212','MD004','2023-09-01','Present'),

('TG/2021/1010','ENG1212','MD004','2023-09-08','Present'),
('TG/2021/1011','ENG1212','MD004','2023-09-08','Present'),
('TG/2021/1012','ENG1212','MD004','2023-09-08','Present'),
('TG/2021/1013','ENG1212','MD004','2023-09-08','Present'),
('TG/2021/1014','ENG1212','MD004','2023-09-08','Present'),
('TG/2021/1015','ENG1212','MD004','2023-09-08','Present'),
('TG/2021/1016','ENG1212','MD004','2023-09-08','Present'),
('TG/2021/1017','ENG1212','MD004','2023-09-08','Present'),
('TG/2021/1018','ENG1212','MD004','2023-09-08','Present'),
('TG/2021/1019','ENG1212','MD004','2023-09-08','Present'),
('TG/2021/1020','ENG1212','MD004','2023-09-08','Present'),
('TG/2021/1021','ENG1212','MD004','2023-09-08','Present'),
('TG/2021/1022','ENG1212','MD004','2023-09-08','Present'),
('TG/2021/1023','ENG1212','MD004','2023-09-08','Present'),
('TG/2021/1024','ENG1212','MD004','2023-09-08','Present'),

('TG/2021/1010','ENG1212','MD004','2023-09-15','Present'),
('TG/2021/1011','ENG1212','MD004','2023-09-15','Present'),
('TG/2021/1012','ENG1212','MD004','2023-09-15','Present'),
('TG/2021/1013','ENG1212','MD004','2023-09-15','Present'),
('TG/2021/1014','ENG1212','MD004','2023-09-15','Present'),
('TG/2021/1015','ENG1212','MD004','2023-09-15','Present'),
('TG/2021/1016','ENG1212','MD004','2023-09-15','Present'),
('TG/2021/1017','ENG1212','MD004','2023-09-15','Present'),
('TG/2021/1018','ENG1212','MD004','2023-09-15','Present'),
('TG/2021/1019','ENG1212','MD004','2023-09-15','Present'),
('TG/2021/1020','ENG1212','MD004','2023-09-15','Present'),
('TG/2021/1021','ENG1212','MD004','2023-09-15','Present'),
('TG/2021/1022','ENG1212','MD004','2023-09-15','Present'),
('TG/2021/1023','ENG1212','MD004','2023-09-15','Present'),
('TG/2021/1024','ENG1212','MD004','2023-09-15','Present'),

('TG/2021/1010','ENG1212','MD004','2023-09-22','Present'),
('TG/2021/1011','ENG1212','MD004','2023-09-22','Present'),
('TG/2021/1012','ENG1212','MD004','2023-09-22','Present'),
('TG/2021/1013','ENG1212','MD004','2023-09-22','Present'),
('TG/2021/1014','ENG1212','MD004','2023-09-22','Present'),
('TG/2021/1015','ENG1212','MD004','2023-09-22','Present'),
('TG/2021/1016','ENG1212','MD004','2023-09-22','Present'),
('TG/2021/1017','ENG1212','MD004','2023-09-22','Present'),
('TG/2021/1018','ENG1212','MD004','2023-09-22','Present'),
('TG/2021/1019','ENG1212','MD004','2023-09-22','Present'),
('TG/2021/1020','ENG1212','MD004','2023-09-22','Present'),
('TG/2021/1021','ENG1212','MD004','2023-09-22','Present'),
('TG/2021/1022','ENG1212','MD004','2023-09-22','Present'),
('TG/2021/1023','ENG1212','MD004','2023-09-22','Present'),
('TG/2021/1024','ENG1212','MD004','2023-09-22','Present'),

('TG/2021/1010','ENG1212','MD004','2023-09-29','Present'),
('TG/2021/1011','ENG1212','MD004','2023-09-29','Present'),
('TG/2021/1012','ENG1212','MD004','2023-09-29','Present'),
('TG/2021/1013','ENG1212','MD004','2023-09-29','Present'),
('TG/2021/1014','ENG1212','MD004','2023-09-29','Present'),
('TG/2021/1015','ENG1212','MD004','2023-09-29','Present'),
('TG/2021/1016','ENG1212','MD004','2023-09-29','Present'),
('TG/2021/1017','ENG1212','MD004','2023-09-29','Present'),
('TG/2021/1018','ENG1212','MD004','2023-09-29','Present'),
('TG/2021/1019','ENG1212','MD004','2023-09-29','Present'),
('TG/2021/1020','ENG1212','MD004','2023-09-29','Present'),
('TG/2021/1021','ENG1212','MD004','2023-09-29','Present'),
('TG/2021/1022','ENG1212','MD004','2023-09-29','Present'),
('TG/2021/1023','ENG1212','MD004','2023-09-29','Present'),
('TG/2021/1024','ENG1212','MD004','2023-09-29','Present'),


('TG/2021/1010','ENG1212','MD004','2023-10-06','Present'),
('TG/2021/1011','ENG1212','MD004','2023-10-06','Present'),
('TG/2021/1012','ENG1212','MD004','2023-10-06','Present'),
('TG/2021/1013','ENG1212','MD004','2023-10-06','Present'),
('TG/2021/1014','ENG1212','MD004','2023-10-06','Present'),
('TG/2021/1015','ENG1212','MD004','2023-10-06','Present'),
('TG/2021/1016','ENG1212','MD004','2023-10-06','Present'),
('TG/2021/1017','ENG1212','MD004','2023-10-06','Present'),
('TG/2021/1018','ENG1212','MD004','2023-10-06','Present'),
('TG/2021/1019','ENG1212','MD004','2023-10-06','Present'),
('TG/2021/1020','ENG1212','MD004','2023-10-06','Present'),
('TG/2021/1021','ENG1212','MD004','2023-10-06','Present'),
('TG/2021/1022','ENG1212','MD004','2023-10-06','Present'),
('TG/2021/1023','ENG1212','MD004','2023-10-06','Present'),
('TG/2021/1024','ENG1212','MD004','2023-10-06','Present'),

('TG/2021/1010','ENG1212','MD004','2023-10-13','Present'),
('TG/2021/1011','ENG1212','MD004','2023-10-13','Present'),
('TG/2021/1012','ENG1212','MD004','2023-10-13','Present'),
('TG/2021/1013','ENG1212','MD004','2023-10-13','Present'),
('TG/2021/1014','ENG1212','MD004','2023-10-13','Present'),
('TG/2021/1015','ENG1212','MD004','2023-10-13','Present'),
('TG/2021/1016','ENG1212','MD004','2023-10-13','Present'),
('TG/2021/1017','ENG1212','MD004','2023-10-13','Present'),
('TG/2021/1018','ENG1212','MD004','2023-10-13','Present'),
('TG/2021/1019','ENG1212','MD004','2023-10-13','Present'),
('TG/2021/1020','ENG1212','MD004','2023-10-13','Present'),
('TG/2021/1021','ENG1212','MD004','2023-10-13','Present'),
('TG/2021/1022','ENG1212','MD004','2023-10-13','Present'),
('TG/2021/1023','ENG1212','MD004','2023-10-13','Present'),
('TG/2021/1024','ENG1212','MD004','2023-10-13','Present')
;