CREATE DATABASE LMS;

USE LMS;

CREATE TABLE Staff
     (
     Staff_id VARCHAR(10),
     Name VARCHAR(30),
     Salary FLOAT(10,2),
     Department_id VARCHAR(8),
     PRIMARY KEY(Staff_id),
     FOREIGN KEY (Department_id) REFERENCES Department(Department_id)
     );

CREATE TABLE Admin
     (
     Admin_id VARCHAR(10),
     Staff_id VARCHAR(10),
     Contact_no VARCHAR(12),
     PRIMARY KEY(Admin_id)
     );

CREATE TABLE Dean
     (
     Dean_id VARCHAR(10),
     Staff_id VARCHAR(10),
     Contact_no VARCHAR(12),
     PRIMARY KEY(Dean_id)
     );

CREATE TABLE Lecture
     (
     Lecture_id VARCHAR(10),
     Staff_id VARCHAR(10),
     Contact_no VARCHAR(12),
     PRIMARY KEY(Lecture_id)
     );

CREATE TABLE Courses_lecture (
     Course_id VARCHAR(10),
     Lecture_id VARCHAR(10),
     PRIMARY KEY (Course_id, Lecture_id)
     );


INSERT INTO staff
VALUES
('S0001','Mr.Thushara Ekanayake','110000.00','NULL'),
('S0002','Mr.Ruwan Perera','180000.00','NULL'),
('S0003','Mr.Sunil Premasiri','90000.00','ET001'),
('S0004','Mr.Ishan Rangajeewa','90000.00','ET001'),
('S0005','Mr.P.H.P.Nuwan Laksiri','90000.00','ICT002'),
('S0006','s.Rumeshika Wickrama Arachchi','90000.00','ICT002'),
('S0007','Prof. Subash Jayasinghe','90000.00','ICT002'),
('S0008','Ms.Chanduni Gamage','90000.00','ICT002'),
('S0009','Ms.Nilamthi Adikaram','90000.00','ICT002'),
('S0010','Mr.Harshana Senavirathna','90000.00','ICT002'),
('S0011','Ms.Hiranya Amarasinghe','90000.00','ICT002'),
('S0012','Ms.Madhubashini Bandara','90000.00','BST003'),
('S0013','Ms.Nalani Jayasooriya','90000.00','BST003'),
('S0014','Mr.Kasun Indipa','90000.00','BST003'),
('S0015','Ms.Nilanthi Kumari','90000.00','MD004'),
('S0016','Ms.Nethmi Herath','90000.00','MD004'),
('S0017','Mr.Chathuranga Adhikari','90000.00','MD004'),
('S0018','Ms.Ruwangi Ekanayake','90000.00','MD004'),
('S0019','Ms.Nipuni Ayodya','90000.00','MD004'),
('S0020','Mr.Sampath Kumara','60000.00','ET001'),
('S0021','Mr.Sanjaya Kavishka','60000.00','ICT002'),
('S0022','Mr.Nirmal Silva','60000.00','BST003'),
('S0023','Mr.Pethum Madhusanka','60000.00','MD004')
;


INSERT INTO Admin
VALUES
('A001','S0001','071-2468123')
;


INSERT INTO Dean
VALUES
('A001','S0002','072-6898235')
;


INSERT INTO Lecture
VALUES
('L001','S0003','071-8383648'),
('L002','S0004','076-2546789'),
('L003','S0005','072-1469887'),
('L004','S0006','077-3497256'),
('L005','S0007','076-6487298'),
('L006','S0008','070-3546845'),
('L007','S0009','070-4793168'),
('L008','S0010','072-5246316'),
('L009','S0011','074-7896548'),
('L010','S0012','071-1245687'),
('L011','S0013','070-3465556'),
('L012','S0014','076-3318799'),
('L013','S0015','076-2452525'),
('L014','S0016','070-7878956'),
('L015','S0017','072-2232555'),
('L016','S0018','075-4578888'),
('L017','S0019','075-0189256');





INSERT INTO Courses_lecture (Course_id, Lecture_id)
VALUES
     ('ICT1212', 'L003'),
     ('ICT1222', 'L003'),
     ('ICT1233', 'L004'),
     ('ICT1242', 'L005'),
     ('ICT1253', 'L006'),
     ('TCS1212', 'L007'),
     ('TMS1233', 'L008'),
     ('ENG1212', 'L009');



-- With All privileges with Grant Option for all the tables in the database 

CREATE USER 'Admin'@'localhost' IDENTIFIED BY 'adminpwd';
GRANT ALL PRIVILEGES ON lms TO 'Admin'@'localhost' WITH GRANT OPTION;


-- With All privileges without Grant for all the tables in the database

CREATE USER 'Dean'@'localhost' IDENTIFIED BY 'deanpwd';
GRANT ALL PRIVILEGES ON lms TO 'Dean'@'localhost';


-- All privileges without Grant and user creation for all the tables in the database

CREATE USER 'Lecturer'@'localhost' IDENTIFIED BY 'lecturer';
GRANT SELECT, INSERT, UPDATE, DELETE ON lms TO 'Lecturer'@'localhost';


-- Read, write and update permissions for attendance related tables/views

CREATE USER 'Technical_Officer'@'localhost' IDENTIFIED BY 'topwd';
GRANT SELECT, INSERT, UPDATE ON lms.attendance TO 'Technical_Officer'@'localhost';


-- Read permission for final attendance and final marks/Grades tables/views

CREATE USER 'Student'@'localhost' IDENTIFIED BY 'Studentpwd';
GRANT SELECT ON lms.attendance TO 'Student'@'localhost';
GRANT SELECT ON lms.final_mark TO 'Student'@'localhost';
GRANT SELECT ON lms.mark TO 'Student'@'localhost';


Create view  student_cource AS 
SELECT s.Student_id, s.Name, c.C_name
FROM Student s
JOIN Course c ON s.Course_id = c.Course_id;


SELECT * FROM student_cource;


--SHOW staff_id , Name , salary--

Create view  staff_details AS 
SELECT Staff_id, Name, Salary 
FROM Staff;


SELECT * FROM staff_details;


-- Show course id and lecturer id --


SELECT Course_id, Lecture_id 
FROM Courses_lecture;



CREATE TABLE Exam_Marks( 
        Quiz1 INT,
        Quiz2 INT,
        Quiz3 INT,
        Mid_mark INT,
        End_mark INT,
        Assesments INT,
        Student_id VARCHAR(20),
        Course_id VARCHAR(20),
        Department_id VARCHAR(20),
        FOREIGN KEY (Student_id) REFERENCES student(Student_id)
        );  



INSERT INTO Exam_Marks VALUES
( 70 , 60 , 60 , 50, 50 , 80 , "TG/2021/1010" , "TCS1212" , "MD004"),
( 80 , 70 , 60 , 60, 70 , 80 , "TG/2021/1011" , "TCS1212" , "MD004"),
( 60 , 50 , 30 , 40, 50 , 60 , "TG/2021/1012" , "TCS1212" , "MD004"),
( 50 , 40 , 40 , 30, 40 , 50 , "TG/2021/1013" , "TCS1212" , "MD004"),
( 40 , 30 , 20 , 20, 30 , 40 , "TG/2021/1014" , "TCS1212" , "MD004"),
( 70 , 80 , 50 , 80, 70 , 80 , "TG/2021/1015" , "TCS1212" , "MD004"),
( 50 , 70 , 00 , 70, 50 , 60 , "TG/2021/1016" , "TCS1212" , "MD004"),
( 80 , 70 , 90 , 60, 70 , 80 , "TG/2021/1017" , "TCS1212" , "MD004"),
( 70 , 60 , 50 , 50, 60 , 70 , "TG/2021/1018" , "TCS1212" , "MD004"),
( 60 , 40 , 90 , 40, 50 , 90 , "TG/2021/1019" , "TCS1212" , "MD004"),
( 50 , 80 , 30 , 30, 40 , 50 , "TG/2020/980" , "TCS1212" , "MD004"),
( 60 , 30 , 70 , 20, 30 , 60 , "TG/2020/810" , "TCS1212" , "MD004"),
( 30 , 60 , 90 , 10, 20 , 70 , "TG/2020/853" , "TCS1212" , "MD004"),
( 60 , 80 , 00 , 00, 10 , 70 , "TG/2019/866" , "TCS1212" , "MD004"),
( 80 , 70 , 60 , 60, 70 , 80 , "TG/2019/854" , "TCS1212" , "MD004"),
( 0 , 0 , 0 , 0 , 0, 0 , "TG/2018/512" , "TCS1212" , "MD004"),
( 0 , 0 , 0 , 0 , 0, 0 , "TG/2018/645" , "TCS1212" , "MD004"),
( 0 , 0 , 0 , 0 , 0, 0 , "TG/2017/420" , "TCS1212" , "MD004"),

( 40 , 70 , 80 , 70, 80 , 90 , "TG/2021/1010" , "TMS1233" , "ET001"),
( 70 , 20 , 80 , 80, 80 , 70 , "TG/2021/1011" , "TMS1233" , "ET001"),
( 20 , 50 , 60 , 60, 60 , 60 , "TG/2021/1012" , "TMS1233" , "ET001"),
( 80 , 70 , 60 , 60, 70 , 80 , "TG/2021/1013" , "TMS1233" , "ET001"),
( 70 , 60 , 50 , 50, 60 , 70 , "TG/2021/1014" , "TMS1233" , "ET001"),
( 60 , 50 , 40 , 80, 50 , 60 , "TG/2021/1015" , "TMS1233" , "ET001"),
( 50 , 40 , 80 , 80, 70 , 50 , "TG/2021/1016" , "TMS1233" , "ET001"),
( 40 , 80 , 50 , 40, 60 , 80 , "TG/2021/1017" , "TMS1233" , "ET001"),
( 30 , 70 , 80 , 80, 50 , 60 , "TG/2021/1018" , "TMS1233" , "ET001"),
( 90 , 10 , 60 , 70, 80 , 40 , "TG/2021/1019" , "TMS1233" , "ET001"),
( 80 , 70 , 60 , 60, 70 , 80 , "TG/2020/980" , "TMS1233" , "ET001"),
( 70 , 60 , 50 , 60, 60 , 70 , "TG/2020/810" , "TMS1233" , "ET001"),
( 60 , 50 , 40 , 80, 50 , 60 , "TG/2020/853" , "TMS1233" , "ET001"),
( 50 , 40 , 70 , 90, 80 , 50 , "TG/2019/866" , "TMS1233" , "ET001"),
( 40 , 30 , 20 , 20, 30 , 40 , "TG/2019/854" , "TMS1233" , "ET001"),
( 0 , 0 , 0 , 0  , 0 , 0 , "TG/2018/512" , "TMS1233" , "ET001"),
( 0 , 0 , 0 , 0  , 0 , 0 , "TG/2018/645" , "TMS1233" , "ET001"),
( 0 , 0 , 0 , 0  , 0 , 0 , "TG/2017/420" , "TMS1233" , "ET001"),


( 80 , 70 , 60, 60, 70 , 80 , "TG/2021/1010" , "ICT1253" , "ICT002T"),
( 80 , 40 , 25, 60, 23 , 74 , "TG/2021/1011" , "ICT1253" , "ICT002T"),
( 40 , 80 , 30, 20, 46 , 23 , "TG/2021/1012" , "ICT1253" , "ICT002T"),
( 50 , 60 , 60, 90, 57 , 12 , "TG/2021/1013" , "ICT1253" , "ICT002T"),
( 75 , 10 , 45, 00, 86 , 85 , "TG/2021/1014" , "ICT1253" , "ICT002T"),
( 80 , 30 , 35, 30, 96 , 69 , "TG/2021/1015" , "ICT1253" , "ICT002T"),
( 70 , 60 , 25, 23, 44 , 35 , "TG/2021/1016" , "ICT1253" , "ICT002T"),
( 20 , 30 , 25, 70, 43 , 97 , "TG/2021/1017" , "ICT1253" , "ICT002T"),
( 40 , 80 , 90, 68, 23 , 23 , "TG/2021/1018" , "ICT1253" , "ICT002T"),
( 20 , 60 , 70, 68, 74 , 74 , "TG/2021/1019" , "ICT1253" , "ICT002T"),
( 80 , 30 , 50, 67, 86 , 35 , "TG/2020/980" , "ICT1253" , "ICT002"),
( 70 , 70 , 10, 45, 75 , 35 , "TG/2020/810" , "ICT1253" , "ICT002"),
( 10 , 80 , 25, 78, 34 , 24 , "TG/2020/853" , "ICT1253" , "ICT002"),
( 30 , 90 , 15, 80, 85 , 23 , "TG/2019/866" , "ICT1253" , "ICT002"),
( 60 , 70 , 20, 45, 12 , 12 , "TG/2019/854" , "ICT1253" , "ICT002"),
( 0 , 0 , 0 , 0 , 0 , 0 , "TG/2018/512" , "ICT1253" , "ICT002"),
( 0 , 0 , 0 , 0 , 0 , 0 , "TG/2018/645" , "ICT1253" , "ICT002"),
( 0 , 0 , 0 , 0 , 0 , 0 , "TG/2017/420" , "ICT1253" , "ICT002"),

( 45 , 70 , 60, 63, 5 , 20 ,  "TG/2021/1010" , "ICT1242" , "ICT002"),
( 30 , 40 , 65, 20, 4 , 75 ,  "TG/2021/1011" , "ICT1242" , "ICT002"),
( 60 , 80 , 30, 25, 65 , 53 , "TG/2021/1012" , "ICT1242" , "ICT002"),
( 60 , 60 , 60, 76, 34 , 13 , "TG/2021/1013" , "ICT1242" , "ICT002"),
( 08 , 10 , 25, 45, 34 , 83 , "TG/2021/1014" , "ICT1242" , "ICT002"),
( 80 , 30 , 75, 34, 56 , 76 , "TG/2021/1015" , "ICT1242" , "ICT002"),
( 65 , 60 , 25, 00, 67 , 23 , "TG/2021/1016" , "ICT1242" , "ICT002"),
( 25 , 30 , 75, 35, 78 , 23 , "TG/2021/1017" , "ICT1242" , "ICT002"),
( 45 , 80 , 40, 65, 23 , 76 , "TG/2021/1018" , "ICT1242" , "ICT002"),
( 20 , 60 , 20, 15, 86 , 57 , "TG/2021/1019" , "ICT1242" , "ICT002"),
( 80 , 30 , 30, 15, 12 , 34 , "TG/2020/980" , "ICT1242" , "ICT002"),
( 75 , 70 , 60, 65, 75 , 23 , "TG/2020/810" , "ICT1242" , "ICT002"),
( 25 , 80 , 45, 75, 76 , 27 , "TG/2020/853" , "ICT1242" , "ICT002"),
( 24 , 90 , 35, 21, 12 , 23 ,  "TG/2019/866" , "ICT1242" , "ICT002"),
( 60 , 70 , 70, 5 , 54 , 87 ,  "TG/2019/854" , "ICT1242" , "ICT002"),
( 0 , 0 , 0 , 0 , 0 , 0 , "TG/2018/512" , "ICT1242" , "ICT002"),
( 0 , 0 , 0 , 0 , 0 , 0 , "TG/2018/645" , "ICT1242" , "ICT002"),
( 0 , 0 , 0 , 0 , 0 , 0 , "TG/2017/420" , "ICT1242" , "ICT002"),


( 80,70,80,78,90,75,   "TG/2021/1010","ICT1222","ICT002"),
( 90,25,90,76,56,76,   "TG/2021/1011","ICT1222","ICT002"),
( 50,60,70,65,76,86,   "TG/2021/1012","ICT1222","ICT002"),
( 30,10,60,50,34,72,   "TG/2021/1013","ICT1222","ICT002"),
( 00,10,10,35,36,50,   "TG/2021/1014","ICT1222","ICT002"),
( 100,100,100,78,90,98,"TG/2021/1015","ICT1222","ICT002"),
( 80,70,80,78,90,25,   "TG/2021/1016","ICT1222","ICT002"),
( 75,35,55,44,10,57,   "TG/2021/1017","ICT1222","ICT002"),
( 65,15,85,67,90,45,   "TG/2021/1018","ICT1222","ICT002"),
( 95,55,60,91,79,81,   "TG/2021/1019","ICT1222","ICT002"),
( 85,35,75,10,80,69,     "TG/2020/980","ICT1222","ICT002"),
( 100,100,100,100,100,48,"TG/2020/810","ICT1222","ICT002"),
( 90,90,90,90,99,65,     "TG/2020/853","ICT1222","ICT002"),
( 65,55,50,65,65,58,     "TG/2019/866","ICT1222","ICT002"),
( 55,45,65,72,66,78,     "TG/2019/854","ICT1222","ICT002"),
( 0,0,0,0,0,0,"TG/2018/512","ICT1222","ICT002"),
( 0,0,0,0,0,0,"TG/2018/645","ICT1222","ICT002"),
( 0,0,0,0,0,0,"TG/2017/420","ICT1222","ICT002"), 
    

(30,50,10,78,90,67,   "TG/2021/1010","ICT1233","ICT002"),
(30,20,10,55,26,55,   "TG/2021/1011","ICT1233","ICT002"),
(35,25,75,63,72,77,   "TG/2021/1012","ICT1233","ICT002"),
(30,10,60,50.3,34,90, "TG/2021/1013","ICT1233","ICT002"),
(00,10,10,35,56.9,95, "TG/2021/1014","ICT1233","ICT002"),
(100,100,100,78,90,85,"TG/2021/1015","ICT1233","ICT002"),
(80,75,80,78,90,32,   "TG/2021/1016","ICT1233","ICT002"),
(75,35,55,44.5,10,52, "TG/2021/1017","ICT1233","ICT002"),
(65,75,85,67,90,45,   "TG/2021/1018","ICT1233","ICT002"),
(95,55,60,91.2,79,65, "TG/2021/1019","ICT1233","ICT002"),
(65,35,75,10,80,43,      "TG/2020/980","ICT1233","ICT002"),
(100,100,100,100,100,100,"TG/2020/810","ICT1233","ICT002"),
(90,90,90,90,99,59,      "TG/2020/853","ICT1233","ICT002"),
(65,55,50,65,65,82,      "TG/2019/866","ICT1233","ICT002"),
(55,45,65,72,66,92,      "TG/2019/854","ICT1233","ICT002"),
(0,0,0,0,0,0,"TG/2018/512","ICT1233","ICT002"),
(0,0,0,0,0,0,"TG/2018/645","ICT1233","ICT002"),
(0,0,0,0,0,0,"TG/2017/420","ICT1233","ICT002"), 

    
( 85 , 65 , 70 , 65, 60 , 20 , "TG/2021/1010" , "ENG1222","MD004"),
( 84 , 75 , 60 , 70, 40 , 45 , "TG/2021/1011" , "ENG1222","MD004"),
( 60 , 70 , 65 , 70, 55 , 60 , "TG/2021/1012" , "ENG1222","MD004"),
( 70 , 80 , 40 , 80, 65 , 45 , "TG/2021/1013" , "ENG1222","MD004"),
( 80 , 85 , 45 , 65, 55 , 50 , "TG/2021/1014" , "ENG1222","MD004"),
( 90 , 75 , 30 , 75, 75 , 30 , "TG/2021/1015" , "ENG1222","MD004"),
( 65 , 70 , 55 , 20, 65 , 45 , "TG/2021/1016" , "ENG1222","MD004"),
( 75 , 65 , 65 , 80, 55 , 35 , "TG/2021/1017" , "ENG1222","MD004"),
( 70 , 60 , 55 , 85, 90 , 10 , "TG/2021/1018" , "ENG1222","MD004"),
( 85 , 75 , 75 , 90, 85 , 30 , "TG/2021/1019" , "ENG1222","MD004"),

(  60, 55 , 65, 55 , 75 , 50 , "TG/2020/980" ,"ENG1222","MD004"),
(  60, 70 , 40, 75 ,  60 , 55, "TG/2020/810", "ENG1222","MD004"),
(  70 , 65 , 55 , 90 , 90 , 40 ,"TG/2020/853", "ENG1222","MD004"),
(  85 , 75 , 55 , 70 , 40 , 20 ,"TG/2019/866", "ENG1222","MD004"),
(  30, 65 , 45, 60  , 80 , 40 , "TG/2019/854" , "ENG1222","MD004"),

( 0 , 0 , 0 , 0 , 0 , 0 , "TG/2018/512"  , "ENG1222","MD004"),
( 0 , 0 , 0 , 0 , 0 , 0 , "TG/2018/645"  , "ENG1222","MD004"),
( 0 , 0 , 0 , 0 , 0 , 0 , "TG/2017/420"  , "ENG1222","MD004"),


( 85 , 60 , 70 , 65 , 70 , 80 , "TG/2021/1010" , "ICT1212","ICT002"),
( 75 , 70 , 65 , 55 , 35 , 60 , "TG/2021/1011" , "ICT1212","ICT002"),
( 80 , 75 , 40 , 70 , 70 , 75 , "TG/2021/1012" , "ICT1212","ICT002"),
( 85 , 65 , 60 , 80 , 65 , 70 , "TG/2021/1013" , "ICT1212","ICT002"),
( 90 , 85 , 65 , 80 , 90 , 65 , "TG/2021/1014" , "ICT1212","ICT002"),
( 80 , 90 , 50 , 65 , 75 , 45 , "TG/2021/1015" , "ICT1212","ICT002"),
( 65 , 45 , 60 , 70 , 70 , 55 , "TG/2021/1016" , "ICT1212","ICT002"),
( 75 , 40 , 40 , 90 , 70 , 80 , "TG/2021/1017" , "ICT1212","ICT002"),
( 80 , 20 , 50 , 80 , 65 , 75 , "TG/2021/1018" , "ICT1212","ICT002"),
( 85 , 50 , 90 , 70 , 55 , 80 , "TG/2021/1019" , "ICT1212","ICT002"),

( 50 , 70 , 80 , 65 , 55 , 65 , "TG/2020/980"  , "ICT1212","ICT002"),
( 60 , 80 , 70 , 75 , 65 , 90 , "TG/2020/810"  , "ICT1212","ICT002"),
( 70 , 90 , 60 , 80 , 75 , 80 , "TG/2020/853"  , "ICT1212","ICT002"),
( 90 , 75 , 65 , 65 , 85 , 85 , "TG/2019/866"  , "ICT1212","ICT002"),
( 80 , 75 , 65 , 45 , 75 , 80 , "TG/2019/854"  , "ICT1212","ICT002"),

( 0 , 0 , 0 , 0 , 0 , 0 , "TG/2018/512"  , "ICT1212","ICT002"),
( 0 , 0 , 0 , 0 , 0 , 0 , "TG/2018/645"  , "ICT1212","ICT002"),
( 0 , 0 , 0 , 0 , 0 , 0 , "TG/2017/420"  , "ICT1212","ICT002"); 





CREATE TABLE Student(
    Student_id VARCHAR(20),
    Name VARCHAR(30),
    Contact_no VARCHAR(11),
    Admin_id VARCHAR(10),
    Officer_id VARCHAR(10),
    Lecture_id VARCHAR(10),
    Dean_id VARCHAR(10),
    Course_id VARCHAR(10),
    PRIMARY KEY (Student_id,Course_id),
     FOREIGN KEY (Admin_id) REFERENCES admin(Admin_id)
     );  




INSERT INTO student
VALUES
('TG/2021/1010','Ishani Kawshalya','071-1245789','A001','T002','L003','D001','ICT1212'),
('TG/2021/1010','Ishani Kawshalya','071-1245789','A001','T002','L003','D001','ICT1222'),
('TG/2021/1010','Ishani Kawshalya','071-1245789','A001','T002','L004','D001','ICT1233'),
('TG/2021/1010','Ishani Kawshalya','071-1245789','A001','T002','L005','D001','ICT1242'),
('TG/2021/1010','Ishani Kawshalya','071-1245789','A001','T002','L006','D001','ICT1253'),
('TG/2021/1010','Ishani Kawshalya','071-1245789','A001','T002','L007','D001','TCS1212'),
('TG/2021/1010','Ishani Kawshalya','071-1245789','A001','T002','L008','D001','TMS1233'),
('TG/2021/1010','Ishani Kawshalya','071-1245789','A001','T002','L009','D001','ENG1212'),

('TG/2021/1011','Asith Indipa','074-1295989','A001','T002','L003','D001','ICT1212'),
('TG/2021/1011','Asith Indipa','074-1295989','A001','T002','L003','D001','ICT1222'),
('TG/2021/1011','Asith Indipa','074-1295989','A001','T002','L004','D001','ICT1233'),
('TG/2021/1011','Asith Indipa','074-1295989','A001','T002','L005','D001','ICT1242'),
('TG/2021/1011','Asith Indipa','074-1295989','A001','T002','L006','D001','ICT1253'),
('TG/2021/1011','Asith Indipa','074-1295989','A001','T002','L007','D001','TCS1212'),
('TG/2021/1011','Asith Indipa','074-1295989','A001','T002','L008','D001','TMS1233'),
('TG/2021/1011','Asith Indipa','074-1295989','A001','T002','L009','D001','ENG1212'),

('TG/2021/1012','Anuhas Rajapaksha','071-3225729','A001','T002','L003','D001','ICT1212'),
('TG/2021/1012','Anuhas Rajapaksha','071-3225729','A001','T002','L003','D001','ICT1222'),
('TG/2021/1012','Anuhas Rajapaksha','071-3225729','A001','T002','L004','D001','ICT1233'),
('TG/2021/1012','Anuhas Rajapaksha','071-3225729','A001','T002','L005','D001','ICT1242'),
('TG/2021/1012','Anuhas Rajapaksha','071-3225729','A001','T002','L006','D001','ICT1253'),
('TG/2021/1012','Anuhas Rajapaksha','071-3225729','A001','T002','L007','D001','TCS1212'),
('TG/2021/1012','Anuhas Rajapaksha','071-3225729','A001','T002','L008','D001','TMS1233'),
('TG/2021/1012','Anuhas Rajapaksha','071-3225729','A001','T002','L009','D001','ENG1212'),

('TG/2021/1013','Hashan Madhuranga','070-2545725','A001','T002','L003','D001','ICT1212'),
('TG/2021/1013','Hashan Madhuranga','070-2545725','A001','T002','L003','D001','ICT1222'),
('TG/2021/1013','Hashan Madhuranga','070-2545725','A001','T002','L004','D001','ICT1233'),
('TG/2021/1013','Hashan Madhuranga','070-2545725','A001','T002','L005','D001','ICT1242'),
('TG/2021/1013','Hashan Madhuranga','070-2545725','A001','T002','L006','D001','ICT1253'),
('TG/2021/1013','Hashan Madhuranga','070-2545725','A001','T002','L007','D001','TCS1212'),
('TG/2021/1013','Hashan Madhuranga','070-2545725','A001','T002','L008','D001','TMS1233'),
('TG/2021/1013','Hashan Madhuranga','070-2545725','A001','T002','L009','D001','ENG1212'),

('TG/2021/1014','Nipuni Bandara','077-2245588','A001','T002','L003','D001','ICT1212'),
('TG/2021/1014','Nipuni Bandara','077-2245588','A001','T002','L003','D001','ICT1222'),
('TG/2021/1014','Nipuni Bandara','077-2245588','A001','T002','L004','D001','ICT1233'),
('TG/2021/1014','Nipuni Bandara','077-2245588','A001','T002','L005','D001','ICT1242'),
('TG/2021/1014','Nipuni Bandara','077-2245588','A001','T002','L006','D001','ICT1253'),
('TG/2021/1014','Nipuni Bandara','077-2245588','A001','T002','L007','D001','TCS1212'),
('TG/2021/1014','Nipuni Bandara','077-2245588','A001','T002','L008','D001','TMS1233'),
('TG/2021/1014','Nipuni Bandara','077-2245588','A001','T002','L009','D001','ENG1212'),

('TG/2021/1015','Chathuranga Nipun','076-9842637','A001','T002','L003','D001','ICT1212'),
('TG/2021/1015','Chathuranga Nipun','076-9842637','A001','T002','L003','D001','ICT1222'),
('TG/2021/1015','Chathuranga Nipun','076-9842637','A001','T002','L004','D001','ICT1233'),
('TG/2021/1015','Chathuranga Nipun','076-9842637','A001','T002','L005','D001','ICT1242'),
('TG/2021/1015','Chathuranga Nipun','076-9842637','A001','T002','L006','D001','ICT1253'),
('TG/2021/1015','Chathuranga Nipun','076-9842637','A001','T002','L007','D001','TCS1212'),
('TG/2021/1015','Chathuranga Nipun','076-9842637','A001','T002','L008','D001','TMS1233'),
('TG/2021/1015','Chathuranga Nipun','076-9842637','A001','T002','L009','D001','ENG1212'),

('TG/2021/1016','Dhanushka Udayantha','071-5142725','A001','T002','L003','D001','ICT1212'),
('TG/2021/1016','Dhanushka Udayantha','071-5142725','A001','T002','L003','D001','ICT1222'),
('TG/2021/1016','Dhanushka Udayantha','071-5142725','A001','T002','L004','D001','ICT1233'),
('TG/2021/1016','Dhanushka Udayantha','071-5142725','A001','T002','L005','D001','ICT1242'),
('TG/2021/1016','Dhanushka Udayantha','071-5142725','A001','T002','L006','D001','ICT1253'),
('TG/2021/1016','Dhanushka Udayantha','071-5142725','A001','T002','L007','D001','TCS1212'),
('TG/2021/1016','Dhanushka Udayantha','071-5142725','A001','T002','L008','D001','TMS1233'),
('TG/2021/1016','Dhanushka Udayantha','071-5142725','A001','T002','L009','D001','ENG1212'),

('TG/2021/1017','Charuka Bandara','072-5372982','A001','T002','L003','D001','ICT1212'),
('TG/2021/1017','Charuka Bandara','072-5372982','A001','T002','L003','D001','ICT1222'),
('TG/2021/1017','Charuka Bandara','072-5372982','A001','T002','L004','D001','ICT1233'),
('TG/2021/1017','Charuka Bandara','072-5372982','A001','T002','L005','D001','ICT1242'),
('TG/2021/1017','Charuka Bandara','072-5372982','A001','T002','L006','D001','ICT1253'),
('TG/2021/1017','Charuka Bandara','072-5372982','A001','T002','L007','D001','TCS1212'),
('TG/2021/1017','Charuka Bandara','072-5372982','A001','T002','L008','D001','TMS1233'),
('TG/2021/1017','Charuka Bandara','072-5372982','A001','T002','L009','D001','ENG1212'),

('TG/2021/1018','Tharushika Himansi','078-8642384','A001','T002','L003','D001','ICT1212'),
('TG/2021/1018','Tharushika Himansi','078-8642384','A001','T002','L003','D001','ICT1222'),
('TG/2021/1018','Tharushika Himansi','078-8642384','A001','T002','L004','D001','ICT1233'),
('TG/2021/1018','Tharushika Himansi','078-8642384','A001','T002','L005','D001','ICT1242'),
('TG/2021/1018','Tharushika Himansi','078-8642384','A001','T002','L006','D001','ICT1253'),
('TG/2021/1018','Tharushika Himansi','078-8642384','A001','T002','L007','D001','TCS1212'),
('TG/2021/1018','Tharushika Himansi','078-8642384','A001','T002','L008','D001','TMS1233'),
('TG/2021/1018','Tharushika Himansi','078-8642384','A001','T002','L009','D001','ENG1212'),

('TG/2021/1019','Ravindu Harshana','076-2346821','A001','T002','L003','D001','ICT1212'),
('TG/2021/1019','Ravindu Harshana','076-2346821','A001','T002','L003','D001','ICT1222'),
('TG/2021/1019','Ravindu Harshana','076-2346821','A001','T002','L004','D001','ICT1233'),
('TG/2021/1019','Ravindu Harshana','076-2346821','A001','T002','L005','D001','ICT1242'),
('TG/2021/1019','Ravindu Harshana','076-2346821','A001','T002','L006','D001','ICT1253'),
('TG/2021/1019','Ravindu Harshana','076-2346821','A001','T002','L007','D001','TCS1212'),
('TG/2021/1019','Ravindu Harshana','076-2346821','A001','T002','L008','D001','TMS1233'),
('TG/2021/1019','Ravindu Harshana','076-2346821','A001','T002','L009','D001','ENG1212'),

('TG/2020/980','Harshi Gamage','074-9721456','A001','T002','L003','D001','ICT1212'),
('TG/2020/980','Harshi Gamage','074-9721456','A001','T002','L003','D001','ICT1222'),
('TG/2020/980','Harshi Gamage','074-9721456','A001','T002','L004','D001','ICT1233'),
('TG/2020/980','Harshi Gamage','074-9721456','A001','T002','L005','D001','ICT1242'),
('TG/2020/980','Harshi Gamage','074-9721456','A001','T002','L006','D001','ICT1253'),
('TG/2020/980','Harshi Gamage','074-9721456','A001','T002','L007','D001','TCS1212'),
('TG/2020/980','Harshi Gamage','074-9721456','A001','T002','L008','D001','TMS1233'),
('TG/2020/980','Harshi Gamage','074-9721456','A001','T002','L009','D001','ENG1212'),

('TG/2020/810','Nipuni Kumari','072-3131654','A001','T002','L003','D001','ICT1212'),
('TG/2020/810','Nipuni Kumari','072-3131654','A001','T002','L003','D001','ICT1222'),
('TG/2020/810','Nipuni Kumari','072-3131654','A001','T002','L004','D001','ICT1233'),
('TG/2020/810','Nipuni Kumari','072-3131654','A001','T002','L005','D001','ICT1242'),
('TG/2020/810','Nipuni Kumari','072-3131654','A001','T002','L006','D001','ICT1253'),
('TG/2020/810','Nipuni Kumari','072-3131654','A001','T002','L007','D001','TCS1212'),
('TG/2020/810','Nipuni Kumari','072-3131654','A001','T002','L008','D001','TMS1233'),
('TG/2020/810','Nipuni Kumari','072-3131654','A001','T002','L009','D001','ENG1212'),

('TG/2020/853','Wasantha Kumara','077-8564923','A001','T002','L003','D001','ICT1212'),
('TG/2020/853','Wasantha Kumara','077-8564923','A001','T002','L003','D001','ICT1222'),
('TG/2020/853','Wasantha Kumara','077-8564923','A001','T002','L004','D001','ICT1233'),
('TG/2020/853','Wasantha Kumara','077-8564923','A001','T002','L005','D001','ICT1242'),
('TG/2020/853','Wasantha Kumara','077-8564923','A001','T002','L006','D001','ICT1253'),
('TG/2020/853','Wasantha Kumara','077-8564923','A001','T002','L007','D001','TCS1212'),
('TG/2020/853','Wasantha Kumara','077-8564923','A001','T002','L008','D001','TMS1233'),
('TG/2020/853','Wasantha Kumara','077-8564923','A001','T002','L009','D001','ENG1212'),

('TG/2019/866','Sanath Gamage','076-5588469','A001','T002','L003','D001','ICT1212'),
('TG/2019/866','Sanath Gamage','076-5588469','A001','T002','L003','D001','ICT1222'),
('TG/2019/866','Sanath Gamage','076-5588469','A001','T002','L004','D001','ICT1233'),
('TG/2019/866','Sanath Gamage','076-5588469','A001','T002','L005','D001','ICT1242'),
('TG/2019/866','Sanath Gamage','076-5588469','A001','T002','L006','D001','ICT1253'),
('TG/2019/866','Sanath Gamage','076-5588469','A001','T002','L007','D001','TCS1212'),
('TG/2019/866','Sanath Gamage','076-5588469','A001','T002','L008','D001','TMS1233'),
('TG/2019/866','Sanath Gamage','076-5588469','A001','T002','L009','D001','ENG1212'),

('TG/2019/854','Wathsala Sathsarani','071-8668963','A001','T002','L003','D001','ICT1212'),
('TG/2019/854','Wathsala Sathsarani','071-8668963','A001','T002','L003','D001','ICT1222'),
('TG/2019/854','Wathsala Sathsarani','071-8668963','A001','T002','L004','D001','ICT1233'),
('TG/2019/854','Wathsala Sathsarani','071-8668963','A001','T002','L005','D001','ICT1242'),
('TG/2019/854','Wathsala Sathsarani','071-8668963','A001','T002','L006','D001','ICT1253'),
('TG/2019/854','Wathsala Sathsarani','071-8668963','A001','T002','L007','D001','TCS1212'),
('TG/2019/854','Wathsala Sathsarani','071-8668963','A001','T002','L008','D001','TMS1233'),
('TG/2019/854','Wathsala Sathsarani','071-8668963','A001','T002','L009','D001','ENG1212'),

('TG/2018/512','Mahela Prabodha','072-4698254','A001','T002','L003','D001','ICT1212'),
('TG/2018/512','Mahela Prabodha','072-4698254','A001','T002','L003','D001','ICT1222'),
('TG/2018/512','Mahela Prabodha','072-4698254','A001','T002','L004','D001','ICT1233'),
('TG/2018/512','Mahela Prabodha','072-4698254','A001','T002','L005','D001','ICT1242'),
('TG/2018/512','Mahela Prabodha','072-4698254','A001','T002','L006','D001','ICT1253'),
('TG/2018/512','Mahela Prabodha','072-4698254','A001','T002','L007','D001','TCS1212'),
('TG/2018/512','Mahela Prabodha','072-4698254','A001','T002','L008','D001','TMS1233'),
('TG/2018/512','Mahela Prabodha','072-4698254','A001','T002','L009','D001','ENG1212'),

('TG/2018/645','Dinuka Adithya','072-7391468','A001','T002','L003','D001','ICT1212'),
('TG/2018/645','Dinuka Adithya','072-7391468','A001','T002','L003','D001','ICT1222'),
('TG/2018/645','Dinuka Adithya','072-7391468','A001','T002','L004','D001','ICT1233'),
('TG/2018/645','Dinuka Adithya','072-7391468','A001','T002','L005','D001','ICT1242'),
('TG/2018/645','Dinuka Adithya','072-7391468','A001','T002','L006','D001','ICT1253'),
('TG/2018/645','Dinuka Adithya','072-7391468','A001','T002','L007','D001','TCS1212'),
('TG/2018/645','Dinuka Adithya','072-7391468','A001','T002','L008','D001','TMS1233'),
('TG/2018/645','Dinuka Adithya','072-7391468','A001','T002','L009','D001','ENG1212'),

('TG/2017/420','Supun Lokugamage','076-2864721','A001','T002','L003','D001','ICT1212'),
('TG/2017/420','Supun Lokugamage','076-2864721','A001','T002','L003','D001','ICT1222'),
('TG/2017/420','Supun Lokugamage','076-2864721','A001','T002','L004','D001','ICT1233'),
('TG/2017/420','Supun Lokugamage','076-2864721','A001','T002','L005','D001','ICT1242'),
('TG/2017/420','Supun Lokugamage','076-2864721','A001','T002','L006','D001','ICT1253'),
('TG/2017/420','Supun Lokugamage','076-2864721','A001','T002','L007','D001','TCS1212'),
('TG/2017/420','Supun Lokugamage','076-2864721','A001','T002','L008','D001','TMS1233'),
('TG/2017/420','Supun Lokugamage','076-2864721','A001','T002','L009','D001','ENG1212');


CREATE TABLE Medical(
    Student_id VARCHAR(20),
    Course_id VARCHAR(10),
    Count_of_Medical INT(1),
    PRIMARY KEY (Student_id,Course_id)
);



INSERT INTO  Medical
VALUES
("TG/2021/1010","ICT1222",0),
("TG/2021/1010","ICT1212",0),
("TG/2021/1010","ICT1233",0),
("TG/2021/1010","ICT1242",1),
("TG/2021/1010","ICT1253",0),
("TG/2021/1010","TCS1212",2),
("TG/2021/1010","TMS1233",0),
("TG/2021/1010","ENG1212",1),

("TG/2021/1011","ICT1212",1),
("TG/2021/1011","ICT1222",0),
("TG/2021/1011","ICT1233",2),
("TG/2021/1011","ICT1242",2),
("TG/2021/1011","ICT1253",0),
("TG/2021/1011","TCS1212",0),
("TG/2021/1011","TMS1233",1),
("TG/2021/1011","ENG1212",2),

("TG/2021/1012","ICT1212",1),
("TG/2021/1012","ICT1222",0),
("TG/2021/1012","ICT1233",0),
("TG/2021/1012","ICT1242",1),
("TG/2021/1012","ICT1253",1),
("TG/2021/1012","TCS1212",0),
("TG/2021/1012","TMS1233",1),
("TG/2021/1012","ENG1212",2),

("TG/2021/1013","ICT1212",0),
("TG/2021/1013","ICT1222",0),
("TG/2021/1013","ICT1233",0),
("TG/2021/1013","ICT1242",0),
("TG/2021/1013","ICT1253",0),
("TG/2021/1013","TCS1212",0),
("TG/2021/1013","TMS1233",0),
("TG/2021/1013","ENG1212",0),
 
("TG/2021/1014","ICT1212",0),
("TG/2021/1014","ICT1222",0),
("TG/2021/1014","ICT1233",2),
("TG/2021/1014","ICT1242",1),
("TG/2021/1014","ICT1253",0),
("TG/2021/1014","TCS1212",0),
("TG/2021/1014","TMS1233",1),
("TG/2021/1014","ENG1212",2),

("TG/2021/1015","ICT1212",0),
("TG/2021/1015","ICT1222",1),
("TG/2021/1015","ICT1233",1),
("TG/2021/1015","ICT1242",1),
("TG/2021/1015","ICT1253",1),
("TG/2021/1015","TCS1212",2),
("TG/2021/1015","TMS1233",0),
("TG/2021/1015","ENG1212",2),

("TG/2021/1016","ICT1212",0),
("TG/2021/1016","ICT1222",0),
("TG/2021/1016","ICT1233",1),
("TG/2021/1016","ICT1242",2),
("TG/2021/1016","ICT1253",0),
("TG/2021/1016","TCS1212",0),
("TG/2021/1016","TMS1233",0),
("TG/2021/1016","ENG1212",2),
 
("TG/2021/1017","ICT1212",0),
("TG/2021/1017","ICT1222",0),
("TG/2021/1017","ICT1233",0),
("TG/2021/1017","ICT1242",0),
("TG/2021/1017","ICT1253",0),
("TG/2021/1017","TCS1212",1),
("TG/2021/1017","TMS1233",0),
("TG/2021/1017","ENG1212",2),

("TG/2021/1018","ICT1212",0),
("TG/2021/1018","ICT1222",1),
("TG/2021/1018","ICT1233",0),
("TG/2021/1018","ICT1242",0),
("TG/2021/1018","ICT1253",1),
("TG/2021/1018","TCS1212",0),
("TG/2021/1018","TMS1233",0),
("TG/2021/1018","ENG1212",3),
   
("TG/2021/1019","ICT1212",0),
("TG/2021/1019","ICT1222",0),
("TG/2021/1019","ICT1233",0),
("TG/2021/1019","ICT1242",2),
("TG/2021/1019","ICT1253",0),
("TG/2021/1019","TCS1212",0),
("TG/2021/1019","TMS1233",0),
("TG/2021/1019","ENG1212",0),

("TG/2020/980","ICT1212",0),
("TG/2020/980","ICT1222",0),
("TG/2020/980","ICT1233",0),
("TG/2020/980","ICT1242",0),
("TG/2020/980","ICT1253",1),
("TG/2020/980","TCS1212",0),
("TG/2020/980","TMS1233",1),
("TG/2020/980","ENG1212",2),

("TG/2020/810","ICT1212",0),
("TG/2020/810","ICT1222",1),
("TG/2020/810","ICT1233",0),
("TG/2020/810","ICT1242",0),
("TG/2020/810","ICT1253",1),
("TG/2020/810","TCS1212",0),
("TG/2020/810","TMS1233",3),
("TG/2020/810","ENG1212",3),
 
("TG/2020/853","ICT1212",0),
("TG/2020/853","ICT1222",0),
("TG/2020/853","ICT1233",0),
("TG/2020/853","ICT1242",1),
("TG/2020/853","ICT1253",0),
("TG/2020/853","TCS1212",1),
("TG/2020/853","TMS1233",0),
("TG/2020/853","ENG1212",1),

("TG/2019/866","ICT1212",0),
("TG/2019/866","ICT1222",0),
("TG/2019/866","ICT1233",0),
("TG/2019/866","ICT1242",0),
("TG/2019/866","ICT1253",1),
("TG/2019/866","TCS1212",0),
("TG/2019/866","TMS1233",0),
("TG/2019/866","ENG1212",2),
   
("TG/2019/854","ICT1212",0),
("TG/2019/854","ICT1222",0),
("TG/2019/854","ICT1233",1),
("TG/2019/854","ICT1242",0),
("TG/2019/854","ICT1253",0),
("TG/2019/854","TCS1212",0),
("TG/2019/854","TMS1233",0),
("TG/2019/854","ENG1212",1),

("TG/2018/512","ICT1212",0),
("TG/2018/512","ICT1222",0),
("TG/2018/512","ICT1233",0),
("TG/2018/512","ICT1242",0),
("TG/2018/512","ICT1253",0),
("TG/2018/512","TCS1212",0),
("TG/2018/512","TMS1233",0),
("TG/2018/512","ENG1212",0),

("TG/2018/645","ICT1212",0),
("TG/2018/645","ICT1222",0),
("TG/2018/645","ICT1233",0),
("TG/2018/645","ICT1242",0),
("TG/2018/645","ICT1253",0),
("TG/2018/645","TCS1212",0),
("TG/2018/645","TMS1233",0),
("TG/2018/645","ENG1212",0),

("TG/2017/420","ICT1212",0),
("TG/2017/420","ICT1222",0),
("TG/2017/420","ICT1233",0),
("TG/2017/420","ICT1242",0),
("TG/2017/420","ICT1253",0),
("TG/2017/420","TCS1212",0),
("TG/2017/420","TMS1233",0),
("TG/2017/420","ENG1212",0);





CREATE TABLE Attendance(
    Attendance_id VARCHAR(10),
    Student_id VARCHAR(20),
    Course_id VARCHAR(10),
    Department_id VARCHAR(10),
    Date_of_lecture DATE,
    Present_or_absent VARCHAR(10),
    PRIMARY KEY(Attendance_id),
    FOREIGN KEY(Student_id) REFERENCES Student(Student_id),
    FOREIGN KEY(Course_id) REFERENCES Course(Course_id),
    FOREIGN KEY(Department_id) REFERENCES Department(Department_id)
);



INSERT INTO Attendance
VALUES
('A0001','TG/2021/1010','ICT1212','ICT002','2023-07-03','Present'),
('A0002','TG/2021/1011','ICT1212','ICT002','2023-07-03','Present'),
('A0003','TG/2021/1012','ICT1212','ICT002','2023-07-03','Present'),
('A0004','TG/2021/1013','ICT1212','ICT002','2023-07-03','Present'),
('A0005','TG/2021/1014','ICT1212','ICT002','2023-07-03','Present'),
('A0006','TG/2021/1015','ICT1212','ICT002','2023-07-03','Present'),
('A0007','TG/2021/1016','ICT1212','ICT002','2023-07-03','Absent'),
('A0008','TG/2021/1017','ICT1212','ICT002','2023-07-03','Present'),
('A0009','TG/2021/1018','ICT1212','ICT002','2023-07-03','Present'),
('A0010','TG/2021/1019','ICT1212','ICT002','2023-07-03','Present'),


('A0016','TG/2021/1010','ICT1212','ICT002','2023-07-10','Present'),
('A0017','TG/2021/1011','ICT1212','ICT002','2023-07-10','Present'),
('A0018','TG/2021/1012','ICT1212','ICT002','2023-07-10','Present'),
('A0019','TG/2021/1013','ICT1212','ICT002','2023-07-10','Present'),
('A0020','TG/2021/1014','ICT1212','ICT002','2023-07-10','Present'),
('A0021','TG/2021/1015','ICT1212','ICT002','2023-07-10','Present'),
('A0022','TG/2021/1016','ICT1212','ICT002','2023-07-10','Present'),
('A0023','TG/2021/1017','ICT1212','ICT002','2023-07-10','Present'),
('A0024','TG/2021/1018','ICT1212','ICT002','2023-07-10','Present'),
('A0025','TG/2021/1019','ICT1212','ICT002','2023-07-10','Present'),


('A0031','TG/2021/1010','ICT1212','ICT002','2023-07-17','Present'),
('A0032','TG/2021/1011','ICT1212','ICT002','2023-07-17','Present'),
('A0033','TG/2021/1012','ICT1212','ICT002','2023-07-17','Present'),
('A0034','TG/2021/1013','ICT1212','ICT002','2023-07-17','Present'),
('A0035','TG/2021/1014','ICT1212','ICT002','2023-07-17','Present'),
('A0036','TG/2021/1015','ICT1212','ICT002','2023-07-17','Present'),
('A0037','TG/2021/1016','ICT1212','ICT002','2023-07-17','Present'),
('A0038','TG/2021/1017','ICT1212','ICT002','2023-07-17','Present'),
('A0039','TG/2021/1018','ICT1212','ICT002','2023-07-17','Present'),
('A0040','TG/2021/1019','ICT1212','ICT002','2023-07-17','Present'),


('A0046','TG/2021/1010','ICT1212','ICT002','2023-07-24','Present'),
('A0047','TG/2021/1011','ICT1212','ICT002','2023-07-24','Present'),
('A0048','TG/2021/1012','ICT1212','ICT002','2023-07-24','Present'),
('A0049','TG/2021/1013','ICT1212','ICT002','2023-07-24','Present'),
('A0050','TG/2021/1014','ICT1212','ICT002','2023-07-24','Present'),
('A0051','TG/2021/1015','ICT1212','ICT002','2023-07-24','Present'),
('A0052','TG/2021/1016','ICT1212','ICT002','2023-07-24','Present'),
('A0053','TG/2021/1017','ICT1212','ICT002','2023-07-24','Present'),
('A0054','TG/2021/1018','ICT1212','ICT002','2023-07-24','Present'),
('A0055','TG/2021/1019','ICT1212','ICT002','2023-07-24','Present'),


('A0061','TG/2021/1010','ICT1212','ICT002','2023-07-31','Present'),
('A0062','TG/2021/1011','ICT1212','ICT002','2023-07-31','Present'),
('A0063','TG/2021/1012','ICT1212','ICT002','2023-07-31','Present'),
('A0064','TG/2021/1013','ICT1212','ICT002','2023-07-31','Present'),
('A0065','TG/2021/1014','ICT1212','ICT002','2023-07-31','Present'),
('A0066','TG/2021/1015','ICT1212','ICT002','2023-07-31','Present'),
('A0067','TG/2021/1016','ICT1212','ICT002','2023-07-31','Present'),
('A0068','TG/2021/1017','ICT1212','ICT002','2023-07-31','Present'),
('A0069','TG/2021/1018','ICT1212','ICT002','2023-07-31','Present'),
('A0070','TG/2021/1019','ICT1212','ICT002','2023-07-31','Present'),


('A007l','TG/2021/1010','ICT1212','ICT002','2023-08-07','Present'),
('A0076','TG/2021/1011','ICT1212','ICT002','2023-08-07','Present'),
('A0077','TG/2021/1012','ICT1212','ICT002','2023-08-07','Present'),
('A0078','TG/2021/1013','ICT1212','ICT002','2023-08-07','Present'),
('A0079','TG/2021/1014','ICT1212','ICT002','2023-08-07','Present'),
('A0080','TG/2021/1015','ICT1212','ICT002','2023-08-07','Present'),
('A0081','TG/2021/1016','ICT1212','ICT002','2023-08-07','Present'),
('A0082','TG/2021/1017','ICT1212','ICT002','2023-08-07','Present'),
('A0083','TG/2021/1018','ICT1212','ICT002','2023-08-07','Present'),
('A0084','TG/2021/1019','ICT1212','ICT002','2023-08-07','Present'),


('A0090','TG/2021/1010','ICT1212','ICT002','2023-08-14','Present'),
('A0091','TG/2021/1011','ICT1212','ICT002','2023-08-14','Present'),
('A0092','TG/2021/1012','ICT1212','ICT002','2023-08-14','Present'),
('A0093','TG/2021/1013','ICT1212','ICT002','2023-08-14','Present'),
('A0094','TG/2021/1014','ICT1212','ICT002','2023-08-14','Present'),
('A0095','TG/2021/1015','ICT1212','ICT002','2023-08-14','Present'),
('A0096','TG/2021/1016','ICT1212','ICT002','2023-08-14','Present'),
('A0097','TG/2021/1017','ICT1212','ICT002','2023-08-14','Present'),
('A0098','TG/2021/1018','ICT1212','ICT002','2023-08-14','Present'),
('A0099','TG/2021/1019','ICT1212','ICT002','2023-08-14','Present'),


('A0105','TG/2021/1010','ICT1212','ICT002','2023-08-21','Present'),
('A0106','TG/2021/1011','ICT1212','ICT002','2023-08-21','Present'),
('A0107','TG/2021/1012','ICT1212','ICT002','2023-08-21','Present'),
('A0108','TG/2021/1013','ICT1212','ICT002','2023-08-21','Present'),
('A0109','TG/2021/1014','ICT1212','ICT002','2023-08-21','Present'),
('A0110','TG/2021/1015','ICT1212','ICT002','2023-08-21','Present'),
('A0111','TG/2021/1016','ICT1212','ICT002','2023-08-21','Present'),
('A0112','TG/2021/1017','ICT1212','ICT002','2023-08-21','Present'),
('A0113','TG/2021/1018','ICT1212','ICT002','2023-08-21','Present'),
('A0114','TG/2021/1019','ICT1212','ICT002','2023-08-21','Present'),


('A0120','TG/2021/1010','ICT1212','ICT002','2023-08-28','Present'),
('A0121','TG/2021/1011','ICT1212','ICT002','2023-08-28','Present'),
('A0122','TG/2021/1012','ICT1212','ICT002','2023-08-28','Present'),
('A0123','TG/2021/1013','ICT1212','ICT002','2023-08-28','Present'),
('A0124','TG/2021/1014','ICT1212','ICT002','2023-08-28','Present'),
('A0125','TG/2021/1015','ICT1212','ICT002','2023-08-28','Present'),
('A0126','TG/2021/1016','ICT1212','ICT002','2023-08-28','Present'),
('A0127','TG/2021/1017','ICT1212','ICT002','2023-08-28','Present'),
('A0128','TG/2021/1018','ICT1212','ICT002','2023-08-28','Present'),
('A0129','TG/2021/1019','ICT1212','ICT002','2023-08-28','Present'),


('A0135','TG/2021/1010','ICT1212','ICT002','2023-08-07','Present'),
('A0136','TG/2021/1011','ICT1212','ICT002','2023-09-04','Present'),
('A0137','TG/2021/1012','ICT1212','ICT002','2023-09-04','Present'),
('A0138','TG/2021/1013','ICT1212','ICT002','2023-09-04','Present'),
('A0139','TG/2021/1014','ICT1212','ICT002','2023-09-04','Present'),
('A0140','TG/2021/1015','ICT1212','ICT002','2023-09-04','Present'),
('A0141','TG/2021/1016','ICT1212','ICT002','2023-09-04','Present'),
('A0142','TG/2021/1017','ICT1212','ICT002','2023-09-04','Present'),
('A0143','TG/2021/1018','ICT1212','ICT002','2023-09-04','Present'),
('A0144','TG/2021/1019','ICT1212','ICT002','2023-09-04','Present'),


('A0149','TG/2021/1010','ICT1212','ICT002','2023-08-07','Present'),
('A0150','TG/2021/1011','ICT1212','ICT002','2023-09-11','Present'),
('A0151','TG/2021/1012','ICT1212','ICT002','2023-09-11','Present'),
('A0152','TG/2021/1013','ICT1212','ICT002','2023-09-11','Present'),
('A0153','TG/2021/1014','ICT1212','ICT002','2023-09-11','Present'),
('A0154','TG/2021/1015','ICT1212','ICT002','2023-09-11','Present'),
('A0155','TG/2021/1016','ICT1212','ICT002','2023-09-11','Present'),
('A0156','TG/2021/1017','ICT1212','ICT002','2023-09-11','Present'),
('A0157','TG/2021/1018','ICT1212','ICT002','2023-09-11','Present'),
('A0158','TG/2021/1019','ICT1212','ICT002','2023-09-11','Present'),

('A0163','TG/2021/1010','ICT1212','ICT002','2023-08-07','Present'),
('A0164','TG/2021/1011','ICT1212','ICT002','2023-09-18','Present'),
('A0165','TG/2021/1012','ICT1212','ICT002','2023-09-18','Present'),
('A0166','TG/2021/1013','ICT1212','ICT002','2023-09-18','Present'),
('A0167','TG/2021/1014','ICT1212','ICT002','2023-09-18','Present'),
('A0168','TG/2021/1015','ICT1212','ICT002','2023-09-18','Present'),
('A0169','TG/2021/1016','ICT1212','ICT002','2023-09-18','Present'),
('A0170','TG/2021/1017','ICT1212','ICT002','2023-09-18','Present'),
('A0171','TG/2021/1018','ICT1212','ICT002','2023-09-18','Present'),
('A0172','TG/2021/1019','ICT1212','ICT002','2023-09-18','Present'),


('A0177','TG/2021/1010','ICT1212','ICT002','2023-08-07','Present'),
('A0178','TG/2021/1011','ICT1212','ICT002','2023-09-25','Present'),
('A0179','TG/2021/1012','ICT1212','ICT002','2023-09-25','Present'),
('A0180','TG/2021/1013','ICT1212','ICT002','2023-09-25','Present'),
('A0181','TG/2021/1014','ICT1212','ICT002','2023-09-25','Present'),
('A0182','TG/2021/1015','ICT1212','ICT002','2023-09-25','Present'),
('A0183','TG/2021/1016','ICT1212','ICT002','2023-09-25','Present'),
('A0184','TG/2021/1017','ICT1212','ICT002','2023-09-25','Present'),
('A0185','TG/2021/1018','ICT1212','ICT002','2023-09-25','Present'),
('A0186','TG/2021/1019','ICT1212','ICT002','2023-09-25','Present'),

('A0191','TG/2021/1010','ICT1212','ICT002','2023-08-07','Present'),
('A0192','TG/2021/1011','ICT1212','ICT002','2023-10-02','Present'),
('A0193','TG/2021/1012','ICT1212','ICT002','2023-10-02','Present'),
('A0194','TG/2021/1013','ICT1212','ICT002','2023-10-02','Present'),
('A0195','TG/2021/1014','ICT1212','ICT002','2023-10-02','Present'),
('A0196','TG/2021/1015','ICT1212','ICT002','2023-10-02','Present'),
('A0197','TG/2021/1016','ICT1212','ICT002','2023-10-02','Present'),
('A0198','TG/2021/1017','ICT1212','ICT002','2023-10-02','Present'),
('A0199','TG/2021/1018','ICT1212','ICT002','2023-10-02','Present'),
('A0200','TG/2021/1019','ICT1212','ICT002','2023-10-02','Present'),

('A0205','TG/2021/1010','ICT1212','ICT002','2023-08-07','Present'),
('A0206','TG/2021/1011','ICT1212','ICT002','2023-10-09','Present'),
('A0207','TG/2021/1012','ICT1212','ICT002','2023-10-09','Present'),
('A0208','TG/2021/1013','ICT1212','ICT002','2023-10-09','Present'),
('A0209','TG/2021/1014','ICT1212','ICT002','2023-10-09','Present'),
('A0210','TG/2021/1015','ICT1212','ICT002','2023-10-09','Present'),
('A0211','TG/2021/1016','ICT1212','ICT002','2023-10-09','Present'),
('A0212','TG/2021/1017','ICT1212','ICT002','2023-10-09','Present'),
('A0213','TG/2021/1018','ICT1212','ICT002','2023-10-09','Present'),
('A0214','TG/2021/1019','ICT1212','ICT002','2023-10-09','Present'),

('A0219','TG/2021/1010','ICT1212','ICT002','2023-08-07','Present'),
('A0220','TG/2021/1011','ICT1212','ICT002','2023-10-16','Present'),
('A0221','TG/2021/1012','ICT1212','ICT002','2023-10-16','Present'),
('A022','TG/2021/1013','ICT1212','ICT002','2023-10-16','Present'),
('A0223','TG/2021/1014','ICT1212','ICT002','2023-10-16','Present'),
('A0224','TG/2021/1015','ICT1212','ICT002','2023-10-16','Present'),
('A0225','TG/2021/1016','ICT1212','ICT002','2023-10-16','Present'),
('A0226','TG/2021/1017','ICT1212','ICT002','2023-10-16','Present'),
('A0227','TG/2021/1018','ICT1212','ICT002','2023-10-16','Present'),
('A0228','TG/2021/1019','ICT1212','ICT002','2023-10-16','Present'),

('A0233','TG/2021/1010','ICT1212','ICT002','2023-08-07','Present'),
('A0234','TG/2021/1011','ICT1212','ICT002','2023-10-23','Present'),
('A0235','TG/2021/1012','ICT1212','ICT002','2023-10-23','Absent'),
('A0236','TG/2021/1013','ICT1212','ICT002','2023-10-23','Present'),
('A0237','TG/2021/1014','ICT1212','ICT002','2023-10-23','Present'),
('A0238','TG/2021/1015','ICT1212','ICT002','2023-10-23','Present'),
('A0239','TG/2021/1016','ICT1212','ICT002','2023-10-23','Present'),
('A0240','TG/2021/1017','ICT1212','ICT002','2023-10-23','Present'),
('A0241','TG/2021/1018','ICT1212','ICT002','2023-10-23','Present'),
('A0242','TG/2021/1019','ICT1212','ICT002','2023-10-23','Present'),

('A0247','TG/2021/1010','ICT1212','ICT002','2023-08-07','Present'),
('A0248','TG/2021/1011','ICT1212','ICT002','2023-10-30','Present'),
('A0249','TG/2021/1012','ICT1212','ICT002','2023-10-30','Present'),
('A0250','TG/2021/1013','ICT1212','ICT002','2023-10-30','Present'),
('A0251','TG/2021/1014','ICT1212','ICT002','2023-10-30','Present'),
('A0252','TG/2021/1015','ICT1212','ICT002','2023-10-30','Present'),
('A0253','TG/2021/1016','ICT1212','ICT002','2023-10-30','Present'),
('A0254','TG/2021/1017','ICT1212','ICT002','2023-10-30','Present'),
('A0255','TG/2021/1018','ICT1212','ICT002','2023-10-30','Present'),
('A0256','TG/2021/1019','ICT1212','ICT002','2023-10-30','Present'),


('A0261','TG/2021/1010','ICT1212','ICT002','2023-08-07','Present'),
('A0262','TG/2021/1011','ICT1212','ICT002','2023-11-06','Present'),
('A0263','TG/2021/1012','ICT1212','ICT002','2023-11-06','Present'),
('A0264','TG/2021/1013','ICT1212','ICT002','2023-11-06','Present'),
('A0265','TG/2021/1014','ICT1212','ICT002','2023-11-06','Present'),
('A0266','TG/2021/1015','ICT1212','ICT002','2023-11-06','Present'),
('A0267','TG/2021/1016','ICT1212','ICT002','2023-11-06','Present'),
('A0268','TG/2021/1017','ICT1212','ICT002','2023-11-06','Present'),
('A0269','TG/2021/1018','ICT1212','ICT002','2023-11-06','Present'),
('A0270','TG/2021/1019','ICT1212','ICT002','2023-11-06','Present'),

('A0275','TG/2021/1010','ICT1212','ICT002','2023-08-07','Present'),
('A0276','TG/2021/1011','ICT1212','ICT002','2023-11-13','Present'),
('A0277','TG/2021/1012','ICT1212','ICT002','2023-11-13','Present'),
('A0278','TG/2021/1013','ICT1212','ICT002','2023-11-13','Present'),
('A0279','TG/2021/1014','ICT1212','ICT002','2023-11-13','Present'),
('A0280','TG/2021/1015','ICT1212','ICT002','2023-11-13','Present'),
('A0281','TG/2021/1016','ICT1212','ICT002','2023-11-13','Present'),
('A0282','TG/2021/1017','ICT1212','ICT002','2023-11-13','Present'),
('A0283','TG/2021/1018','ICT1212','ICT002','2023-11-13','Present'),
('A0284','TG/2021/1019','ICT1212','ICT002','2023-11-13','Present'),



('A0290','TG/2021/1010','ICT1222','ICT002','2023-07-03','Present'),
('A0291','TG/2021/1011','ICT1222','ICT002','2023-07-03','Absent'),
('A0292','TG/2021/1012','ICT1222','ICT002','2023-07-03','Present'),
('A0293','TG/2021/1013','ICT1222','ICT002','2023-07-03','Present'),
('A0294','TG/2021/1014','ICT1222','ICT002','2023-07-03','Present'),
('A0295','TG/2021/1015','ICT1222','ICT002','2023-07-03','Present'),
('A0296','TG/2021/1016','ICT1222','ICT002','2023-07-03','Present'),
('A0297','TG/2021/1017','ICT1222','ICT002','2023-07-03','Present'),
('A0298','TG/2021/1018','ICT1222','ICT002','2023-07-03','Present'),
('A0299','TG/2021/1019','ICT1222','ICT002','2023-07-03','Present'),


('A0305','TG/2021/1010','ICT1222','ICT002','2023-07-10','Present'),
('A0306','TG/2021/1011','ICT1222','ICT002','2023-07-10','Present'),
('A0307','TG/2021/1012','ICT1222','ICT002','2023-07-10','Present'),
('A0308','TG/2021/1013','ICT1222','ICT002','2023-07-10','Absent'),
('A0309','TG/2021/1014','ICT1222','ICT002','2023-07-10','Present'),
('A0310','TG/2021/1015','ICT1222','ICT002','2023-07-10','Absent'),
('A0311','TG/2021/1016','ICT1222','ICT002','2023-07-10','Present'),
('A0312','TG/2021/1017','ICT1222','ICT002','2023-07-10','Present'),
('A0313','TG/2021/1018','ICT1222','ICT002','2023-07-10','Present'),
('A0314','TG/2021/1019','ICT1222','ICT002','2023-07-10','Present'),


('A0320','TG/2021/1010','ICT1222','ICT002','2023-07-17','Present'),
('A0321','TG/2021/1011','ICT1222','ICT002','2023-07-17','Present'),
('A0322','TG/2021/1012','ICT1222','ICT002','2023-07-17','Present'),
('A0323','TG/2021/1013','ICT1222','ICT002','2023-07-17','Present'),
('A0324','TG/2021/1014','ICT1222','ICT002','2023-07-17','Present'),
('A0325','TG/2021/1015','ICT1222','ICT002','2023-07-17','Present'),
('A0326','TG/2021/1016','ICT1222','ICT002','2023-07-17','Present'),
('A0327','TG/2021/1017','ICT1222','ICT002','2023-07-17','Present'),
('A0328','TG/2021/1018','ICT1222','ICT002','2023-07-17','Present'),
('A0329','TG/2021/1019','ICT1222','ICT002','2023-07-17','Present'),


('A0335','TG/2021/1010','ICT1222','ICT002','2023-07-24','Present'),
('A0336','TG/2021/1011','ICT1222','ICT002','2023-07-24','Present'),
('A0337','TG/2021/1012','ICT1222','ICT002','2023-07-24','Present'),
('A0338','TG/2021/1013','ICT1222','ICT002','2023-07-24','Present'),
('A0339','TG/2021/1014','ICT1222','ICT002','2023-07-24','Present'),
('A0340','TG/2021/1015','ICT1222','ICT002','2023-07-24','Present'),
('A0341','TG/2021/1016','ICT1222','ICT002','2023-07-24','Present'),
('A0342','TG/2021/1017','ICT1222','ICT002','2023-07-24','Present'),
('A0343','TG/2021/1018','ICT1222','ICT002','2023-07-24','Present'),
('A0344','TG/2021/1019','ICT1222','ICT002','2023-07-24','Present'),


('A0350','TG/2021/1010','ICT1222','ICT002','2023-07-31','Present'),
('A0351','TG/2021/1011','ICT1222','ICT002','2023-07-31','Present'),
('A0352','TG/2021/1012','ICT1222','ICT002','2023-07-31','Present'),
('A0353','TG/2021/1013','ICT1222','ICT002','2023-07-31','Present'),
('A0354','TG/2021/1014','ICT1222','ICT002','2023-07-31','Present'),
('A0355','TG/2021/1015','ICT1222','ICT002','2023-07-31','Present'),
('A0356','TG/2021/1016','ICT1222','ICT002','2023-07-31','Present'),
('A0357','TG/2021/1017','ICT1222','ICT002','2023-07-31','Present'),
('A0358','TG/2021/1018','ICT1222','ICT002','2023-07-31','Present'),
('A0359','TG/2021/1019','ICT1222','ICT002','2023-07-31','Present'),


('A0365','TG/2021/1010','ICT1222','ICT002','2023-08-07','Present'),
('A0366','TG/2021/1011','ICT1222','ICT002','2023-08-07','Present'),
('A0367','TG/2021/1012','ICT1222','ICT002','2023-08-07','Present'),
('A0368','TG/2021/1013','ICT1222','ICT002','2023-08-07','Present'),
('A0369','TG/2021/1014','ICT1222','ICT002','2023-08-07','Present'),
('A0370','TG/2021/1015','ICT1222','ICT002','2023-08-07','Present'),
('A0371','TG/2021/1016','ICT1222','ICT002','2023-08-07','Present'),
('A0372','TG/2021/1017','ICT1222','ICT002','2023-08-07','Present'),
('A0373','TG/2021/1018','ICT1222','ICT002','2023-08-07','Present'),


('A0380','TG/2021/1010','ICT1222','ICT002','2023-08-14','Present'),
('A0381','TG/2021/1011','ICT1222','ICT002','2023-08-14','Present'),
('A0382','TG/2021/1012','ICT1222','ICT002','2023-08-14','Present'),
('A0383','TG/2021/1013','ICT1222','ICT002','2023-08-14','Present'),
('A0384','TG/2021/1014','ICT1222','ICT002','2023-08-14','Present'),
('A0385','TG/2021/1015','ICT1222','ICT002','2023-08-14','Present'),
('A0386','TG/2021/1016','ICT1222','ICT002','2023-08-14','Present'),
('A0387','TG/2021/1017','ICT1222','ICT002','2023-08-14','Present'),
('A0388','TG/2021/1018','ICT1222','ICT002','2023-08-14','Present'),
('A0389','TG/2021/1019','ICT1222','ICT002','2023-08-14','Present'),


('A0395','TG/2021/1010','ICT1222','ICT002','2023-08-21','Present'),
('A0396','TG/2021/1011','ICT1222','ICT002','2023-08-21','Present'),
('A0397','TG/2021/1012','ICT1222','ICT002','2023-08-21','Present'),
('A0398','TG/2021/1013','ICT1222','ICT002','2023-08-21','Present'),
('A0399','TG/2021/1014','ICT1222','ICT002','2023-08-21','Present'),
('A0400','TG/2021/1015','ICT1222','ICT002','2023-08-21','Present'),
('A0401','TG/2021/1016','ICT1222','ICT002','2023-08-21','Present'),
('A0402','TG/2021/1017','ICT1222','ICT002','2023-08-21','Present'),
('A0403','TG/2021/1018','ICT1222','ICT002','2023-08-21','Present'),
('A0404','TG/2021/1019','ICT1222','ICT002','2023-08-21','Present'),


('A0410','TG/2021/1010','ICT1222','ICT002','2023-08-28','Present'),
('A0411','TG/2021/1011','ICT1222','ICT002','2023-08-28','Present'),
('A0412','TG/2021/1012','ICT1222','ICT002','2023-08-28','Present'),
('A0413','TG/2021/1013','ICT1222','ICT002','2023-08-28','Present'),
('A0414','TG/2021/1014','ICT1222','ICT002','2023-08-28','Present'),
('A0415','TG/2021/1015','ICT1222','ICT002','2023-08-28','Present'),
('A0416','TG/2021/1016','ICT1222','ICT002','2023-08-28','Present'),
('A0417','TG/2021/1017','ICT1222','ICT002','2023-08-28','Present'),
('A0418','TG/2021/1018','ICT1222','ICT002','2023-08-28','Present'),
('A0419','TG/2021/1019','ICT1222','ICT002','2023-08-28','Present'),



('A0425','TG/2021/1010','ICT1222','ICT002','2023-08-07','Present'),
('A0426','TG/2021/1011','ICT1222','ICT002','2023-09-04','Present'),
('A0427','TG/2021/1012','ICT1222','ICT002','2023-09-04','Present'),
('A0428','TG/2021/1013','ICT1222','ICT002','2023-09-04','Present'),
('A0429','TG/2021/1014','ICT1222','ICT002','2023-09-04','Present'),
('A0430','TG/2021/1015','ICT1222','ICT002','2023-09-04','Present'),
('A0431','TG/2021/1016','ICT1222','ICT002','2023-09-04','Present'),
('A0432','TG/2021/1017','ICT1222','ICT002','2023-09-04','Present'),
('A0433','TG/2021/1018','ICT1222','ICT002','2023-09-04','Present'),
('A0434','TG/2021/1019','ICT1222','ICT002','2023-09-04','Present'),

('A0439','TG/2021/1010','ICT1222','ICT002','2023-08-07','Present'),
('A0440','TG/2021/1011','ICT1222','ICT002','2023-09-11','Present'),
('A0441','TG/2021/1012','ICT1222','ICT002','2023-09-11','Present'),
('A0442','TG/2021/1013','ICT1222','ICT002','2023-09-11','Present'),
('A0443','TG/2021/1014','ICT1222','ICT002','2023-09-11','Present'),
('A0444','TG/2021/1015','ICT1222','ICT002','2023-09-11','Present'),
('A0445','TG/2021/1016','ICT1222','ICT002','2023-09-11','Present'),
('A0446','TG/2021/1017','ICT1222','ICT002','2023-09-11','Present'),
('A0447','TG/2021/1018','ICT1222','ICT002','2023-09-11','Present'),
('A0448','TG/2021/1019','ICT1222','ICT002','2023-09-11','Present'),

('A0453','TG/2021/1010','ICT1222','ICT002','2023-08-07','Present'),
('A0454','TG/2021/1011','ICT1222','ICT002','2023-09-18','Present'),
('A0455','TG/2021/1012','ICT1222','ICT002','2023-09-18','Present'),
('A0456','TG/2021/1013','ICT1222','ICT002','2023-09-18','Present'),
('A0457','TG/2021/1014','ICT1222','ICT002','2023-09-18','Present'),
('A0458','TG/2021/1015','ICT1222','ICT002','2023-09-18','Present'),
('A0459','TG/2021/1016','ICT1222','ICT002','2023-09-18','Present'),
('A0460','TG/2021/1017','ICT1222','ICT002','2023-09-18','Present'),
('A0461','TG/2021/1018','ICT1222','ICT002','2023-09-18','Present'),
('A0462','TG/2021/1019','ICT1222','ICT002','2023-09-18','Present'),

('A0467','TG/2021/1010','ICT1222','ICT002','2023-08-07','Present'),
('A0468','TG/2021/1011','ICT1222','ICT002','2023-09-25','Present'),
('A0469','TG/2021/1012','ICT1222','ICT002','2023-09-25','Present'),
('A0470','TG/2021/1013','ICT1222','ICT002','2023-09-25','Present'),
('A0471','TG/2021/1014','ICT1222','ICT002','2023-09-25','Present'),
('A0472','TG/2021/1015','ICT1222','ICT002','2023-09-25','Present'),
('A0473','TG/2021/1016','ICT1222','ICT002','2023-09-25','Present'),
('A0474','TG/2021/1017','ICT1222','ICT002','2023-09-25','Present'),
('A0475','TG/2021/1018','ICT1222','ICT002','2023-09-25','Present'),
('A0476','TG/2021/1019','ICT1222','ICT002','2023-09-25','Present'),

('A0481','TG/2021/1010','ICT1222','ICT002','2023-08-07','Present'),
('A0482','TG/2021/1011','ICT1222','ICT002','2023-10-02','Present'),
('A0483','TG/2021/1012','ICT1222','ICT002','2023-10-02','Present'),
('A0484','TG/2021/1013','ICT1222','ICT002','2023-10-02','Present'),
('A0485','TG/2021/1014','ICT1222','ICT002','2023-10-02','Present'),
('A0486','TG/2021/1015','ICT1222','ICT002','2023-10-02','Present'),
('A0487','TG/2021/1016','ICT1222','ICT002','2023-10-02','Present'),
('A0488','TG/2021/1017','ICT1222','ICT002','2023-10-02','Present'),
('A0489','TG/2021/1018','ICT1222','ICT002','2023-10-02','Present'),
('A0490','TG/2021/1019','ICT1222','ICT002','2023-10-02','Present'),

('A0495','TG/2021/1010','ICT1222','ICT002','2023-08-07','Present'),
('A0496','TG/2021/1011','ICT1222','ICT002','2023-10-09','Present'),
('A0497','TG/2021/1012','ICT1222','ICT002','2023-10-09','Present'),
('A0498','TG/2021/1013','ICT1222','ICT002','2023-10-09','Present'),
('A0499','TG/2021/1014','ICT1222','ICT002','2023-10-09','Present'),
('A0500','TG/2021/1015','ICT1222','ICT002','2023-10-09','Present'),
('A0501','TG/2021/1016','ICT1222','ICT002','2023-10-09','Present'),
('A0502','TG/2021/1017','ICT1222','ICT002','2023-10-09','Present'),
('A0503','TG/2021/1018','ICT1222','ICT002','2023-10-09','Present'),
('A0504','TG/2021/1019','ICT1222','ICT002','2023-10-09','Present'),

('A0509','TG/2021/1010','ICT1222','ICT002','2023-08-07','Present'),
('A0510','TG/2021/1011','ICT1222','ICT002','2023-10-16','Present'),
('A0511','TG/2021/1012','ICT1222','ICT002','2023-10-16','Present'),
('A0512','TG/2021/1013','ICT1222','ICT002','2023-10-16','Present'),
('A0513','TG/2021/1014','ICT1222','ICT002','2023-10-16','Present'),
('A0514','TG/2021/1015','ICT1222','ICT002','2023-10-16','Present'),
('A0515','TG/2021/1016','ICT1222','ICT002','2023-10-16','Present'),
('A0516','TG/2021/1017','ICT1222','ICT002','2023-10-16','Present'),
('A0517','TG/2021/1018','ICT1222','ICT002','2023-10-16','Present'),
('A0518','TG/2021/1019','ICT1222','ICT002','2023-10-16','Present'),

('A0523','TG/2021/1010','ICT1222','ICT002','2023-08-07','Present'),
('A0524','TG/2021/1011','ICT1222','ICT002','2023-10-23','Present'),
('A0525','TG/2021/1012','ICT1222','ICT002','2023-10-23','Absent'),
('A0526','TG/2021/1013','ICT1222','ICT002','2023-10-23','Present'),
('A0527','TG/2021/1014','ICT1222','ICT002','2023-10-23','Present'),
('A0528','TG/2021/1015','ICT1222','ICT002','2023-10-23','Present'),
('A0529','TG/2021/1016','ICT1222','ICT002','2023-10-23','Present'),
('A0530','TG/2021/1017','ICT1222','ICT002','2023-10-23','Present'),
('A0531','TG/2021/1018','ICT1222','ICT002','2023-10-23','Present'),
('A0532','TG/2021/1019','ICT1222','ICT002','2023-10-23','Present'),

('A0537','TG/2021/1010','ICT1222','ICT002','2023-08-07','Present'),
('A0538','TG/2021/1011','ICT1222','ICT002','2023-10-30','Present'),
('A0539','TG/2021/1012','ICT1222','ICT002','2023-10-30','Present'),
('A0540','TG/2021/1013','ICT1222','ICT002','2023-10-30','Present'),
('A0541','TG/2021/1014','ICT1222','ICT002','2023-10-30','Present'),
('A0542','TG/2021/1015','ICT1222','ICT002','2023-10-30','Present'),
('A0543','TG/2021/1016','ICT1222','ICT002','2023-10-30','Present'),
('A0544','TG/2021/1017','ICT1222','ICT002','2023-10-30','Present'),
('A0545','TG/2021/1018','ICT1222','ICT002','2023-10-30','Present'),
('A0546','TG/2021/1019','ICT1222','ICT002','2023-10-30','Present'),

('A0551','TG/2021/1010','ICT1222','ICT002','2023-08-07','Present'),
('A0552','TG/2021/1011','ICT1222','ICT002','2023-11-06','Present'),
('A0553','TG/2021/1012','ICT1222','ICT002','2023-11-06','Present'),
('A0554','TG/2021/1013','ICT1222','ICT002','2023-11-06','Present'),
('A0555','TG/2021/1014','ICT1222','ICT002','2023-11-06','Present'),
('A0556','TG/2021/1015','ICT1222','ICT002','2023-11-06','Present'),
('A0557','TG/2021/1016','ICT1222','ICT002','2023-11-06','Present'),
('A0558','TG/2021/1017','ICT1222','ICT002','2023-11-06','Present'),
('A0559','TG/2021/1018','ICT1222','ICT002','2023-11-06','Present'),
('A0560','TG/2021/1019','ICT1222','ICT002','2023-11-06','Present'),

('A0565','TG/2021/1010','ICT1222','ICT002','2023-08-07','Present'),
('A0566','TG/2021/1011','ICT1222','ICT002','2023-11-13','Present'),
('A0567','TG/2021/1012','ICT1222','ICT002','2023-11-13','Present'),
('A0568','TG/2021/1013','ICT1222','ICT002','2023-11-13','Present'),
('A0569','TG/2021/1014','ICT1222','ICT002','2023-11-13','Present'),
('A0570','TG/2021/1015','ICT1222','ICT002','2023-11-13','Present'),
('A0571','TG/2021/1016','ICT1222','ICT002','2023-11-13','Present'),
('A0572','TG/2021/1017','ICT1222','ICT002','2023-11-13','Present'),
('A0573','TG/2021/1018','ICT1222','ICT002','2023-11-13','Present'),
('A0574','TG/2021/1019','ICT1222','ICT002','2023-11-13','Present'),



('A0580','TG/2021/1010','ICT1242','ICT002','2023-07-04','Present'),
('A0581','TG/2021/1011','ICT1242','ICT002','2023-07-04','Present'),
('A0582','TG/2021/1012','ICT1242','ICT002','2023-07-04','Present'),
('A0583','TG/2021/1013','ICT1242','ICT002','2023-07-04','Present'),
('A0584','TG/2021/1014','ICT1242','ICT002','2023-07-04','Present'),
('A0585','TG/2021/1015','ICT1242','ICT002','2023-07-04','Present'),
('A0586','TG/2021/1016','ICT1242','ICT002','2023-07-04','Present'),
('A0587','TG/2021/1017','ICT1242','ICT002','2023-07-04','Present'),
('A0588','TG/2021/1018','ICT1242','ICT002','2023-07-04','Present'),
('A0589','TG/2021/1019','ICT1242','ICT002','2023-07-04','Present'),

('A0595','TG/2021/1010','ICT1242','ICT002','2023-07-11','Present'),
('A0596','TG/2021/1011','ICT1242','ICT002','2023-07-11','Present'),
('A0597','TG/2021/1012','ICT1242','ICT002','2023-07-11','Present'),
('A0598','TG/2021/1013','ICT1242','ICT002','2023-07-11','Present'),
('A0599','TG/2021/1014','ICT1242','ICT002','2023-07-11','Present'),
('A0600','TG/2021/1015','ICT1242','ICT002','2023-07-11','Present'),
('A0601','TG/2021/1016','ICT1242','ICT002','2023-07-11','Present'),
('A0602','TG/2021/1017','ICT1242','ICT002','2023-07-11','Present'),
('A0603','TG/2021/1018','ICT1242','ICT002','2023-07-11','Present'),
('A0604','TG/2021/1019','ICT1242','ICT002','2023-07-11','Present'),

('A0610','TG/2021/1010','ICT1242','ICT002','2023-07-18','Present'),
('A0611','TG/2021/1011','ICT1242','ICT002','2023-07-18','Present'),
('A0612','TG/2021/1012','ICT1242','ICT002','2023-07-18','Present'),
('A0613','TG/2021/1013','ICT1242','ICT002','2023-07-18','Present'),
('A0614','TG/2021/1014','ICT1242','ICT002','2023-07-18','Present'),
('A0615','TG/2021/1015','ICT1242','ICT002','2023-07-18','Present'),
('A0616','TG/2021/1016','ICT1242','ICT002','2023-07-18','Present'),
('A0617','TG/2021/1017','ICT1242','ICT002','2023-07-18','Present'),
('A0618','TG/2021/1018','ICT1242','ICT002','2023-07-18','Present'),
('A0619','TG/2021/1019','ICT1242','ICT002','2023-07-18','Present'),

('A0625','TG/2021/1010','ICT1242','ICT002','2023-07-25','Present'),
('A0626','TG/2021/1011','ICT1242','ICT002','2023-07-25','Present'),
('A06227','TG/2021/1012','ICT1242','ICT002','2023-07-25','Present'),
('A06228','TG/2021/1013','ICT1242','ICT002','2023-07-25','Present'),
('A06229','TG/2021/1014','ICT1242','ICT002','2023-07-25','Present'),
('A0630','TG/2021/1015','ICT1242','ICT002','2023-07-25','Present'),
('A0631','TG/2021/1016','ICT1242','ICT002','2023-07-25','Present'),
('A0632','TG/2021/1017','ICT1242','ICT002','2023-07-25','Present'),
('A0633','TG/2021/1018','ICT1242','ICT002','2023-07-25','Present'),
('A0634','TG/2021/1019','ICT1242','ICT002','2023-07-25','Present'),


('A0640','TG/2021/1010','ICT1242','ICT002','2023-08-01','Present'),
('A0641','TG/2021/1011','ICT1242','ICT002','2023-08-01','Present'),
('A0642','TG/2021/1012','ICT1242','ICT002','2023-08-01','Present'),
('A0643','TG/2021/1013','ICT1242','ICT002','2023-08-01','Present'),
('A0644','TG/2021/1014','ICT1242','ICT002','2023-08-01','Present'),
('A0645','TG/2021/1015','ICT1242','ICT002','2023-08-01','Present'),
('A0646','TG/2021/1016','ICT1242','ICT002','2023-08-01','Present'),
('A0647','TG/2021/1017','ICT1242','ICT002','2023-08-01','Present'),
('A0648','TG/2021/1018','ICT1242','ICT002','2023-08-01','Present'),
('A0649','TG/2021/1019','ICT1242','ICT002','2023-08-01','Present'),


('A0655','TG/2021/1010','ICT1242','ICT002','2023-08-08','Present'),
('A0656','TG/2021/1011','ICT1242','ICT002','2023-08-08','Present'),
('A0657','TG/2021/1012','ICT1242','ICT002','2023-08-08','Present'),
('A0658','TG/2021/1013','ICT1242','ICT002','2023-08-08','Present'),
('A0659','TG/2021/1014','ICT1242','ICT002','2023-08-08','Present'),
('A0660','TG/2021/1015','ICT1242','ICT002','2023-08-08','Present'),
('A0661','TG/2021/1016','ICT1242','ICT002','2023-08-08','Present'),
('A0662','TG/2021/1017','ICT1242','ICT002','2023-08-08','Present'),
('A0663','TG/2021/1018','ICT1242','ICT002','2023-08-08','Present'),
('A0664','TG/2021/1019','ICT1242','ICT002','2023-08-08','Present'),


('A0670','TG/2021/1010','ICT1242','ICT002','2023-08-15','Present'),
('A0671','TG/2021/1011','ICT1242','ICT002','2023-08-15','Present'),
('A0672','TG/2021/1012','ICT1242','ICT002','2023-08-15','Present'),
('A0673','TG/2021/1013','ICT1242','ICT002','2023-08-15','Present'),
('A0674','TG/2021/1014','ICT1242','ICT002','2023-08-15','Present'),
('A0675','TG/2021/1015','ICT1242','ICT002','2023-08-15','Present'),
('A0676','TG/2021/1016','ICT1242','ICT002','2023-08-15','Present'),
('A0677','TG/2021/1017','ICT1242','ICT002','2023-08-15','Present'),
('A0678','TG/2021/1018','ICT1242','ICT002','2023-08-15','Present'),
('A0679','TG/2021/1019','ICT1242','ICT002','2023-08-15','Present'),


('A0685','TG/2021/1010','ICT1242','ICT002','2023-08-22','Present'),
('A0686','TG/2021/1011','ICT1242','ICT002','2023-08-22','Present'),
('A0687','TG/2021/1012','ICT1242','ICT002','2023-08-22','Present'),
('A0688','TG/2021/1013','ICT1242','ICT002','2023-08-22','Present'),
('A0689','TG/2021/1014','ICT1242','ICT002','2023-08-22','Present'),
('A0690','TG/2021/1015','ICT1242','ICT002','2023-08-22','Present'),
('A0691','TG/2021/1016','ICT1242','ICT002','2023-08-22','Present'),
('A0692','TG/2021/1017','ICT1242','ICT002','2023-08-22','Present'),
('A0693','TG/2021/1018','ICT1242','ICT002','2023-08-22','Present'),
('A0694','TG/2021/1019','ICT1242','ICT002','2023-08-22','Present'),


('A0701','TG/2021/1010','ICT1242','ICT002','2023-08-29','Present'),
('A0702','TG/2021/1011','ICT1242','ICT002','2023-08-29','Present'),
('A0703','TG/2021/1012','ICT1242','ICT002','2023-08-29','Present'),
('A0704','TG/2021/1013','ICT1242','ICT002','2023-08-29','Present'),
('A0705','TG/2021/1014','ICT1242','ICT002','2023-08-29','Present'),
('A0706','TG/2021/1015','ICT1242','ICT002','2023-08-29','Present'),
('A0707','TG/2021/1016','ICT1242','ICT002','2023-08-29','Present'),
('A0708','TG/2021/1017','ICT1242','ICT002','2023-08-29','Present'),
('A0709','TG/2021/1018','ICT1242','ICT002','2023-08-29','Present'),
('A0710','TG/2021/1019','ICT1242','ICT002','2023-08-29','Present'),



('A0716','TG/2021/1010','ICT1242','ICT002','2023-09-05','Present'),
('A0717','TG/2021/1011','ICT1242','ICT002','2023-09-05','Present'),
('A0718','TG/2021/1012','ICT1242','ICT002','2023-09-05','Present'),
('A0719','TG/2021/1013','ICT1242','ICT002','2023-09-05','Present'),
('A0720','TG/2021/1014','ICT1242','ICT002','2023-09-05','Present'),
('A0721','TG/2021/1015','ICT1242','ICT002','2023-09-05','Present'),
('A0722','TG/2021/1016','ICT1242','ICT002','2023-09-05','Present'),
('A0723','TG/2021/1017','ICT1242','ICT002','2023-09-05','Present'),
('A0724','TG/2021/1018','ICT1242','ICT002','2023-09-05','Present'),
('A0725','TG/2021/1019','ICT1242','ICT002','2023-09-05','Present'),


('A0731','TG/2021/1010','ICT1242','ICT002','2023-09-12','Present'),
('A0732','TG/2021/1011','ICT1242','ICT002','2023-09-12','Present'),
('A0733','TG/2021/1012','ICT1242','ICT002','2023-09-12','Present'),
('A0734','TG/2021/1013','ICT1242','ICT002','2023-09-12','Present'),
('A0735','TG/2021/1014','ICT1242','ICT002','2023-09-12','Present'),
('A0736','TG/2021/1015','ICT1242','ICT002','2023-09-12','Present'),
('A0737','TG/2021/1016','ICT1242','ICT002','2023-09-12','Present'),
('A0738','TG/2021/1017','ICT1242','ICT002','2023-09-12','Present'),
('A0739','TG/2021/1018','ICT1242','ICT002','2023-09-12','Present'),
('A0740','TG/2021/1019','ICT1242','ICT002','2023-09-12','Present'),


('A0746','TG/2021/1010','ICT1242','ICT002','2023-09-19','Present'),
('A0747','TG/2021/1011','ICT1242','ICT002','2023-09-19','Present'),
('A0748','TG/2021/1012','ICT1242','ICT002','2023-09-19','Present'),
('A0749','TG/2021/1013','ICT1242','ICT002','2023-09-19','Present'),
('A0750','TG/2021/1014','ICT1242','ICT002','2023-09-19','Present'),
('A0751','TG/2021/1015','ICT1242','ICT002','2023-09-19','Present'),
('A0752','TG/2021/1016','ICT1242','ICT002','2023-09-19','Present'),
('A0753','TG/2021/1017','ICT1242','ICT002','2023-09-19','Present'),
('A0754','TG/2021/1018','ICT1242','ICT002','2023-09-19','Present'),
('A0755','TG/2021/1019','ICT1242','ICT002','2023-09-19','Present'),


('A0761','TG/2021/1010','ICT1242','ICT002','2023-09-26','Present'),
('A0762','TG/2021/1011','ICT1242','ICT002','2023-09-26','Present'),
('A0763','TG/2021/1012','ICT1242','ICT002','2023-09-26','Present'),
('A0764','TG/2021/1013','ICT1242','ICT002','2023-09-26','Present'),
('A0765','TG/2021/1014','ICT1242','ICT002','2023-09-26','Present'),
('A0766','TG/2021/1015','ICT1242','ICT002','2023-09-26','Present'),
('A0767','TG/2021/1016','ICT1242','ICT002','2023-09-26','Present'),
('A0768','TG/2021/1017','ICT1242','ICT002','2023-09-26','Present'),
('A0769','TG/2021/1018','ICT1242','ICT002','2023-09-26','Present'),
('A0770','TG/2021/1019','ICT1242','ICT002','2023-09-26','Present'),



('A0776','TG/2021/1010','ICT1242','ICT002','2023-10-03','Present'),
('A0777','TG/2021/1011','ICT1242','ICT002','2023-10-03','Present'),
('A0778','TG/2021/1012','ICT1242','ICT002','2023-10-03','Present'),
('A0779','TG/2021/1013','ICT1242','ICT002','2023-10-03','Present'),
('A0780','TG/2021/1014','ICT1242','ICT002','2023-10-03','Present'),
('A0781','TG/2021/1015','ICT1242','ICT002','2023-10-03','Present'),
('A0782','TG/2021/1016','ICT1242','ICT002','2023-10-03','Present'),
('A0783','TG/2021/1017','ICT1242','ICT002','2023-10-03','Present'),
('A0784','TG/2021/1018','ICT1242','ICT002','2023-10-03','Present'),
('A0785','TG/2021/1019','ICT1242','ICT002','2023-10-03','Present'),

('A0791','TG/2021/1010','ICT1242','ICT002','2023-10-10','Present'),
('A0792','TG/2021/1011','ICT1242','ICT002','2023-10-10','Present'),
('A0793','TG/2021/1012','ICT1242','ICT002','2023-10-10','Present'),
('A0794','TG/2021/1013','ICT1242','ICT002','2023-10-10','Present'),
('A0795','TG/2021/1014','ICT1242','ICT002','2023-10-10','Present'),
('A0796','TG/2021/1015','ICT1242','ICT002','2023-10-10','Present'),
('A0797','TG/2021/1016','ICT1242','ICT002','2023-10-10','Present'),
('A0798','TG/2021/1017','ICT1242','ICT002','2023-10-10','Present'),
('A0799','TG/2021/1018','ICT1242','ICT002','2023-10-10','Present'),
('A0800','TG/2021/1019','ICT1242','ICT002','2023-10-10','Present'),



('A0806','TG/2021/1010','ICT1253','ICT002','2023-07-04','Present'),
('A0807','TG/2021/1011','ICT1253','ICT002','2023-07-04','Present'),
('A0808','TG/2021/1012','ICT1253','ICT002','2023-07-04','Present'),
('A0809','TG/2021/1013','ICT1253','ICT002','2023-07-04','Present'),
('A0810','TG/2021/1014','ICT1253','ICT002','2023-07-04','Present'),
('A0811','TG/2021/1015','ICT1253','ICT002','2023-07-04','Present'),
('A0812','TG/2021/1016','ICT1253','ICT002','2023-07-04','Present'),
('A0813','TG/2021/1017','ICT1253','ICT002','2023-07-04','Present'),
('A0814','TG/2021/1018','ICT1253','ICT002','2023-07-04','Present'),
('A0815','TG/2021/1019','ICT1253','ICT002','2023-07-04','Present'),


('A0821','TG/2021/1010','ICT1253','ICT002','2023-07-11','Present'),
('A0822','TG/2021/1011','ICT1253','ICT002','2023-07-11','Present'),
('A0823','TG/2021/1012','ICT1253','ICT002','2023-07-11','Present'),
('A0824','TG/2021/1013','ICT1253','ICT002','2023-07-11','Present'),
('A0825','TG/2021/1014','ICT1253','ICT002','2023-07-11','Present'),
('A0826','TG/2021/1015','ICT1253','ICT002','2023-07-11','Present'),
('A0827','TG/2021/1016','ICT1253','ICT002','2023-07-11','Present'),
('A0828','TG/2021/1017','ICT1253','ICT002','2023-07-11','Present'),
('A0829','TG/2021/1018','ICT1253','ICT002','2023-07-11','Present'),
('A0830','TG/2021/1019','ICT1253','ICT002','2023-07-11','Present'),


('A0836','TG/2021/1010','ICT1253','ICT002','2023-07-18','Present'),
('A0837','TG/2021/1011','ICT1253','ICT002','2023-07-18','Present'),
('A0838','TG/2021/1012','ICT1253','ICT002','2023-07-18','Present'),
('A0839','TG/2021/1013','ICT1253','ICT002','2023-07-18','Present'),
('A0840','TG/2021/1014','ICT1253','ICT002','2023-07-18','Present'),
('A0841','TG/2021/1015','ICT1253','ICT002','2023-07-18','Present'),
('A0842','TG/2021/1016','ICT1253','ICT002','2023-07-18','Present'),
('A0843','TG/2021/1017','ICT1253','ICT002','2023-07-18','Present'),
('A0844','TG/2021/1018','ICT1253','ICT002','2023-07-18','Present'),
('A0845','TG/2021/1019','ICT1253','ICT002','2023-07-18','Present'),


('A0851','TG/2021/1010','ICT1253','ICT002','2023-07-25','Present'),
('A0852','TG/2021/1011','ICT1253','ICT002','2023-07-25','Present'),
('A0853','TG/2021/1012','ICT1253','ICT002','2023-07-25','Present'),
('A0854','TG/2021/1013','ICT1253','ICT002','2023-07-25','Present'),
('A0855','TG/2021/1014','ICT1253','ICT002','2023-07-25','Absent'),
('A0856','TG/2021/1015','ICT1253','ICT002','2023-07-25','Present'),
('A0857','TG/2021/1016','ICT1253','ICT002','2023-07-25','Present'),
('A0858','TG/2021/1017','ICT1253','ICT002','2023-07-25','Present'),
('A0859','TG/2021/1018','ICT1253','ICT002','2023-07-25','Present'),
('A0860','TG/2021/1019','ICT1253','ICT002','2023-07-25','Present'),


('A0866','TG/2021/1010','ICT1253','ICT002','2023-08-01','Present'),
('A0867','TG/2021/1011','ICT1253','ICT002','2023-08-01','Present'),
('A0868','TG/2021/1012','ICT1253','ICT002','2023-08-01','Present'),
('A0869','TG/2021/1013','ICT1253','ICT002','2023-08-01','Present'),
('A0870','TG/2021/1014','ICT1253','ICT002','2023-08-01','Present'),
('A0871','TG/2021/1015','ICT1253','ICT002','2023-08-01','Present'),
('A0872','TG/2021/1016','ICT1253','ICT002','2023-08-01','Present'),
('A0873','TG/2021/1017','ICT1253','ICT002','2023-08-01','Present'),
('A0874','TG/2021/1018','ICT1253','ICT002','2023-08-01','Present'),
('A0875','TG/2021/1019','ICT1253','ICT002','2023-08-01','Present'),


('A0881','TG/2021/1010','ICT1253','ICT002','2023-08-08','Present'),
('A0882','TG/2021/1011','ICT1253','ICT002','2023-08-08','Present'),
('A0883','TG/2021/1012','ICT1253','ICT002','2023-08-08','Present'),
('A0884','TG/2021/1013','ICT1253','ICT002','2023-08-08','Present'),
('A0885','TG/2021/1014','ICT1253','ICT002','2023-08-08','Present'),
('A0886','TG/2021/1015','ICT1253','ICT002','2023-08-08','Present'),
('A0887','TG/2021/1016','ICT1253','ICT002','2023-08-08','Present'),
('A0888','TG/2021/1017','ICT1253','ICT002','2023-08-08','Present'),
('A0889','TG/2021/1018','ICT1253','ICT002','2023-08-08','Present'),
('A0890','TG/2021/1019','ICT1253','ICT002','2023-08-08','Present'),


('A0896','TG/2021/1010','ICT1253','ICT002','2023-08-15','Present'),
('A0897','TG/2021/1011','ICT1253','ICT002','2023-08-15','Present'),
('A0898','TG/2021/1012','ICT1253','ICT002','2023-08-15','Present'),
('A0899','TG/2021/1013','ICT1253','ICT002','2023-08-15','Present'),
('A0900','TG/2021/1014','ICT1253','ICT002','2023-08-15','Present'),
('A0901','TG/2021/1015','ICT1253','ICT002','2023-08-15','Present'),
('A0902','TG/2021/1016','ICT1253','ICT002','2023-08-15','Present'),
('A0903','TG/2021/1017','ICT1253','ICT002','2023-08-15','Absent'),
('A0904','TG/2021/1018','ICT1253','ICT002','2023-08-15','Present'),
('A0905','TG/2021/1019','ICT1253','ICT002','2023-08-15','Present'),


('A0911','TG/2021/1010','ICT1253','ICT002','2023-08-22','Present'),
('A0912','TG/2021/1011','ICT1253','ICT002','2023-08-22','Present'),
('A0913','TG/2021/1012','ICT1253','ICT002','2023-08-22','Present'),
('A0914','TG/2021/1013','ICT1253','ICT002','2023-08-22','Present'),
('A0915','TG/2021/1014','ICT1253','ICT002','2023-08-22','Present'),
('A0916','TG/2021/1015','ICT1253','ICT002','2023-08-22','Present'),
('A0917','TG/2021/1016','ICT1253','ICT002','2023-08-22','Present'),
('A0918','TG/2021/1017','ICT1253','ICT002','2023-08-22','Present'),
('A0919','TG/2021/1018','ICT1253','ICT002','2023-08-22','Present'),
('A0920','TG/2021/1019','ICT1253','ICT002','2023-08-22','Present'),


('A0926','TG/2021/1010','ICT1253','ICT002','2023-08-29','Present'),
('A0927','TG/2021/1011','ICT1253','ICT002','2023-08-29','Present'),
('A0928','TG/2021/1012','ICT1253','ICT002','2023-08-29','Present'),
('A0929','TG/2021/1013','ICT1253','ICT002','2023-08-29','Present'),
('A0930','TG/2021/1014','ICT1253','ICT002','2023-08-29','Absent'),
('A0931','TG/2021/1015','ICT1253','ICT002','2023-08-29','Present'),
('A0932','TG/2021/1016','ICT1253','ICT002','2023-08-29','Present'),
('A0933','TG/2021/1017','ICT1253','ICT002','2023-08-29','Present'),
('A0934','TG/2021/1018','ICT1253','ICT002','2023-08-29','Present'),
('A0935','TG/2021/1019','ICT1253','ICT002','2023-08-29','Present'),


('A0941','TG/2021/1010','ICT1253','ICT002','2023-09-05','Present'),
('A0942','TG/2021/1011','ICT1253','ICT002','2023-09-05','Present'),
('A0943','TG/2021/1012','ICT1253','ICT002','2023-09-05','Present'),
('A0944','TG/2021/1013','ICT1253','ICT002','2023-09-05','Present'),
('A0945','TG/2021/1014','ICT1253','ICT002','2023-09-05','Absent'),
('A0946','TG/2021/1015','ICT1253','ICT002','2023-09-05','Present'),
('A0947','TG/2021/1016','ICT1253','ICT002','2023-09-05','Present'),
('A0948','TG/2021/1017','ICT1253','ICT002','2023-09-05','Present'),
('A0949','TG/2021/1018','ICT1253','ICT002','2023-09-05','Present'),
('A0950','TG/2021/1019','ICT1253','ICT002','2023-09-05','Present'),


('A0956','TG/2021/1010','ICT1253','ICT002','2023-09-12','Present'),
('A0957','TG/2021/1011','ICT1253','ICT002','2023-09-12','Present'),
('A0958','TG/2021/1012','ICT1253','ICT002','2023-09-12','Present'),
('A0959','TG/2021/1013','ICT1253','ICT002','2023-09-12','Present'),
('A0960','TG/2021/1014','ICT1253','ICT002','2023-09-12','Absent'),
('A0961','TG/2021/1015','ICT1253','ICT002','2023-09-12','Present'),
('A0962','TG/2021/1016','ICT1253','ICT002','2023-09-12','Present'),
('A0963','TG/2021/1017','ICT1253','ICT002','2023-09-12','Present'),
('A0964','TG/2021/1018','ICT1253','ICT002','2023-09-12','Present'),
('A0965','TG/2021/1019','ICT1253','ICT002','2023-09-12','Present'),


('A0971','TG/2021/1010','ICT1253','ICT002','2023-09-19','Present'),
('A0972','TG/2021/1011','ICT1253','ICT002','2023-09-19','Present'),
('A0973','TG/2021/1012','ICT1253','ICT002','2023-09-19','Present'),
('A0974','TG/2021/1013','ICT1253','ICT002','2023-09-19','Present'),
('A0975','TG/2021/1014','ICT1253','ICT002','2023-09-19','Present'),
('A0976','TG/2021/1015','ICT1253','ICT002','2023-09-19','Present'),
('A0977','TG/2021/1016','ICT1253','ICT002','2023-09-19','Present'),
('A0978','TG/2021/1017','ICT1253','ICT002','2023-09-19','Present'),
('A0979','TG/2021/1018','ICT1253','ICT002','2023-09-19','Present'),
('A0980','TG/2021/1019','ICT1253','ICT002','2023-09-19','Present'),


('A0986','TG/2021/1010','ICT1253','ICT002','2023-09-26','Present'),
('A0987','TG/2021/1011','ICT1253','ICT002','2023-09-26','Present'),
('A0988','TG/2021/1012','ICT1253','ICT002','2023-09-26','Present'),
('A0989','TG/2021/1013','ICT1253','ICT002','2023-09-26','Present'),
('A0990','TG/2021/1014','ICT1253','ICT002','2023-09-26','Present'),
('A0991','TG/2021/1015','ICT1253','ICT002','2023-09-26','Present'),
('A0992','TG/2021/1016','ICT1253','ICT002','2023-09-26','Present'),
('A0993','TG/2021/1017','ICT1253','ICT002','2023-09-26','Present'),
('A0994','TG/2021/1018','ICT1253','ICT002','2023-09-26','Present'),
('A0995','TG/2021/1019','ICT1253','ICT002','2023-09-26','Present'),


('A1001','TG/2021/1010','ICT1253','ICT002','2023-10-03','Absent'),
('A1002','TG/2021/1011','ICT1253','ICT002','2023-10-03','Present'),
('A1003','TG/2021/1012','ICT1253','ICT002','2023-10-03','Present'),
('A1004','TG/2021/1013','ICT1253','ICT002','2023-10-03','Present'),
('A1005','TG/2021/1014','ICT1253','ICT002','2023-10-03','Present'),
('A1006','TG/2021/1015','ICT1253','ICT002','2023-10-03','Present'),
('A1007','TG/2021/1016','ICT1253','ICT002','2023-10-03','Present'),
('A1008','TG/2021/1017','ICT1253','ICT002','2023-10-03','Present'),
('A1009','TG/2021/1018','ICT1253','ICT002','2023-10-03','Present'),
('A1010','TG/2021/1019','ICT1253','ICT002','2023-10-03','Present'),


('A1016','TG/2021/1010','ICT1253','ICT002','2023-10-10','Present'),
('A1017','TG/2021/1011','ICT1253','ICT002','2023-10-10','Present'),
('A1018','TG/2021/1012','ICT1253','ICT002','2023-10-10','Present'),
('A1019','TG/2021/1013','ICT1253','ICT002','2023-10-10','Present'),
('A1020','TG/2021/1014','ICT1253','ICT002','2023-10-10','Present'),
('A1021','TG/2021/1015','ICT1253','ICT002','2023-10-10','Present'),
('A1022','TG/2021/1016','ICT1253','ICT002','2023-10-10','Present'),
('A1023','TG/2021/1017','ICT1253','ICT002','2023-10-10','Present'),
('A1024','TG/2021/1018','ICT1253','ICT002','2023-10-10','Present'),
('A1025','TG/2021/1019','ICT1253','ICT002','2023-10-10','Present'),



('A1031','TG/2021/1010','TMS1233','ET001','2023-07-05','Absent'),
('A1032','TG/2021/1011','TMS1233','ET001','2023-07-05','Present'),
('A1033','TG/2021/1012','TMS1233','ET001','2023-07-05','Present'),
('A1034','TG/2021/1013','TMS1233','ET001','2023-07-05','Present'),
('A1035','TG/2021/1014','TMS1233','ET001','2023-07-05','Present'),
('A1036','TG/2021/1015','TMS1233','ET001','2023-07-05','Present'),
('A1037','TG/2021/1016','TMS1233','ET001','2023-07-05','Present'),
('A1038','TG/2021/1017','TMS1233','ET001','2023-07-05','Present'),
('A1039','TG/2021/1018','TMS1233','ET001','2023-07-05','Present'),
('A1040','TG/2021/1019','TMS1233','ET001','2023-07-05','Present'),


('A1046','TG/2021/1010','TMS1233','ET001','2023-07-12','Present'),
('A1047','TG/2021/1011','TMS1233','ET001','2023-07-12','Present'),
('A1048','TG/2021/1012','TMS1233','ET001','2023-07-12','Present'),
('A1049','TG/2021/1013','TMS1233','ET001','2023-07-12','Present'),
('A1050','TG/2021/1014','TMS1233','ET001','2023-07-12','Present'),
('A1051','TG/2021/1015','TMS1233','ET001','2023-07-12','Absent'),
('A1052','TG/2021/1016','TMS1233','ET001','2023-07-12','Present'),
('A1053','TG/2021/1017','TMS1233','ET001','2023-07-12','Present'),
('A1054','TG/2021/1018','TMS1233','ET001','2023-07-12','Present'),
('A1055','TG/2021/1019','TMS1233','ET001','2023-07-12','Present'),


('A1061','TG/2021/1010','TMS1233','ET001','2023-07-19','Present'),
('A1062','TG/2021/1011','TMS1233','ET001','2023-07-19','Present'),
('A1063','TG/2021/1012','TMS1233','ET001','2023-07-19','Present'),
('A1064','TG/2021/1013','TMS1233','ET001','2023-07-19','Present'),
('A1065','TG/2021/1014','TMS1233','ET001','2023-07-19','Present'),
('A1066','TG/2021/1015','TMS1233','ET001','2023-07-19','Present'),
('A1067','TG/2021/1016','TMS1233','ET001','2023-07-19','Present'),
('A1068','TG/2021/1017','TMS1233','ET001','2023-07-19','Present'),
('A1069','TG/2021/1018','TMS1233','ET001','2023-07-19','Present'),
('A1070','TG/2021/1019','TMS1233','ET001','2023-07-19','Present'),


('A1076','TG/2021/1010','TMS1233','ET001','2023-07-26','Present'),
('A1077','TG/2021/1011','TMS1233','ET001','2023-07-26','Present'),
('A1078','TG/2021/1012','TMS1233','ET001','2023-07-26','Present'),
('A1079','TG/2021/1013','TMS1233','ET001','2023-07-26','Present'),
('A1080','TG/2021/1014','TMS1233','ET001','2023-07-26','Present'),
('A1081','TG/2021/1015','TMS1233','ET001','2023-07-26','Present'),
('A1082','TG/2021/1016','TMS1233','ET001','2023-07-26','Present'),
('A1083','TG/2021/1017','TMS1233','ET001','2023-07-26','Present'),
('A1084','TG/2021/1018','TMS1233','ET001','2023-07-26','Present'),
('A1085','TG/2021/1019','TMS1233','ET001','2023-07-26','Present'),



('A1091','TG/2021/1010','TMS1233','ET001','2023-08-02','Present'),
('A1092','TG/2021/1011','TMS1233','ET001','2023-08-02','Present'),
('A1093','TG/2021/1012','TMS1233','ET001','2023-08-02','Present'),
('A1094','TG/2021/1013','TMS1233','ET001','2023-08-02','Present'),
('A1095','TG/2021/1014','TMS1233','ET001','2023-08-02','Present'),
('A1096','TG/2021/1015','TMS1233','ET001','2023-08-02','Present'),
('A1097','TG/2021/1016','TMS1233','ET001','2023-08-02','Present'),
('A1098','TG/2021/1017','TMS1233','ET001','2023-08-02','Present'),
('A1099','TG/2021/1018','TMS1233','ET001','2023-08-02','Present'),
('A1100','TG/2021/1019','TMS1233','ET001','2023-08-02','Present'),


('A1106','TG/2021/1010','TMS1233','ET001','2023-08-09','Present'),
('A1107','TG/2021/1011','TMS1233','ET001','2023-08-09','Present'),
('A1108','TG/2021/1012','TMS1233','ET001','2023-08-09','Present'),
('A1109','TG/2021/1013','TMS1233','ET001','2023-08-09','Present'),
('A1110','TG/2021/1014','TMS1233','ET001','2023-08-09','Present'),
('A1111','TG/2021/1015','TMS1233','ET001','2023-08-09','Present'),
('A1112','TG/2021/1016','TMS1233','ET001','2023-08-09','Present'),
('A1113','TG/2021/1017','TMS1233','ET001','2023-08-09','Present'),
('A1114','TG/2021/1018','TMS1233','ET001','2023-08-09','Present'),
('A1115','TG/2021/1019','TMS1233','ET001','2023-08-09','Present'),


('A1121','TG/2021/1010','TMS1233','ET001','2023-08-16','Present'),
('A1122','TG/2021/1011','TMS1233','ET001','2023-08-16','Present'),
('A1123','TG/2021/1012','TMS1233','ET001','2023-08-16','Present'),
('A1124','TG/2021/1013','TMS1233','ET001','2023-08-16','Present'),
('A1125','TG/2021/1014','TMS1233','ET001','2023-08-16','Present'),
('A1126','TG/2021/1015','TMS1233','ET001','2023-08-16','Present'),
('A1127','TG/2021/1016','TMS1233','ET001','2023-08-16','Present'),
('A1128','TG/2021/1017','TMS1233','ET001','2023-08-16','Present'),
('A1129','TG/2021/1018','TMS1233','ET001','2023-08-16','Present'),
('A1130','TG/2021/1019','TMS1233','ET001','2023-08-16','Present'),


('A1136','TG/2021/1010','TMS1233','ET001','2023-08-23','Present'),
('A1137','TG/2021/1011','TMS1233','ET001','2023-08-23','Present'),
('A1138','TG/2021/1012','TMS1233','ET001','2023-08-23','Present'),
('A1139','TG/2021/1013','TMS1233','ET001','2023-08-23','Present'),
('A1140','TG/2021/1014','TMS1233','ET001','2023-08-23','Present'),
('A1141','TG/2021/1015','TMS1233','ET001','2023-08-23','Present'),
('A1142','TG/2021/1016','TMS1233','ET001','2023-08-23','Present'),
('A1143','TG/2021/1017','TMS1233','ET001','2023-08-23','Present'),
('A1144','TG/2021/1018','TMS1233','ET001','2023-08-23','Present'),
('A1145','TG/2021/1019','TMS1233','ET001','2023-08-23','Present'),


('A1151','TG/2021/1010','TMS1233','ET001','2023-08-30','Present'),
('A1152','TG/2021/1011','TMS1233','ET001','2023-08-30','Present'),
('A1153','TG/2021/1012','TMS1233','ET001','2023-08-30','Present'),
('A1154','TG/2021/1013','TMS1233','ET001','2023-08-30','Present'),
('A1155','TG/2021/1014','TMS1233','ET001','2023-08-30','Present'),
('A1156','TG/2021/1015','TMS1233','ET001','2023-08-30','Present'),
('A1157','TG/2021/1016','TMS1233','ET001','2023-08-30','Present'),
('A1158','TG/2021/1017','TMS1233','ET001','2023-08-30','Present'),
('A1159','TG/2021/1018','TMS1233','ET001','2023-08-30','Present'),
('A1160','TG/2021/1019','TMS1233','ET001','2023-08-30','Present'),


('A1166','TG/2021/1010','TMS1233','ET001','2023-09-06','Present'),
('A1167','TG/2021/1011','TMS1233','ET001','2023-09-06','Present'),
('A1168','TG/2021/1012','TMS1233','ET001','2023-09-06','Present'),
('A1169','TG/2021/1013','TMS1233','ET001','2023-09-06','Present'),
('A1170','TG/2021/1014','TMS1233','ET001','2023-09-06','Present'),
('A1171','TG/2021/1015','TMS1233','ET001','2023-09-06','Present'),
('A1172','TG/2021/1016','TMS1233','ET001','2023-09-06','Present'),
('A1173','TG/2021/1017','TMS1233','ET001','2023-09-06','Present'),
('A1174','TG/2021/1018','TMS1233','ET001','2023-09-06','Present'),
('A1175','TG/2021/1019','TMS1233','ET001','2023-09-06','Present'),


('A1181','TG/2021/1010','TMS1233','ET001','2023-09-13','Present'),
('A1182','TG/2021/1011','TMS1233','ET001','2023-09-13','Present'),
('A1183','TG/2021/1012','TMS1233','ET001','2023-09-13','Present'),
('A1184','TG/2021/1013','TMS1233','ET001','2023-09-13','Present'),
('A1185','TG/2021/1014','TMS1233','ET001','2023-09-13','Present'),
('A1186','TG/2021/1015','TMS1233','ET001','2023-09-13','Present'),
('A1187','TG/2021/1016','TMS1233','ET001','2023-09-13','Present'),
('A1188','TG/2021/1017','TMS1233','ET001','2023-09-13','Present'),
('A1189','TG/2021/1018','TMS1233','ET001','2023-09-13','Present'),
('A1190','TG/2021/1019','TMS1233','ET001','2023-09-13','Present'),

('A1196','TG/2021/1010','TMS1233','ET001','2023-09-20','Present'),
('A1197','TG/2021/1011','TMS1233','ET001','2023-09-20','Present'),
('A1198','TG/2021/1012','TMS1233','ET001','2023-09-20','Present'),
('A1199','TG/2021/1013','TMS1233','ET001','2023-09-20','Present'),
('A1200','TG/2021/1014','TMS1233','ET001','2023-09-20','Present'),
('A1201','TG/2021/1015','TMS1233','ET001','2023-09-20','Present'),
('A1202','TG/2021/1016','TMS1233','ET001','2023-09-20','Present'),
('A1203','TG/2021/1017','TMS1233','ET001','2023-09-20','Present'),
('A1204','TG/2021/1018','TMS1233','ET001','2023-09-20','Present'),
('A1205','TG/2021/1019','TMS1233','ET001','2023-09-20','Present'),


('A1211','TG/2021/1010','TMS1233','ET001','2023-09-27','Present'),
('A1212','TG/2021/1011','TMS1233','ET001','2023-09-27','Present'),
('A1213','TG/2021/1012','TMS1233','ET001','2023-09-27','Present'),
('A1214','TG/2021/1013','TMS1233','ET001','2023-09-27','Present'),
('A1215','TG/2021/1014','TMS1233','ET001','2023-09-27','Present'),
('A1216','TG/2021/1015','TMS1233','ET001','2023-09-27','Present'),
('A1217','TG/2021/1016','TMS1233','ET001','2023-09-27','Present'),
('A1218','TG/2021/1017','TMS1233','ET001','2023-09-27','Present'),
('A1219','TG/2021/1018','TMS1233','ET001','2023-09-27','Present'),
('A1220','TG/2021/1019','TMS1233','ET001','2023-09-27','Present'),


('A1226','TG/2021/1010','TMS1233','ET001','2023-10-04','Present'),
('A1227','TG/2021/1011','TMS1233','ET001','2023-10-04','Present'),
('A1228','TG/2021/1012','TMS1233','ET001','2023-10-04','Present'),
('A1229','TG/2021/1013','TMS1233','ET001','2023-10-04','Present'),
('A1230','TG/2021/1014','TMS1233','ET001','2023-10-04','Present'),
('A1231','TG/2021/1015','TMS1233','ET001','2023-10-04','Present'),
('A1232','TG/2021/1016','TMS1233','ET001','2023-10-04','Present'),
('A1233','TG/2021/1017','TMS1233','ET001','2023-10-04','Present'),
('A1234','TG/2021/1018','TMS1233','ET001','2023-10-04','Present'),
('A1235','TG/2021/1019','TMS1233','ET001','2023-10-04','Present'),


('A1241','TG/2021/1010','TMS1233','ET001','2023-10-11','Present'),
('A1242','TG/2021/1011','TMS1233','ET001','2023-10-11','Present'),
('A1243','TG/2021/1012','TMS1233','ET001','2023-10-11','Present'),
('A1244','TG/2021/1013','TMS1233','ET001','2023-10-11','Present'),
('A1245','TG/2021/1014','TMS1233','ET001','2023-10-11','Present'),
('A1246','TG/2021/1015','TMS1233','ET001','2023-10-11','Present'),
('A1247','TG/2021/1016','TMS1233','ET001','2023-10-11','Present'),
('A1248','TG/2021/1017','TMS1233','ET001','2023-10-11','Present'),
('A1249','TG/2021/1018','TMS1233','ET001','2023-10-11','Present'),
('A1250','TG/2021/1019','TMS1233','ET001','2023-10-11','Present'),




('A1256','TG/2021/1010','ICT1233','ICT002','2023-07-06','Present'),
('A1257','TG/2021/1011','ICT1233','ICT002','2023-07-06','Present'),
('A1258','TG/2021/1012','ICT1233','ICT002','2023-07-06','Present'),
('A1259','TG/2021/1013','ICT1233','ICT002','2023-07-06','Present'),
('A1260','TG/2021/1014','ICT1233','ICT002','2023-07-06','Present'),
('A1261','TG/2021/1015','ICT1233','ICT002','2023-07-06','Present'),
('A1262','TG/2021/1016','ICT1233','ICT002','2023-07-06','Present'),
('A1263','TG/2021/1017','ICT1233','ICT002','2023-07-06','Present'),
('A1264','TG/2021/1018','ICT1233','ICT002','2023-07-06','Present'),
('A1265','TG/2021/1019','ICT1233','ICT002','2023-07-06','Present'),


('A1271','TG/2021/1010','ICT1233','ICT002','2023-07-13','Present'),
('A1272','TG/2021/1011','ICT1233','ICT002','2023-07-13','Present'),
('A1273','TG/2021/1012','ICT1233','ICT002','2023-07-13','Present'),
('A1274','TG/2021/1013','ICT1233','ICT002','2023-07-13','Present'),
('A1275','TG/2021/1014','ICT1233','ICT002','2023-07-13','Present'),
('A1276','TG/2021/1015','ICT1233','ICT002','2023-07-13','Present'),
('A1277','TG/2021/1016','ICT1233','ICT002','2023-07-13','Present'),
('A1278','TG/2021/1017','ICT1233','ICT002','2023-07-13','Present'),
('A1279','TG/2021/1018','ICT1233','ICT002','2023-07-13','Present'),
('A1280','TG/2021/1019','ICT1233','ICT002','2023-07-13','Present'),


('A1286','TG/2021/1010','ICT1233','ICT002','2023-07-20','Present'),
('A1287','TG/2021/1011','ICT1233','ICT002','2023-07-20','Present'),
('A1288','TG/2021/1012','ICT1233','ICT002','2023-07-20','Present'),
('A1289','TG/2021/1013','ICT1233','ICT002','2023-07-20','Present'),
('A1290','TG/2021/1014','ICT1233','ICT002','2023-07-20','Present'),
('A1291','TG/2021/1015','ICT1233','ICT002','2023-07-20','Present'),
('A1292','TG/2021/1016','ICT1233','ICT002','2023-07-20','Present'),
('A1293','TG/2021/1017','ICT1233','ICT002','2023-07-20','Present'),
('A1294','TG/2021/1018','ICT1233','ICT002','2023-07-20','Present'),
('A1295','TG/2021/1019','ICT1233','ICT002','2023-07-20','Present'),


('A1301','TG/2021/1010','ICT1233','ICT002','2023-07-27','Present'),
('A1302','TG/2021/1011','ICT1233','ICT002','2023-07-27','Present'),
('A1303','TG/2021/1012','ICT1233','ICT002','2023-07-27','Present'),
('A1304','TG/2021/1013','ICT1233','ICT002','2023-07-27','Present'),
('A1305','TG/2021/1014','ICT1233','ICT002','2023-07-27','Present'),
('A1306','TG/2021/1015','ICT1233','ICT002','2023-07-27','Present'),
('A1307','TG/2021/1016','ICT1233','ICT002','2023-07-27','Present'),
('A1308','TG/2021/1017','ICT1233','ICT002','2023-07-27','Absent'),
('A1309','TG/2021/1018','ICT1233','ICT002','2023-07-27','Present'),
('A1310','TG/2021/1019','ICT1233','ICT002','2023-07-27','Present'),


('A1316','TG/2021/1010','ICT1233','ICT002','2023-08-03','Present'),
('A1317','TG/2021/1011','ICT1233','ICT002','2023-08-03','Present'),
('A1318','TG/2021/1012','ICT1233','ICT002','2023-08-03','Present'),
('A1319','TG/2021/1013','ICT1233','ICT002','2023-08-03','Present'),
('A1320','TG/2021/1014','ICT1233','ICT002','2023-08-03','Present'),
('A1321','TG/2021/1015','ICT1233','ICT002','2023-08-03','Present'),
('A1322','TG/2021/1016','ICT1233','ICT002','2023-08-03','Present'),
('A1323','TG/2021/1017','ICT1233','ICT002','2023-08-03','Present'),
('A1324','TG/2021/1018','ICT1233','ICT002','2023-08-03','Present'),
('A1325','TG/2021/1019','ICT1233','ICT002','2023-08-03','Present'),


('A1331','TG/2021/1010','ICT1233','ICT002','2023-08-10','Present'),
('A1332','TG/2021/1011','ICT1233','ICT002','2023-08-10','Present'),
('A1333','TG/2021/1012','ICT1233','ICT002','2023-08-10','Present'),
('A1334','TG/2021/1013','ICT1233','ICT002','2023-08-10','Present'),
('A1335','TG/2021/1014','ICT1233','ICT002','2023-08-10','Present'),
('A1336','TG/2021/1015','ICT1233','ICT002','2023-08-10','Present'),
('A1337','TG/2021/1016','ICT1233','ICT002','2023-08-10','Present'),
('A1338','TG/2021/1017','ICT1233','ICT002','2023-08-10','Present'),
('A1339','TG/2021/1018','ICT1233','ICT002','2023-08-10','Present'),
('A1340','TG/2021/1019','ICT1233','ICT002','2023-08-10','Present'),


('A1346','TG/2021/1010','ICT1233','ICT002','2023-08-17','Present'),
('A1347','TG/2021/1011','ICT1233','ICT002','2023-08-17','Present'),
('A1348','TG/2021/1012','ICT1233','ICT002','2023-08-17','Present'),
('A1349','TG/2021/1013','ICT1233','ICT002','2023-08-17','Present'),
('A1350','TG/2021/1014','ICT1233','ICT002','2023-08-17','Present'),
('A1351','TG/2021/1015','ICT1233','ICT002','2023-08-17','Present'),
('A1352','TG/2021/1016','ICT1233','ICT002','2023-08-17','Present'),
('A1353','TG/2021/1017','ICT1233','ICT002','2023-08-17','Present'),
('A1354','TG/2021/1018','ICT1233','ICT002','2023-08-17','Present'),
('A1355','TG/2021/1019','ICT1233','ICT002','2023-08-17','Present'),


('A1361','TG/2021/1010','ICT1233','ICT002','2023-08-24','Present'),
('A1362','TG/2021/1011','ICT1233','ICT002','2023-08-24','Present'),
('A1363','TG/2021/1012','ICT1233','ICT002','2023-08-24','Present'),
('A1364','TG/2021/1013','ICT1233','ICT002','2023-08-24','Present'),
('A1365','TG/2021/1014','ICT1233','ICT002','2023-08-24','Present'),
('A1366','TG/2021/1015','ICT1233','ICT002','2023-08-24','Present'),
('A1367','TG/2021/1016','ICT1233','ICT002','2023-08-24','Present'),
('A1368','TG/2021/1017','ICT1233','ICT002','2023-08-24','Present'),
('A1369','TG/2021/1018','ICT1233','ICT002','2023-08-24','Present'),
('A1370','TG/2021/1019','ICT1233','ICT002','2023-08-24','Present'),


('A1376','TG/2021/1010','ICT1233','ICT002','2023-08-31','Present'),
('A1377','TG/2021/1011','ICT1233','ICT002','2023-08-31','Present'),
('A1378','TG/2021/1012','ICT1233','ICT002','2023-08-31','Present'),
('A1379','TG/2021/1013','ICT1233','ICT002','2023-08-31','Present'),
('A1380','TG/2021/1014','ICT1233','ICT002','2023-08-31','Present'),
('A1381','TG/2021/1015','ICT1233','ICT002','2023-08-31','Present'),
('A1382','TG/2021/1016','ICT1233','ICT002','2023-08-31','Present'),
('A1383','TG/2021/1017','ICT1233','ICT002','2023-08-31','Present'),
('A1384','TG/2021/1018','ICT1233','ICT002','2023-08-31','Present'),
('A1385','TG/2021/1019','ICT1233','ICT002','2023-08-31','Present'),


('A1391','TG/2021/1010','ICT1233','ICT002','2023-09-07','Present'),
('A1392','TG/2021/1011','ICT1233','ICT002','2023-09-07','Present'),
('A1393','TG/2021/1012','ICT1233','ICT002','2023-09-07','Present'),
('A1394','TG/2021/1013','ICT1233','ICT002','2023-09-07','Present'),
('A1395','TG/2021/1014','ICT1233','ICT002','2023-09-07','Present'),
('A1396','TG/2021/1015','ICT1233','ICT002','2023-09-07','Present'),
('A1397','TG/2021/1016','ICT1233','ICT002','2023-09-07','Present'),
('A1398','TG/2021/1017','ICT1233','ICT002','2023-09-07','Present'),
('A1399','TG/2021/1018','ICT1233','ICT002','2023-09-07','Present'),
('A1400','TG/2021/1019','ICT1233','ICT002','2023-09-07','Present'),


('A1406','TG/2021/1010','ICT1233','ICT002','2023-09-14','Present'),
('A1407','TG/2021/1011','ICT1233','ICT002','2023-09-14','Present'),
('A1408','TG/2021/1012','ICT1233','ICT002','2023-09-14','Present'),
('A1409','TG/2021/1013','ICT1233','ICT002','2023-09-14','Present'),
('A1410','TG/2021/1014','ICT1233','ICT002','2023-09-14','Present'),
('A1411','TG/2021/1015','ICT1233','ICT002','2023-09-14','Present'),
('A1412','TG/2021/1016','ICT1233','ICT002','2023-09-14','Present'),
('A1413','TG/2021/1017','ICT1233','ICT002','2023-09-14','Present'),
('A1414','TG/2021/1018','ICT1233','ICT002','2023-09-14','Present'),
('A1415','TG/2021/1019','ICT1233','ICT002','2023-09-14','Present'),


('A14221','TG/2021/1010','ICT1233','ICT002','2023-09-21','Present'),
('A14222','TG/2021/1011','ICT1233','ICT002','2023-09-21','Present'),
('A14223','TG/2021/1012','ICT1233','ICT002','2023-09-21','Present'),
('A14224','TG/2021/1013','ICT1233','ICT002','2023-09-21','Present'),
('A14225','TG/2021/1014','ICT1233','ICT002','2023-09-21','Present'),
('A14226','TG/2021/1015','ICT1233','ICT002','2023-09-21','Present'),
('A14227','TG/2021/1016','ICT1233','ICT002','2023-09-21','Present'),
('A14228','TG/2021/1017','ICT1233','ICT002','2023-09-21','Present'),
('A14229','TG/2021/1018','ICT1233','ICT002','2023-09-21','Present'),
('A1430','TG/2021/1019','ICT1233','ICT002','2023-09-21','Present'),


('A1436','TG/2021/1010','ICT1233','ICT002','2023-09-28','Present'),
('A1437','TG/2021/1011','ICT1233','ICT002','2023-09-28','Present'),
('A1438','TG/2021/1012','ICT1233','ICT002','2023-09-28','Present'),
('A1439','TG/2021/1013','ICT1233','ICT002','2023-09-28','Present'),
('A1440','TG/2021/1014','ICT1233','ICT002','2023-09-28','Present'),
('A1441','TG/2021/1015','ICT1233','ICT002','2023-09-28','Present'),
('A1442','TG/2021/1016','ICT1233','ICT002','2023-09-28','Present'),
('A1443','TG/2021/1017','ICT1233','ICT002','2023-09-28','Present'),
('A1444','TG/2021/1018','ICT1233','ICT002','2023-09-28','Present'),
('A1445','TG/2021/1019','ICT1233','ICT002','2023-09-28','Present'),


('A1451','TG/2021/1010','ICT1233','ICT002','2023-10-05','Present'),
('A1452','TG/2021/1011','ICT1233','ICT002','2023-10-05','Present'),
('A1453','TG/2021/1012','ICT1233','ICT002','2023-10-05','Present'),
('A1454','TG/2021/1013','ICT1233','ICT002','2023-10-05','Present'),
('A1455','TG/2021/1014','ICT1233','ICT002','2023-10-05','Present'),
('A1456','TG/2021/1015','ICT1233','ICT002','2023-10-05','Present'),
('A1457','TG/2021/1016','ICT1233','ICT002','2023-10-05','Present'),
('A1458','TG/2021/1017','ICT1233','ICT002','2023-10-05','Present'),
('A1459','TG/2021/1018','ICT1233','ICT002','2023-10-05','Present'),
('A1460','TG/2021/1019','ICT1233','ICT002','2023-10-05','Present'),


('A1466','TG/2021/1010','ICT1233','ICT002','2023-10-12','Present'),
('A1467','TG/2021/1011','ICT1233','ICT002','2023-10-12','Present'),
('A1468','TG/2021/1012','ICT1233','ICT002','2023-10-12','Present'),
('A1469','TG/2021/1013','ICT1233','ICT002','2023-10-12','Present'),
('A1470','TG/2021/1014','ICT1233','ICT002','2023-10-12','Present'),
('A1471','TG/2021/1015','ICT1233','ICT002','2023-10-12','Present'),
('A1472','TG/2021/1016','ICT1233','ICT002','2023-10-12','Present'),
('A1473','TG/2021/1017','ICT1233','ICT002','2023-10-12','Present'),
('A1474','TG/2021/1018','ICT1233','ICT002','2023-10-12','Present'),
('A1475','TG/2021/1019','ICT1233','ICT002','2023-10-12','Present'),


('A1481','TG/2021/1010','TCS1212','MD004','2023-07-07','Present'),
('A1482','TG/2021/1011','TCS1212','MD004','2023-07-07','Present'),
('A1483','TG/2021/1012','TCS1212','MD004','2023-07-07','Present'),
('A1484','TG/2021/1013','TCS1212','MD004','2023-07-07','Present'),
('A1485','TG/2021/1014','TCS1212','MD004','2023-07-07','Present'),
('A1486','TG/2021/1015','TCS1212','MD004','2023-07-07','Present'),
('A1487','TG/2021/1016','TCS1212','MD004','2023-07-07','Present'),
('A1488','TG/2021/1017','TCS1212','MD004','2023-07-07','Present'),
('A1489','TG/2021/1018','TCS1212','MD004','2023-07-07','Present'),
('A1490','TG/2021/1019','TCS1212','MD004','2023-07-07','Present'),


('A1496','TG/2021/1010','TCS1212','MD004','2023-07-14','Present'),
('A1497','TG/2021/1011','TCS1212','MD004','2023-07-14','Present'),
('A1498','TG/2021/1012','TCS1212','MD004','2023-07-14','Present'),
('A1499','TG/2021/1013','TCS1212','MD004','2023-07-14','Present'),
('A1500','TG/2021/1014','TCS1212','MD004','2023-07-14','Present'),
('A1501','TG/2021/1015','TCS1212','MD004','2023-07-14','Present'),
('A1502','TG/2021/1016','TCS1212','MD004','2023-07-14','Present'),
('A1503','TG/2021/1017','TCS1212','MD004','2023-07-14','Present'),
('A1504','TG/2021/1018','TCS1212','MD004','2023-07-14','Present'),
('A1505','TG/2021/1019','TCS1212','MD004','2023-07-14','Present'),


('A1511','TG/2021/1010','TCS1212','MD004','2023-07-21','Present'),
('A1512','TG/2021/1011','TCS1212','MD004','2023-07-21','Present'),
('A1513','TG/2021/1012','TCS1212','MD004','2023-07-21','Present'),
('A1514','TG/2021/1013','TCS1212','MD004','2023-07-21','Present'),
('A1515','TG/2021/1014','TCS1212','MD004','2023-07-21','Present'),
('A1516','TG/2021/1015','TCS1212','MD004','2023-07-21','Present'),
('A1517','TG/2021/1016','TCS1212','MD004','2023-07-21','Present'),
('A1518','TG/2021/1017','TCS1212','MD004','2023-07-21','Present'),
('A1519','TG/2021/1018','TCS1212','MD004','2023-07-21','Present'),
('A152','TG/2021/1019','TCS1212','MD004','2023-07-21','Present'),


('A1526','TG/2021/1010','TCS1212','MD004','2023-07-28','Present'),
('A1527','TG/2021/1011','TCS1212','MD004','2023-07-28','Present'),
('A1528','TG/2021/1012','TCS1212','MD004','2023-07-28','Present'),
('A1529','TG/2021/1013','TCS1212','MD004','2023-07-28','Present'),
('A1530','TG/2021/1014','TCS1212','MD004','2023-07-28','Present'),
('A1531','TG/2021/1015','TCS1212','MD004','2023-07-28','Present'),
('A1532','TG/2021/1016','TCS1212','MD004','2023-07-28','Present'),
('A1533','TG/2021/1017','TCS1212','MD004','2023-07-28','Present'),
('A1534','TG/2021/1018','TCS1212','MD004','2023-07-28','Present'),
('A1535','TG/2021/1019','TCS1212','MD004','2023-07-28','Present'),


('A1541','TG/2021/1010','TCS1212','MD004','2023-08-04','Present'),
('A1542','TG/2021/1011','TCS1212','MD004','2023-08-04','Present'),
('A1543','TG/2021/1012','TCS1212','MD004','2023-08-04','Present'),
('A1544','TG/2021/1013','TCS1212','MD004','2023-08-04','Present'),
('A1545','TG/2021/1014','TCS1212','MD004','2023-08-04','Present'),
('A1546','TG/2021/1015','TCS1212','MD004','2023-08-04','Present'),
('A1547','TG/2021/1016','TCS1212','MD004','2023-08-04','Present'),
('A1548','TG/2021/1017','TCS1212','MD004','2023-08-04','Present'),
('A1549','TG/2021/1018','TCS1212','MD004','2023-08-04','Present'),
('A1550','TG/2021/1019','TCS1212','MD004','2023-08-04','Present'),


('A1556','TG/2021/1010','TCS1212','MD004','2023-08-11','Present'),
('A1557','TG/2021/1011','TCS1212','MD004','2023-08-11','Present'),
('A1558','TG/2021/1012','TCS1212','MD004','2023-08-11','Present'),
('A1559','TG/2021/1013','TCS1212','MD004','2023-08-11','Present'),
('A1560','TG/2021/1014','TCS1212','MD004','2023-08-11','Present'),
('A1561','TG/2021/1015','TCS1212','MD004','2023-08-11','Present'),
('A1562','TG/2021/1016','TCS1212','MD004','2023-08-11','Present'),
('A1563','TG/2021/1017','TCS1212','MD004','2023-08-11','Present'),
('A1564','TG/2021/1018','TCS1212','MD004','2023-08-11','Present'),
('A1565','TG/2021/1019','TCS1212','MD004','2023-08-11','Present'),


('A1571','TG/2021/1010','TCS1212','MD004','2023-08-18','Present'),
('A1572','TG/2021/1011','TCS1212','MD004','2023-08-18','Present'),
('A1573','TG/2021/1012','TCS1212','MD004','2023-08-18','Present'),
('A1574','TG/2021/1013','TCS1212','MD004','2023-08-18','Present'),
('A1575','TG/2021/1014','TCS1212','MD004','2023-08-18','Present'),
('A1576','TG/2021/1015','TCS1212','MD004','2023-08-18','Present'),
('A1577','TG/2021/1016','TCS1212','MD004','2023-08-18','Present'),
('A1578','TG/2021/1017','TCS1212','MD004','2023-08-18','Present'),
('A1579','TG/2021/1018','TCS1212','MD004','2023-08-18','Present'),
('A1580','TG/2021/1019','TCS1212','MD004','2023-08-18','Present'),


('A1586','TG/2021/1010','TCS1212','MD004','2023-08-25','Present'),
('A1587','TG/2021/1011','TCS1212','MD004','2023-08-25','Present'),
('A1588','TG/2021/1012','TCS1212','MD004','2023-08-25','Present'),
('A1589','TG/2021/1013','TCS1212','MD004','2023-08-25','Present'),
('A1590','TG/2021/1014','TCS1212','MD004','2023-08-25','Present'),
('A1591','TG/2021/1015','TCS1212','MD004','2023-08-25','Present'),
('A1592','TG/2021/1016','TCS1212','MD004','2023-08-25','Present'),
('A1593','TG/2021/1017','TCS1212','MD004','2023-08-25','Present'),
('A1594','TG/2021/1018','TCS1212','MD004','2023-08-25','Present'),
('A1595','TG/2021/1019','TCS1212','MD004','2023-08-25','Present'),


('A1601','TG/2021/1010','TCS1212','MD004','2023-09-01','Present'),
('A1602','TG/2021/1011','TCS1212','MD004','2023-09-01','Present'),
('A1603','TG/2021/1012','TCS1212','MD004','2023-09-01','Present'),
('A1604','TG/2021/1013','TCS1212','MD004','2023-09-01','Present'),
('A1605','TG/2021/1014','TCS1212','MD004','2023-09-01','Present'),
('A1606','TG/2021/1015','TCS1212','MD004','2023-09-01','Present'),
('A1607','TG/2021/1016','TCS1212','MD004','2023-09-01','Present'),
('A1608','TG/2021/1017','TCS1212','MD004','2023-09-01','Present'),
('A1609','TG/2021/1018','TCS1212','MD004','2023-09-01','Present'),
('A1610','TG/2021/1019','TCS1212','MD004','2023-09-01','Present'),


('A1616','TG/2021/1010','TCS1212','MD004','2023-09-08','Present'),
('A1617','TG/2021/1011','TCS1212','MD004','2023-09-08','Present'),
('A1618','TG/2021/1012','TCS1212','MD004','2023-09-08','Present'),
('A1619','TG/2021/1013','TCS1212','MD004','2023-09-08','Present'),
('A1620','TG/2021/1014','TCS1212','MD004','2023-09-08','Present'),
('A1621','TG/2021/1015','TCS1212','MD004','2023-09-08','Present'),
('A1622','TG/2021/1016','TCS1212','MD004','2023-09-08','Present'),
('A1623','TG/2021/1017','TCS1212','MD004','2023-09-08','Present'),
('A1624','TG/2021/1018','TCS1212','MD004','2023-09-08','Present'),
('A1625','TG/2021/1019','TCS1212','MD004','2023-09-08','Present'),


('A1631','TG/2021/1010','TCS1212','MD004','2023-09-15','Present'),
('A1632','TG/2021/1011','TCS1212','MD004','2023-09-15','Present'),
('A1633','TG/2021/1012','TCS1212','MD004','2023-09-15','Present'),
('A1634','TG/2021/1013','TCS1212','MD004','2023-09-15','Present'),
('A1635','TG/2021/1014','TCS1212','MD004','2023-09-15','Present'),
('A1636','TG/2021/1015','TCS1212','MD004','2023-09-15','Present'),
('A1637','TG/2021/1016','TCS1212','MD004','2023-09-15','Present'),
('A1638','TG/2021/1017','TCS1212','MD004','2023-09-15','Present'),
('A1639','TG/2021/1018','TCS1212','MD004','2023-09-15','Present'),
('A1640','TG/2021/1019','TCS1212','MD004','2023-09-15','Present'),


('A1646','TG/2021/1010','TCS1212','MD004','2023-09-22','Present'),
('A1647','TG/2021/1011','TCS1212','MD004','2023-09-22','Present'),
('A1648','TG/2021/1012','TCS1212','MD004','2023-09-22','Present'),
('A1649','TG/2021/1013','TCS1212','MD004','2023-09-22','Present'),
('A1650','TG/2021/1014','TCS1212','MD004','2023-09-22','Present'),
('A1651','TG/2021/1015','TCS1212','MD004','2023-09-22','Present'),
('A1652','TG/2021/1016','TCS1212','MD004','2023-09-22','Present'),
('A1653','TG/2021/1017','TCS1212','MD004','2023-09-22','Present'),
('A1654','TG/2021/1018','TCS1212','MD004','2023-09-22','Present'),
('A1655','TG/2021/1019','TCS1212','MD004','2023-09-22','Present'),


('A1661','TG/2021/1010','TCS1212','MD004','2023-09-29','Present'),
('A1662','TG/2021/1011','TCS1212','MD004','2023-09-29','Present'),
('A1663','TG/2021/1012','TCS1212','MD004','2023-09-29','Present'),
('A1664','TG/2021/1013','TCS1212','MD004','2023-09-29','Present'),
('A1665','TG/2021/1014','TCS1212','MD004','2023-09-29','Present'),
('A1666','TG/2021/1015','TCS1212','MD004','2023-09-29','Present'),
('A1667','TG/2021/1016','TCS1212','MD004','2023-09-29','Present'),
('A1668','TG/2021/1017','TCS1212','MD004','2023-09-29','Present'),
('A1669','TG/2021/1018','TCS1212','MD004','2023-09-29','Present'),
('A1670','TG/2021/1019','TCS1212','MD004','2023-09-29','Present'),


('A1676','TG/2021/1010','TCS1212','MD004','2023-10-06','Present'),
('A1677','TG/2021/1011','TCS1212','MD004','2023-10-06','Present'),
('A1678','TG/2021/1012','TCS1212','MD004','2023-10-06','Present'),
('A1679','TG/2021/1013','TCS1212','MD004','2023-10-06','Present'),
('A1680','TG/2021/1014','TCS1212','MD004','2023-10-06','Present'),
('A1681','TG/2021/1015','TCS1212','MD004','2023-10-06','Present'),
('A1682','TG/2021/1016','TCS1212','MD004','2023-10-06','Present'),
('A1683','TG/2021/1017','TCS1212','MD004','2023-10-06','Present'),
('A1684','TG/2021/1018','TCS1212','MD004','2023-10-06','Present'),
('A1685','TG/2021/1019','TCS1212','MD004','2023-10-06','Present'),


('A1691','TG/2021/1010','TCS1212','MD004','2023-10-13','Present'),
('A1692','TG/2021/1011','TCS1212','MD004','2023-10-13','Present'),
('A1693','TG/2021/1012','TCS1212','MD004','2023-10-13','Present'),
('A1694','TG/2021/1013','TCS1212','MD004','2023-10-13','Present'),
('A1695','TG/2021/1014','TCS1212','MD004','2023-10-13','Present'),
('A1696','TG/2021/1015','TCS1212','MD004','2023-10-13','Present'),
('A1697','TG/2021/1016','TCS1212','MD004','2023-10-13','Present'),
('A1698','TG/2021/1017','TCS1212','MD004','2023-10-13','Present'),
('A1699','TG/2021/1018','TCS1212','MD004','2023-10-13','Present'),
('A1700','TG/2021/1019','TCS1212','MD004','2023-10-13','Present'),


('A1706','TG/2021/1010','ENG1212','MD004','2023-07-07','Present'),
('A1707','TG/2021/1011','ENG1212','MD004','2023-07-07','Present'),
('A1708','TG/2021/1012','ENG1212','MD004','2023-07-07','Present'),
('A1709','TG/2021/1013','ENG1212','MD004','2023-07-07','Present'),
('A1710','TG/2021/1014','ENG1212','MD004','2023-07-07','Present'),
('A1711','TG/2021/1015','ENG1212','MD004','2023-07-07','Present'),
('A1712','TG/2021/1016','ENG1212','MD004','2023-07-07','Present'),
('A1713','TG/2021/1017','ENG1212','MD004','2023-07-07','Present'),
('A1714','TG/2021/1018','ENG1212','MD004','2023-07-07','Present'),
('A1715','TG/2021/1019','ENG1212','MD004','2023-07-07','Present'),


('A1721','TG/2021/1010','ENG1212','MD004','2023-07-14','Present'),
('A1722','TG/2021/1011','ENG1212','MD004','2023-07-14','Present'),
('A1723','TG/2021/1012','ENG1212','MD004','2023-07-14','Present'),
('A1724','TG/2021/1013','ENG1212','MD004','2023-07-14','Present'),
('A1725','TG/2021/1014','ENG1212','MD004','2023-07-14','Present'),
('A1726','TG/2021/1015','ENG1212','MD004','2023-07-14','Present'),
('A1727','TG/2021/1016','ENG1212','MD004','2023-07-14','Present'),
('A1728','TG/2021/1017','ENG1212','MD004','2023-07-14','Present'),
('A1729','TG/2021/1018','ENG1212','MD004','2023-07-14','Present'),
('A1730','TG/2021/1019','ENG1212','MD004','2023-07-14','Present'),


('A1736','TG/2021/1010','ENG1212','MD004','2023-07-21','Present'),
('A1737','TG/2021/1011','ENG1212','MD004','2023-07-21','Present'),
('A1738','TG/2021/1012','ENG1212','MD004','2023-07-21','Present'),
('A1739','TG/2021/1013','ENG1212','MD004','2023-07-21','Present'),
('A1740','TG/2021/1014','ENG1212','MD004','2023-07-21','Present'),
('A1741','TG/2021/1015','ENG1212','MD004','2023-07-21','Present'),
('A1742','TG/2021/1016','ENG1212','MD004','2023-07-21','Present'),
('A1743','TG/2021/1017','ENG1212','MD004','2023-07-21','Present'),
('A1744','TG/2021/1018','ENG1212','MD004','2023-07-21','Present'),
('A1745','TG/2021/1019','ENG1212','MD004','2023-07-21','Present'),


('A1751','TG/2021/1010','ENG1212','MD004','2023-07-28','Present'),
('A1752','TG/2021/1011','ENG1212','MD004','2023-07-28','Present'),
('A1753','TG/2021/1012','ENG1212','MD004','2023-07-28','Present'),
('A1754','TG/2021/1013','ENG1212','MD004','2023-07-28','Present'),
('A1755','TG/2021/1014','ENG1212','MD004','2023-07-28','Present'),
('A1756','TG/2021/1015','ENG1212','MD004','2023-07-28','Present'),
('A1757','TG/2021/1016','ENG1212','MD004','2023-07-28','Present'),
('A1758','TG/2021/1017','ENG1212','MD004','2023-07-28','Present'),
('A1759','TG/2021/1018','ENG1212','MD004','2023-07-28','Present'),
('A1760','TG/2021/1019','ENG1212','MD004','2023-07-28','Present'),


('A1766','TG/2021/1010','ENG1212','MD004','2023-08-04','Present'),
('A1767','TG/2021/1011','ENG1212','MD004','2023-08-04','Present'),
('A1768','TG/2021/1012','ENG1212','MD004','2023-08-04','Present'),
('A1769','TG/2021/1013','ENG1212','MD004','2023-08-04','Present'),
('A1770','TG/2021/1014','ENG1212','MD004','2023-08-04','Present'),
('A1771','TG/2021/1015','ENG1212','MD004','2023-08-04','Present'),
('A1772','TG/2021/1016','ENG1212','MD004','2023-08-04','Present'),
('A1773','TG/2021/1017','ENG1212','MD004','2023-08-04','Present'),
('A1774','TG/2021/1018','ENG1212','MD004','2023-08-04','Present'),
('A1775','TG/2021/1019','ENG1212','MD004','2023-08-04','Present'),


('A1781','TG/2021/1010','ENG1212','MD004','2023-08-11','Present'),
('A1782','TG/2021/1011','ENG1212','MD004','2023-08-11','Present'),
('A1783','TG/2021/1012','ENG1212','MD004','2023-08-11','Present'),
('A1784','TG/2021/1013','ENG1212','MD004','2023-08-11','Present'),
('A1785','TG/2021/1014','ENG1212','MD004','2023-08-11','Present'),
('A1786','TG/2021/1015','ENG1212','MD004','2023-08-11','Present'),
('A1787','TG/2021/1016','ENG1212','MD004','2023-08-11','Present'),
('A1788','TG/2021/1017','ENG1212','MD004','2023-08-11','Present'),
('A1789','TG/2021/1018','ENG1212','MD004','2023-08-11','Present'),
('A1790','TG/2021/1019','ENG1212','MD004','2023-08-11','Present'),


('A1796','TG/2021/1010','ENG1212','MD004','2023-08-18','Present'),
('A1797','TG/2021/1011','ENG1212','MD004','2023-08-18','Present'),
('A1798','TG/2021/1012','ENG1212','MD004','2023-08-18','Present'),
('A1799','TG/2021/1013','ENG1212','MD004','2023-08-18','Present'),
('A1800','TG/2021/1014','ENG1212','MD004','2023-08-18','Present'),
('A1801','TG/2021/1015','ENG1212','MD004','2023-08-18','Present'),
('A1802','TG/2021/1016','ENG1212','MD004','2023-08-18','Present'),
('A1803','TG/2021/1017','ENG1212','MD004','2023-08-18','Present'),
('A1804','TG/2021/1018','ENG1212','MD004','2023-08-18','Present'),
('A1805','TG/2021/1019','ENG1212','MD004','2023-08-18','Present'),


('A1811','TG/2021/1010','ENG1212','MD004','2023-08-25','Present'),
('A1812','TG/2021/1011','ENG1212','MD004','2023-08-25','Present'),
('A1813','TG/2021/1012','ENG1212','MD004','2023-08-25','Present'),
('A1814','TG/2021/1013','ENG1212','MD004','2023-08-25','Present'),
('A1815','TG/2021/1014','ENG1212','MD004','2023-08-25','Present'),
('A1816','TG/2021/1015','ENG1212','MD004','2023-08-25','Present'),
('A1817','TG/2021/1016','ENG1212','MD004','2023-08-25','Present'),
('A1818','TG/2021/1017','ENG1212','MD004','2023-08-25','Present'),
('A1819','TG/2021/1018','ENG1212','MD004','2023-08-25','Present'),
('A1820','TG/2021/1019','ENG1212','MD004','2023-08-25','Present'),


('A1826','TG/2021/1010','ENG1212','MD004','2023-09-01','Present'),
('A1827','TG/2021/1011','ENG1212','MD004','2023-09-01','Present'),
('A1828','TG/2021/1012','ENG1212','MD004','2023-09-01','Present'),
('A1829','TG/2021/1013','ENG1212','MD004','2023-09-01','Present'),
('A1830','TG/2021/1014','ENG1212','MD004','2023-09-01','Present'),
('A1831','TG/2021/1015','ENG1212','MD004','2023-09-01','Present'),
('A1832','TG/2021/1016','ENG1212','MD004','2023-09-01','Present'),
('A1833','TG/2021/1017','ENG1212','MD004','2023-09-01','Present'),
('A1834','TG/2021/1018','ENG1212','MD004','2023-09-01','Present'),
('A1835','TG/2021/1019','ENG1212','MD004','2023-09-01','Present'),


('A1841','TG/2021/1010','ENG1212','MD004','2023-09-08','Present'),
('A1842','TG/2021/1011','ENG1212','MD004','2023-09-08','Present'),
('A1843','TG/2021/1012','ENG1212','MD004','2023-09-08','Present'),
('A1844','TG/2021/1013','ENG1212','MD004','2023-09-08','Present'),
('A1845','TG/2021/1014','ENG1212','MD004','2023-09-08','Present'),
('A1846','TG/2021/1015','ENG1212','MD004','2023-09-08','Present'),
('A1847','TG/2021/1016','ENG1212','MD004','2023-09-08','Present'),
('A1848','TG/2021/1017','ENG1212','MD004','2023-09-08','Present'),
('A1849','TG/2021/1018','ENG1212','MD004','2023-09-08','Present'),
('A1850','TG/2021/1019','ENG1212','MD004','2023-09-08','Present'),


('A1856','TG/2021/1010','ENG1212','MD004','2023-09-15','Present'),
('A1857','TG/2021/1011','ENG1212','MD004','2023-09-15','Absent'),
('A1858','TG/2021/1012','ENG1212','MD004','2023-09-15','Present'),
('A1859','TG/2021/1013','ENG1212','MD004','2023-09-15','Present'),
('A1860','TG/2021/1014','ENG1212','MD004','2023-09-15','Present'),
('A1861','TG/2021/1015','ENG1212','MD004','2023-09-15','Present'),
('A1862','TG/2021/1016','ENG1212','MD004','2023-09-15','Present'),
('A1863','TG/2021/1017','ENG1212','MD004','2023-09-15','Present'),
('A1864','TG/2021/1018','ENG1212','MD004','2023-09-15','Present'),
('A1865','TG/2021/1019','ENG1212','MD004','2023-09-15','Present'),


('A1871','TG/2021/1010','ENG1212','MD004','2023-09-22','Present'),
('A1872','TG/2021/1011','ENG1212','MD004','2023-09-22','Present'),
('A1873','TG/2021/1012','ENG1212','MD004','2023-09-22','Present'),
('A1874','TG/2021/1013','ENG1212','MD004','2023-09-22','Present'),
('A1875','TG/2021/1014','ENG1212','MD004','2023-09-22','Present'),
('A1876','TG/2021/1015','ENG1212','MD004','2023-09-22','Present'),
('A1877','TG/2021/1016','ENG1212','MD004','2023-09-22','Present'),
('A1878','TG/2021/1017','ENG1212','MD004','2023-09-22','Present'),
('A1879','TG/2021/1018','ENG1212','MD004','2023-09-22','Present'),
('A1880','TG/2021/1019','ENG1212','MD004','2023-09-22','Present'),


('A186','TG/2021/1010','ENG1212','MD004','2023-09-29','Present'),
('A187','TG/2021/1011','ENG1212','MD004','2023-09-29','Present'),
('A188','TG/2021/1012','ENG1212','MD004','2023-09-29','Present'),
('A189','TG/2021/1013','ENG1212','MD004','2023-09-29','Present'),
('A1890','TG/2021/1014','ENG1212','MD004','2023-09-29','Present'),
('A1891','TG/2021/1015','ENG1212','MD004','2023-09-29','Present'),
('A1892','TG/2021/1016','ENG1212','MD004','2023-09-29','Present'),
('A1893','TG/2021/1017','ENG1212','MD004','2023-09-29','Present'),
('A1894','TG/2021/1018','ENG1212','MD004','2023-09-29','Present'),
('A1895','TG/2021/1019','ENG1212','MD004','2023-09-29','Present'),


('A1901','TG/2021/1010','ENG1212','MD004','2023-10-06','Present'),
('A1902','TG/2021/1011','ENG1212','MD004','2023-10-06','Present'),
('A1903','TG/2021/1012','ENG1212','MD004','2023-10-06','Present'),
('A1904','TG/2021/1013','ENG1212','MD004','2023-10-06','Present'),
('A1905','TG/2021/1014','ENG1212','MD004','2023-10-06','Present'),
('A1906','TG/2021/1015','ENG1212','MD004','2023-10-06','Present'),
('A1907','TG/2021/1016','ENG1212','MD004','2023-10-06','Present'),
('A1908','TG/2021/1017','ENG1212','MD004','2023-10-06','Present'),
('A1909','TG/2021/1018','ENG1212','MD004','2023-10-06','Present'),
('A1910','TG/2021/1019','ENG1212','MD004','2023-10-06','Present'),


('A1916','TG/2021/1010','ENG1212','MD004','2023-10-13','Present'),
('A1917','TG/2021/1011','ENG1212','MD004','2023-10-13','Present'),
('A1918','TG/2021/1012','ENG1212','MD004','2023-10-13','Present'),
('A1919','TG/2021/1013','ENG1212','MD004','2023-10-13','Present'),
('A1920','TG/2021/1014','ENG1212','MD004','2023-10-13','Present'),
('A1921','TG/2021/1015','ENG1212','MD004','2023-10-13','Present'),
('A1922','TG/2021/1016','ENG1212','MD004','2023-10-13','Present'),
('A1923','TG/2021/1017','ENG1212','MD004','2023-10-13','Present'),
('A1924','TG/2021/1018','ENG1212','MD004','2023-10-13','Present'),
('A1925','TG/2021/1019','ENG1212','MD004','2023-10-13','Present')
;