-----/*Crerate Table*/----

/*Create Course Table*/
CREATE TABLE Course(
    Course_id VARCHAR(10),
    Department_id VARCHAR(10),
    C_name VARCHAR(50),
    Lecture_in_charge VARCHAR(30),
    Theory_OR_Practical VARCHAR(10),
    CONSTRAINT Course PRIMARY KEY (Course_id,Department_id) 
    );

/*Create Student Table*/
CREATE TABLE Student(
    Student_id VARCHAR(20),
    Name VARCHAR(30),
    Contact_no VARCHAR(11),
    Admin_id VARCHAR(10),
    Officer_id VARCHAR(10),
    Dean_id VARCHAR(10),
    Course_id VARCHAR(10),
    PRIMARY KEY (Student_id,Course_id)
    );

/*Create Courses_lecture Table*/
CREATE TABLE Courses_lecture(
	Course_id VARCHAR(10),
	Lecture_id VARCHAR(10),
	PRIMARY KEY (Course_id,Lecture_id)
    );

----/*Finish Create Table*/------


------/*Data Insert to Table*/------


/*Insert Data For Course table*/
INSERT INTO Course
VALUES
('ICT1212','ICT002','Database Management Systems','Mr.P.H.P.Nuwan Laksiri','Theory'),
('ICT1222','ICT002','Database Management Systems Practicum','Mr.P.H.P.Nuwan Laksiri','Practical'),
('ICT1233','ICT002','Server-Side Web Develop','Ms.Rumeshika Wickrama Arachchi','Theory'),
('ICT1242','ICT002','Computer Architecture','Prof. Subash Jayasinghe','Theory'),
('ICT1253','ICT002','Computer Networks','Ms.Chanduni Gamage','Practical'),
('TCS1212','MD004','Fundamentals of Managemente','Ms.Nilamthi Adikaram','Practical'),
('TMS1233','ET001','Discrete Mathematics','Mr.Harshana Senavirathna ','Theory'),
('ENG1212','MD004','English II','Ms.Hiranya Amarasinghe ','Theory')
;

/*Insert Data For Student table*/
INSERT INTO student
VALUES
('TG/2021/1010','Ishani Kawshalya','071-1245789','A001','T002','D001','ICT1212'),
('TG1010','Ishani Kawshalya','071-1245789','A001','T002','D001','ICT1222'),
('TG1010','Ishani Kawshalya','071-1245789','A001','T002','D001','ICT1233'),
('TG1010','Ishani Kawshalya','071-1245789','A001','T002','D001','ICT1242'),
('TG1010','Ishani Kawshalya','071-1245789','A001','T002','D001','ICT1253'),
('TG1010','Ishani Kawshalya','071-1245789','A001','T002','D001','TCS1212'),
('TG1010','Ishani Kawshalya','071-1245789','A001','T002','D001','TMS1233'),
('TG1010','Ishani Kawshalya','071-1245789','A001','T002','D001','ENG1212'),

('TG1011','Asith Indipa','074-1295989','A001','T002','D001','ICT1212'),
('TG1011','Asith Indipa','074-1295989','A001','T002','D001','ICT1222'),
('TG1011','Asith Indipa','074-1295989','A001','T002','D001','ICT1233'),
('TG1011','Asith Indipa','074-1295989','A001','T002','D001','ICT1242'),
('TG1011','Asith Indipa','074-1295989','A001','T002','D001','ICT1253'),
('TG1011','Asith Indipa','074-1295989','A001','T002','D001','TCS1212'),
('TG1011','Asith Indipa','074-1295989','A001','T002','D001','TMS1233'),
('TG1011','Asith Indipa','074-1295989','A001','T002','D001','ENG1212'),

('TG1012','Anuhas Rajapaksha','071-3225729','A001','T002','D001','ICT1212'),
('TG1012','Anuhas Rajapaksha','071-3225729','A001','T002','D001','ICT1222'),
('TG1012','Anuhas Rajapaksha','071-3225729','A001','T002','D001','ICT1233'),
('TG1012','Anuhas Rajapaksha','071-3225729','A001','T002','D001','ICT1242'),
('TG1012','Anuhas Rajapaksha','071-3225729','A001','T002','D001','ICT1253'),
('TG1012','Anuhas Rajapaksha','071-3225729','A001','T002','D001','TCS1212'),
('TG1012','Anuhas Rajapaksha','071-3225729','A001','T002','D001','TMS1233'),
('TG1012','Anuhas Rajapaksha','071-3225729','A001','T002','D001','ENG1212'),

('TG1013','Hashan Madhuranga','070-2545725','A001','T002','D001','ICT1212'),
('TG1013','Hashan Madhuranga','070-2545725','A001','T002','D001','ICT1222'),
('TG1013','Hashan Madhuranga','070-2545725','A001','T002','D001','ICT1233'),
('TG1013','Hashan Madhuranga','070-2545725','A001','T002','D001','ICT1242'),
('TG1013','Hashan Madhuranga','070-2545725','A001','T002','D001','ICT1253'),
('TG1013','Hashan Madhuranga','070-2545725','A001','T002','D001','TCS1212'),
('TG1013','Hashan Madhuranga','070-2545725','A001','T002','D001','TMS1233'),
('TG1013','Hashan Madhuranga','070-2545725','A001','T002','D001','ENG1212'),

('TG1014','Nipuni Bandara','077-2245588','A001','T002','D001','ICT1212'),
('TG1014','Nipuni Bandara','077-2245588','A001','T002','D001','ICT1222'),
('TG1014','Nipuni Bandara','077-2245588','A001','T002','D001','ICT1233'),
('TG1014','Nipuni Bandara','077-2245588','A001','T002','D001','ICT1242'),
('TG1014','Nipuni Bandara','077-2245588','A001','T002','D001','ICT1253'),
('TG1014','Nipuni Bandara','077-2245588','A001','T002','D001','TCS1212'),
('TG1014','Nipuni Bandara','077-2245588','A001','T002','D001','TMS1233'),
('TG1014','Nipuni Bandara','077-2245588','A001','T002','D001','ENG1212'),

('TG1015','Chathuranga Nipun','076-9842637','A001','T002','D001','ICT1212'),
('TG1015','Chathuranga Nipun','076-9842637','A001','T002','D001','ICT1222'),
('TG1015','Chathuranga Nipun','076-9842637','A001','T002','D001','ICT1233'),
('TG1015','Chathuranga Nipun','076-9842637','A001','T002','D001','ICT1242'),
('TG1015','Chathuranga Nipun','076-9842637','A001','T002','D001','ICT1253'),
('TG1015','Chathuranga Nipun','076-9842637','A001','T002','D001','TCS1212'),
('TG1015','Chathuranga Nipun','076-9842637','A001','T002','D001','TMS1233'),
('TG1015','Chathuranga Nipun','076-9842637','A001','T002','D001','ENG1212'),

('TG1016','Dhanushka Udayantha','071-5142725','A001','T002','D001','ICT1212'),
('TG1016','Dhanushka Udayantha','071-5142725','A001','T002','D001','ICT1222'),
('TG1016','Dhanushka Udayantha','071-5142725','A001','T002','D001','ICT1233'),
('TG1016','Dhanushka Udayantha','071-5142725','A001','T002','D001','ICT1242'),
('TG1016','Dhanushka Udayantha','071-5142725','A001','T002','D001','ICT1253'),
('TG1016','Dhanushka Udayantha','071-5142725','A001','T002','D001','TCS1212'),
('TG1016','Dhanushka Udayantha','071-5142725','A001','T002','D001','TMS1233'),
('TG1016','Dhanushka Udayantha','071-5142725','A001','T002','D001','ENG1212'),

('TG1017','Charuka Bandara','072-5372982','A001','T002','D001','ICT1212'),
('TG1017','Charuka Bandara','072-5372982','A001','T002','D001','ICT1222'),
('TG1017','Charuka Bandara','072-5372982','A001','T002','D001','ICT1233'),
('TG1017','Charuka Bandara','072-5372982','A001','T002','D001','ICT1242'),
('TG1017','Charuka Bandara','072-5372982','A001','T002','D001','ICT1253'),
('TG1017','Charuka Bandara','072-5372982','A001','T002','D001','TCS1212'),
('TG1017','Charuka Bandara','072-5372982','A001','T002','D001','TMS1233'),
('TG1017','Charuka Bandara','072-5372982','A001','T002','D001','ENG1212'),

('TG1018','Tharushika Himansi','078-8642384','A001','T002','D001','ICT1212'),
('TG1018','Tharushika Himansi','078-8642384','A001','T002','D001','ICT1222'),
('TG1018','Tharushika Himansi','078-8642384','A001','T002','D001','ICT1233'),
('TG1018','Tharushika Himansi','078-8642384','A001','T002','D001','ICT1242'),
('TG1018','Tharushika Himansi','078-8642384','A001','T002','D001','ICT1253'),
('TG1018','Tharushika Himansi','078-8642384','A001','T002','D001','TCS1212'),
('TG1018','Tharushika Himansi','078-8642384','A001','T002','D001','TMS1233'),
('TG1018','Tharushika Himansi','078-8642384','A001','T002','D001','ENG1212'),

('TG1019','Ravindu Harshana','076-2346821','A001','T002','D001','ICT1212'),
('TG1019','Ravindu Harshana','076-2346821','A001','T002','D001','ICT1222'),
('TG1019','Ravindu Harshana','076-2346821','A001','T002','D001','ICT1233'),
('TG1019','Ravindu Harshana','076-2346821','A001','T002','D001','ICT1242'),
('TG1019','Ravindu Harshana','076-2346821','A001','T002','D001','ICT1253'),
('TG1019','Ravindu Harshana','076-2346821','A001','T002','D001','TCS1212'),
('TG1019','Ravindu Harshana','076-2346821','A001','T002','D001','TMS1233'),
('TG1019','Ravindu Harshana','076-2346821','A001','T002','D001','ENG1212'),

('TG1020','Harshi Gamage','074-9721456','A001','T002','D001','ICT1212'),
('TG1020','Harshi Gamage','074-9721456','A001','T002','D001','ICT1222'),
('TG1020','Harshi Gamage','074-9721456','A001','T002','D001','ICT1233'),
('TG1020','Harshi Gamage','074-9721456','A001','T002','D001','ICT1242'),
('TG1020','Harshi Gamage','074-9721456','A001','T002','D001','ICT1253'),
('TG1020','Harshi Gamage','074-9721456','A001','T002','D001','TCS1212'),
('TG1020','Harshi Gamage','074-9721456','A001','T002','D001','TMS1233'),
('TG1020','Harshi Gamage','074-9721456','A001','T002','D001','ENG1212'),

('TG1021','Nipuni Kumari','072-3131654','A001','T002','D001','ICT1212'),
('TG1021','Nipuni Kumari','072-3131654','A001','T002','D001','ICT1222'),
('TG1021','Nipuni Kumari','072-3131654','A001','T002','D001','ICT1233'),
('TG1021','Nipuni Kumari','072-3131654','A001','T002','D001','ICT1242'),
('TG1021','Nipuni Kumari','072-3131654','A001','T002','D001','ICT1253'),
('TG1021','Nipuni Kumari','072-3131654','A001','T002','D001','TCS1212'),
('TG1021','Nipuni Kumari','072-3131654','A001','T002','D001','TMS1233'),
('TG1021','Nipuni Kumari','072-3131654','A001','T002','D001','ENG1212'),

('TG1022','Wasantha Kumara','077-8564923','A001','T002','D001','ICT1212'),
('TG1022','Wasantha Kumara','077-8564923','A001','T002','D001','ICT1222'),
('TG1022','Wasantha Kumara','077-8564923','A001','T002','D001','ICT1233'),
('TG1022','Wasantha Kumara','077-8564923','A001','T002','D001','ICT1242'),
('TG1022','Wasantha Kumara','077-8564923','A001','T002','D001','ICT1253'),
('TG1022','Wasantha Kumara','077-8564923','A001','T002','D001','TCS1212'),
('TG1022','Wasantha Kumara','077-8564923','A001','T002','D001','TMS1233'),
('TG1022','Wasantha Kumara','077-8564923','A001','T002','D001','ENG1212'),

('TG1023','Sanath Gamage','076-5588469','A001','T002','D001','ICT1212'),
('TG1023','Sanath Gamage','076-5588469','A001','T002','D001','ICT1222'),
('TG1023','Sanath Gamage','076-5588469','A001','T002','D001','ICT1233'),
('TG1023','Sanath Gamage','076-5588469','A001','T002','D001','ICT1242'),
('TG1023','Sanath Gamage','076-5588469','A001','T002','D001','ICT1253'),
('TG1023','Sanath Gamage','076-5588469','A001','T002','D001','TCS1212'),
('TG1023','Sanath Gamage','076-5588469','A001','T002','D001','TMS1233'),
('TG1023','Sanath Gamage','076-5588469','A001','T002','D001','ENG1212'),

('TG1024','Wathsala Sathsarani','071-8668963','A001','T002','D001','ICT1212'),
('TG1024','Wathsala Sathsarani','071-8668963','A001','T002','D001','ICT1222'),
('TG1024','Wathsala Sathsarani','071-8668963','A001','T002','D001','ICT1233'),
('TG1024','Wathsala Sathsarani','071-8668963','A001','T002','D001','ICT1242'),
('TG1024','Wathsala Sathsarani','071-8668963','A001','T002','D001','ICT1253'),
('TG1024','Wathsala Sathsarani','071-8668963','A001','T002','D001','TCS1212'),
('TG1024','Wathsala Sathsarani','071-8668963','A001','T002','D001','TMS1233'),
('TG1024','Wathsala Sathsarani','071-8668963','A001','T002','D001','ENG1212'),

('TG0920','Mahela Prabodha','072-4698254','A001','T002','D001','ICT1212'),
('TG0920','Mahela Prabodha','072-4698254','A001','T002','D001','ICT1222'),
('TG0920','Mahela Prabodha','072-4698254','A001','T002','D001','ICT1233'),
('TG0920','Mahela Prabodha','072-4698254','A001','T002','D001','ICT1242'),
('TG0920','Mahela Prabodha','072-4698254','A001','T002','D001','ICT1253'),
('TG0920','Mahela Prabodha','072-4698254','A001','T002','D001','TCS1212'),
('TG0920','Mahela Prabodha','072-4698254','A001','T002','D001','TMS1233'),
('TG0920','Mahela Prabodha','072-4698254','A001','T002','D001','ENG1212'),

('TG0918','Dinuka Adithya','072-7391468','A001','T002','D001','ICT1212'),
('TG0918','Dinuka Adithya','072-7391468','A001','T002','D001','ICT1222'),
('TG0918','Dinuka Adithya','072-7391468','A001','T002','D001','ICT1233'),
('TG0918','Dinuka Adithya','072-7391468','A001','T002','D001','ICT1242'),
('TG0918','Dinuka Adithya','072-7391468','A001','T002','D001','ICT1253'),
('TG0918','Dinuka Adithya','072-7391468','A001','T002','D001','TCS1212'),
('TG0918','Dinuka Adithya','072-7391468','A001','T002','D001','TMS1233'),
('TG0918','Dinuka Adithya','072-7391468','A001','T002','D001','ENG1212'),

('TG0980','Supun Lokugamage','076-2864721','A001','T002','D001','ICT1212'),
('TG0980','Supun Lokugamage','076-2864721','A001','T002','D001','ICT1222'),
('TG0980','Supun Lokugamage','076-2864721','A001','T002','D001','ICT1233'),
('TG0980','Supun Lokugamage','076-2864721','A001','T002','D001','ICT1242'),
('TG0980','Supun Lokugamage','076-2864721','A001','T002','D001','ICT1253'),
('TG0980','Supun Lokugamage','076-2864721','A001','T002','D001','TCS1212'),
('TG0980','Supun Lokugamage','076-2864721','A001','T002','D001','TMS1233'),
('TG0980','Supun Lokugamage','076-2864721','A001','T002','D001','ENG1212'),

('TG0833','Ishan Adhikari','075-2252782','A001','T002','D001','ICT1212'),
('TG0833','Ishan Adhikari','075-2252782','A001','T002','D001','ICT1222'),
('TG0833','Ishan Adhikari','075-2252782','A001','T002','D001','ICT1233'),
('TG0833','Ishan Adhikari','075-2252782','A001','T002','D001','ICT1242'),
('TG0833','Ishan Adhikari','075-2252782','A001','T002','D001','ICT1253'),
('TG0833','Ishan Adhikari','075-2252782','A001','T002','D001','TCS1212'),
('TG0833','Ishan Adhikari','075-2252782','A001','T002','D001','TMS1233'),
('TG0833','Ishan Adhikari','075-2252782','A001','T002','D001','ENG1212'),

('TG0810','Nuwan Silva','074-8649722','A001','T002','D001','ICT1212'),
('TG0810','Nuwan Silva','074-8649722','A001','T002','D001','ICT1222'),
('TG0810','Nuwan Silva','074-8649722','A001','T002','D001','ICT1233'),
('TG0810','Nuwan Silva','074-8649722','A001','T002','D001','ICT1242'),
('TG0810','Nuwan Silva','074-8649722','A001','T002','D001','ICT1253'),
('TG0810','Nuwan Silva','074-8649722','A001','T002','D001','TCS1212'),
('TG0810','Nuwan Silva','074-8649722','A001','T002','D001','TMS1233'),
('TG0810','Nuwan Silva','074-8649722','A001','T002','D001','ENG1212'),

('TG0853','Saman Kumara','071-5623199','A001','T002','D001','ICT1212'),
('TG0853','Saman Kumara','071-5623199','A001','T002','D001','ICT1222'),
('TG0853','Saman Kumara','071-5623199','A001','T002','D001','ICT1233'),
('TG0853','Saman Kumara','071-5623199','A001','T002','D001','ICT1242'),
('TG0853','Saman Kumara','071-5623199','A001','T002','D001','ICT1253'),
('TG0853','Saman Kumara','071-5623199','A001','T002','D001','TCS1212'),
('TG0853','Saman Kumara','071-5623199','A001','T002','D001','TMS1233'),
('TG0853','Saman Kumara','071-5623199','A001','T002','D001','ENG1212')
;


/*Insert Data For Courses_lecture  table*/
INSERT INTO Courses_lecture 
VALUES
    ('ICT1212', 'L003'),
    ('ICT1222', 'L003'),
    ('ICT1233', 'L004'),
    ('ICT1242', 'L005'),
    ('ICT1253', 'L006'),
    ('TCS1212', 'L007'),
    ('TMS1233', 'L008'),
    ('ENG1212', 'L009');

                                                          ---------/*Finish the Data insert FOR All Table*/------

                                                            -------/*Add Foreign Key For All Table*/--------                                                          
    ALTER TABLE Course
    ADD FOREIGN KEY (Department_id) REFERENCES Department(Department_id);

    ALTER TABLE Student
	ADD FOREIGN KEY (Admin_id) REFERENCES Admin(Admin_id),
	ADD FOREIGN KEY (Officer_id) REFERENCES Technical_officer(Officer_id),
	ADD FOREIGN KEY (Dean_id) REFERENCES Dean(Dean_id),
	ADD FOREIGN KEY (Course_id) REFERENCES Course(Course_id);

    ALTER TABLE Courses_lecture
	ADD FOREIGN KEY (Course_id) REFERENCES Course(Course_id),
	ADD FOREIGN KEY (Lecture_id) REFERENCES Lecture(Lecture_id);
                                                    --------/*Finish the Add Foreign key for All Table*/-------

    *****************************************************************

                                                            -------/*Create Query*/---------
1.Select all students and their courses:
    SELECT s.Student_id, s.Name, c.C_name
    FROM Student s
    JOIN Course c ON s.Course_id = c.Course_id;

2.Select all courses in the ICT department:
    SELECT *
    FROM Course
    WHERE Department_id = 'ICT002';

3.Select all students who are enrolled in a practical course:
    SELECT s.Student_id, s.Name, c.C_name
    FROM Student s
    JOIN Course c ON s.Course_id = c.Course_id
    WHERE c.Theory_OR_Practical = 'Practical';

4.Count the number of students in each course:
    SELECT c.C_name, COUNT(*) AS num_students
    FROM Student s
    JOIN Course c ON s.Course_id = c.Course_id
    GROUP BY c.C_name;

5.Find the courses taught by a specific lecture (e.g., Mr.P.H.P.Nuwan Laksiri):
    SELECT c.C_name
    FROM Course c
    WHERE c.Lecture_in_charge = 'Mr.P.H.P.Nuwan Laksiri';

6.Select all students along with their contact numbers and the name of the department they are in:
    SELECT s.Student_id, s.Name, s.Contact_no, d.Department_name
    FROM Student s
    JOIN Course c ON s.Course_id = c.Course_id
    JOIN Department d ON c.Department_id = d.Department_id;

7.Find the lectures teaching a specific course (e.g., ICT1212):
    SELECT l.Lecture_name
    FROM Courses_lecture cl
    JOIN Lecture l ON cl.Lecture_id = l.Lecture_id
    WHERE cl.Course_id = 'ICT1212';

8.Find all students and their courses, ordered by the students name:
    SELECT s.Student_id, s.Name, c.C_name
    FROM Student s
    JOIN Course c ON s.Course_id = c.Course_id
    ORDER BY s.Name;

9.Select the course with the most students:
    SELECT c.C_name, COUNT(*) AS num_students
    FROM Student s
    JOIN Course c ON s.Course_id = c.Course_id
    GROUP BY c.C_name
    ORDER BY num_students DESC
    LIMIT 1;

10.Select the student with a specific ID (e.g., TG1010):
    SELECT *
    FROM Student
    WHERE Student_id = 'TG1010';


/**********************************************************************************************************************************************************************************************/

CREATE TABLE Medical(
    Medical_id VARCHAR(20),
    Student_id VARCHAR(10),
    Course_id VARCHAR(10),
    Department_id VARCHAR(10),
    Submission_Date DATE,
    Description_Date VARCHAR (100),
    FOREIGN KEY(Student_id) REFERENCES Student(Student_id),
    FOREIGN KEY(Course_id) REFERENCES Course(Course_id),
    FOREIGN KEY(Department_id) REFERENCES Department(Department_id),
    PRIMARY KEY (Student_id,Course_id)
);

INSERT INTO Medical
VALUES
('MED001','TG/2021/1010','ICT1212','ICT002','2023-08-25','Sick'),
('MED002','TG/2021/1015','ICT1242','ICT002','2023-08-25','Fever'),
('MED003','TG/2021/1016','TCS1212','ICT002','2023-08-25','Sick'),
('MED004','TG/2021/1022','MD004','ICT002','2023-08-25','Fever')
;

CREATE TABLE Attendance(
    Student_id VARCHAR(20),
    Course_id VARCHAR(10),
    Department_id VARCHAR(10),
    Date_of_lecture DATE,
    Present_or_absent VARCHAR(10),
    PRIMARY KEY(Student_id,Date_of_lecture),
    FOREIGN KEY(Student_id) REFERENCES Student(Student_id),
    FOREIGN KEY(Course_id) REFERENCES Course(Course_id),
    FOREIGN KEY(Department_id) REFERENCES Department(Department_id)
    
);


INSERT INTO Attendance
VALUES

                                                            /*Database management systems(ICT 1212)*/

--July

('TG/2021/1010','ICT1212','ICT002','2023-07-03','Present'),
('TG/2021/1011','ICT1212','ICT002','2023-07-03','Present'),
('TG/2021/1012','ICT1212','ICT002','2023-07-03','Present'),
('TG/2021/1013','ICT1212','ICT002','2023-07-03','Present'),
('TG/2021/1014','ICT1212','ICT002','2023-07-03','Present'),
('TG/2021/1015','ICT1212','ICT002','2023-07-03','Present'),
('TG/2021/1016','ICT1212','ICT002','2023-07-03','Present'),
('TG/2021/1017','ICT1212','ICT002','2023-07-03','Present'),
('TG/2021/1018','ICT1212','ICT002','2023-07-03','Present'),
('TG/2021/1019','ICT1212','ICT002','2023-07-03','Present'),
('TG/2021/1020','ICT1212','ICT002','2023-07-03','Present'),
('TG/2021/1021','ICT1212','ICT002','2023-07-03','Present'),
('TG/2021/1022','ICT1212','ICT002','2023-07-03','Present'),
('TG/2021/1023','ICT1212','ICT002','2023-07-03','Present'),
('TG/2021/1024','ICT1212','ICT002','2023-07-03','Present'),

('TG/2021/1010','ICT1212','ICT002','2023-07-10','Present'),
('TG/2021/1011','ICT1212','ICT002','2023-07-10','Present'),
('TG/2021/1012','ICT1212','ICT002','2023-07-10','Present'),
('TG/2021/1013','ICT1212','ICT002','2023-07-10','Present'),
('TG/2021/1014','ICT1212','ICT002','2023-07-10','Present'),
('TG/2021/1015','ICT1212','ICT002','2023-07-10','Present'),
('TG/2021/1016','ICT1212','ICT002','2023-07-10','Present'),
('TG/2021/1017','ICT1212','ICT002','2023-07-10','Present'),
('TG/2021/1018','ICT1212','ICT002','2023-07-10','Present'),
('TG/2021/1019','ICT1212','ICT002','2023-07-10','Present'),
('TG/2021/1020','ICT1212','ICT002','2023-07-10','Present'),
('TG/2021/1021','ICT1212','ICT002','2023-07-10','Present'),
('TG/2021/1022','ICT1212','ICT002','2023-07-10','Present'),
('TG/2021/1023','ICT1212','ICT002','2023-07-10','Present'),
('TG/2021/1024','ICT1212','ICT002','2023-07-10','Present'),

('TG/2021/1010','ICT1212','ICT002','2023-07-17','Present'),
('TG/2021/1011','ICT1212','ICT002','2023-07-17','Present'),
('TG/2021/1012','ICT1212','ICT002','2023-07-17','Present'),
('TG/2021/1013','ICT1212','ICT002','2023-07-17','Present'),
('TG/2021/1014','ICT1212','ICT002','2023-07-17','Present'),
('TG/2021/1015','ICT1212','ICT002','2023-07-17','Present'),
('TG/2021/1016','ICT1212','ICT002','2023-07-17','Present'),
('TG/2021/1017','ICT1212','ICT002','2023-07-17','Present'),
('TG/2021/1018','ICT1212','ICT002','2023-07-17','Present'),
('TG/2021/1019','ICT1212','ICT002','2023-07-17','Present'),
('TG/2021/1020','ICT1212','ICT002','2023-07-17','Present'),
('TG/2021/1021','ICT1212','ICT002','2023-07-17','Present'),
('TG/2021/1022','ICT1212','ICT002','2023-07-17','Present'),
('TG/2021/1023','ICT1212','ICT002','2023-07-17','Present'),
('TG/2021/1024','ICT1212','ICT002','2023-07-17','Present'),

('TG/2021/1010','ICT1212','ICT002','2023-07-24','Present'),
('TG/2021/1011','ICT1212','ICT002','2023-07-24','Present'),
('TG/2021/1012','ICT1212','ICT002','2023-07-24','Present'),
('TG/2021/1013','ICT1212','ICT002','2023-07-24','Present'),
('TG/2021/1014','ICT1212','ICT002','2023-07-24','Present'),
('TG/2021/1015','ICT1212','ICT002','2023-07-24','Present'),
('TG/2021/1016','ICT1212','ICT002','2023-07-24','Present'),
('TG/2021/1017','ICT1212','ICT002','2023-07-24','Present'),
('TG/2021/1018','ICT1212','ICT002','2023-07-24','Present'),
('TG/2021/1019','ICT1212','ICT002','2023-07-24','Present'),
('TG/2021/1020','ICT1212','ICT002','2023-07-24','Present'),
('TG/2021/1021','ICT1212','ICT002','2023-07-24','Present'),
('TG/2021/1022','ICT1212','ICT002','2023-07-24','Present'),
('TG/2021/1023','ICT1212','ICT002','2023-07-24','Present'),
('TG/2021/1024','ICT1212','ICT002','2023-07-24','Present'),

('TG/2021/1010','ICT1212','ICT002','2023-07-31','Present'),
('TG/2021/1011','ICT1212','ICT002','2023-07-31','Present'),
('TG/2021/1012','ICT1212','ICT002','2023-07-31','Present'),
('TG/2021/1013','ICT1212','ICT002','2023-07-31','Present'),
('TG/2021/1014','ICT1212','ICT002','2023-07-31','Present'),
('TG/2021/1015','ICT1212','ICT002','2023-07-31','Present'),
('TG/2021/1016','ICT1212','ICT002','2023-07-31','Present'),
('TG/2021/1017','ICT1212','ICT002','2023-07-31','Present'),
('TG/2021/1018','ICT1212','ICT002','2023-07-31','Present'),
('TG/2021/1019','ICT1212','ICT002','2023-07-31','Present'),
('TG/2021/1020','ICT1212','ICT002','2023-07-31','Present'),
('TG/2021/1021','ICT1212','ICT002','2023-07-31','Present'),
('TG/2021/1022','ICT1212','ICT002','2023-07-31','Present'),
('TG/2021/1023','ICT1212','ICT002','2023-07-31','Present'),
('TG/2021/1024','ICT1212','ICT002','2023-07-31','Present'),

--August
('TG/2021/1010','ICT1212','ICT002','2023-08-07','Present'),
('TG/2021/1011','ICT1212','ICT002','2023-08-07','Present'),
('TG/2021/1012','ICT1212','ICT002','2023-08-07','Present'),
('TG/2021/1013','ICT1212','ICT002','2023-08-07','Present'),
('TG/2021/1014','ICT1212','ICT002','2023-08-07','Present'),
('TG/2021/1015','ICT1212','ICT002','2023-08-07','Present'),
('TG/2021/1016','ICT1212','ICT002','2023-08-07','Present'),
('TG/2021/1017','ICT1212','ICT002','2023-08-07','Present'),
('TG/2021/1018','ICT1212','ICT002','2023-08-07','Present'),
('TG/2021/1019','ICT1212','ICT002','2023-08-07','Present'),
('TG/2021/1020','ICT1212','ICT002','2023-08-07','Present'),
('TG/2021/1021','ICT1212','ICT002','2023-08-07','Present'),
('TG/2021/1022','ICT1212','ICT002','2023-08-07','Present'),
('TG/2021/1023','ICT1212','ICT002','2023-08-07','Present'),
('TG/2021/1024','ICT1212','ICT002','2023-08-07','Present'),

('TG/2021/1010','ICT1212','ICT002','2023-08-14','Present'),
('TG/2021/1011','ICT1212','ICT002','2023-08-14','Present'),
('TG/2021/1012','ICT1212','ICT002','2023-08-14','Present'),
('TG/2021/1013','ICT1212','ICT002','2023-08-14','Present'),
('TG/2021/1014','ICT1212','ICT002','2023-08-14','Present'),
('TG/2021/1015','ICT1212','ICT002','2023-08-14','Present'),
('TG/2021/1016','ICT1212','ICT002','2023-08-14','Present'),
('TG/2021/1017','ICT1212','ICT002','2023-08-14','Present'),
('TG/2021/1018','ICT1212','ICT002','2023-08-14','Present'),
('TG/2021/1019','ICT1212','ICT002','2023-08-14','Present'),
('TG/2021/1020','ICT1212','ICT002','2023-08-14','Present'),
('TG/2021/1021','ICT1212','ICT002','2023-08-14','Present'),
('TG/2021/1022','ICT1212','ICT002','2023-08-14','Present'),
('TG/2021/1023','ICT1212','ICT002','2023-08-14','Present'),
('TG/2021/1024','ICT1212','ICT002','2023-08-14','Present'),

('TG/2021/1010','ICT1212','ICT002','2023-08-21','Present'),
('TG/2021/1011','ICT1212','ICT002','2023-08-21','Present'),
('TG/2021/1012','ICT1212','ICT002','2023-08-21','Present'),
('TG/2021/1013','ICT1212','ICT002','2023-08-21','Present'),
('TG/2021/1014','ICT1212','ICT002','2023-08-21','Present'),
('TG/2021/1015','ICT1212','ICT002','2023-08-21','Present'),
('TG/2021/1016','ICT1212','ICT002','2023-08-21','Present'),
('TG/2021/1017','ICT1212','ICT002','2023-08-21','Present'),
('TG/2021/1018','ICT1212','ICT002','2023-08-21','Present'),
('TG/2021/1019','ICT1212','ICT002','2023-08-21','Present'),
('TG/2021/1020','ICT1212','ICT002','2023-08-21','Present'),
('TG/2021/1021','ICT1212','ICT002','2023-08-21','Present'),
('TG/2021/1022','ICT1212','ICT002','2023-08-21','Present'),
('TG/2021/1023','ICT1212','ICT002','2023-08-21','Present'),
('TG/2021/1024','ICT1212','ICT002','2023-08-21','Present'),

('TG/2021/1010','ICT1212','ICT002','2023-08-28','Present'),
('TG/2021/1011','ICT1212','ICT002','2023-08-28','Present'),
('TG/2021/1012','ICT1212','ICT002','2023-08-28','Present'),
('TG/2021/1013','ICT1212','ICT002','2023-08-28','Present'),
('TG/2021/1014','ICT1212','ICT002','2023-08-28','Present'),
('TG/2021/1015','ICT1212','ICT002','2023-08-28','Present'),
('TG/2021/1016','ICT1212','ICT002','2023-08-28','Present'),
('TG/2021/1017','ICT1212','ICT002','2023-08-28','Present'),
('TG/2021/1018','ICT1212','ICT002','2023-08-28','Present'),
('TG/2021/1019','ICT1212','ICT002','2023-08-28','Present'),
('TG/2021/1020','ICT1212','ICT002','2023-08-28','Present'),
('TG/2021/1021','ICT1212','ICT002','2023-08-28','Present'),
('TG/2021/1022','ICT1212','ICT002','2023-08-28','Present'),
('TG/2021/1023','ICT1212','ICT002','2023-08-28','Present'),
('TG/2021/1024','ICT1212','ICT002','2023-08-28','Present'),

--September
('TG/2021/1010','ICT1212','ICT002','2023-08-07','Present'),
('TG/2021/1011','ICT1212','ICT002','2023-09-04','Present'),
('TG/2021/1012','ICT1212','ICT002','2023-09-04','Present'),
('TG/2021/1013','ICT1212','ICT002','2023-09-04','Present'),
('TG/2021/1014','ICT1212','ICT002','2023-09-04','Present'),
('TG/2021/1015','ICT1212','ICT002','2023-09-04','Present'),
('TG/2021/1016','ICT1212','ICT002','2023-09-04','Present'),
('TG/2021/1017','ICT1212','ICT002','2023-09-04','Present'),
('TG/2021/1018','ICT1212','ICT002','2023-09-04','Present'),
('TG/2021/1019','ICT1212','ICT002','2023-09-04','Present'),
('TG/2021/1020','ICT1212','ICT002','2023-09-04','Present'),
('TG/2021/1021','ICT1212','ICT002','2023-09-04','Present'),
('TG/2021/1022','ICT1212','ICT002','2023-09-04','Present'),
('TG/2021/1023','ICT1212','ICT002','2023-09-04','Present'),
('TG/2021/1024','ICT1212','ICT002','2023-09-04','Present'),

('TG/2021/1011','ICT1212','ICT002','2023-09-11','Present'),
('TG/2021/1012','ICT1212','ICT002','2023-09-11','Present'),
('TG/2021/1013','ICT1212','ICT002','2023-09-11','Present'),
('TG/2021/1014','ICT1212','ICT002','2023-09-11','Present'),
('TG/2021/1015','ICT1212','ICT002','2023-09-11','Present'),
('TG/2021/1016','ICT1212','ICT002','2023-09-11','Present'),
('TG/2021/1017','ICT1212','ICT002','2023-09-11','Present'),
('TG/2021/1018','ICT1212','ICT002','2023-09-11','Present'),
('TG/2021/1019','ICT1212','ICT002','2023-09-11','Present'),
('TG/2021/1020','ICT1212','ICT002','2023-09-11','Present'),
('TG/2021/1021','ICT1212','ICT002','2023-09-11','Present'),
('TG/2021/1022','ICT1212','ICT002','2023-09-11','Present'),
('TG/2021/1023','ICT1212','ICT002','2023-09-11','Present'),
('TG/2021/1024','ICT1212','ICT002','2023-09-11','Present'),

('TG/2021/1011','ICT1212','ICT002','2023-09-18','Present'),
('TG/2021/1012','ICT1212','ICT002','2023-09-18','Present'),
('TG/2021/1013','ICT1212','ICT002','2023-09-18','Present'),
('TG/2021/1014','ICT1212','ICT002','2023-09-18','Present'),
('TG/2021/1015','ICT1212','ICT002','2023-09-18','Present'),
('TG/2021/1016','ICT1212','ICT002','2023-09-18','Present'),
('TG/2021/1017','ICT1212','ICT002','2023-09-18','Present'),
('TG/2021/1018','ICT1212','ICT002','2023-09-18','Present'),
('TG/2021/1019','ICT1212','ICT002','2023-09-18','Present'),
('TG/2021/1020','ICT1212','ICT002','2023-09-18','Present'),
('TG/2021/1021','ICT1212','ICT002','2023-09-18','Present'),
('TG/2021/1022','ICT1212','ICT002','2023-09-18','Present'),
('TG/2021/1023','ICT1212','ICT002','2023-09-18','Present'),
('TG/2021/1024','ICT1212','ICT002','2023-09-18','Present'),

('TG/2021/1011','ICT1212','ICT002','2023-09-25','Present'),
('TG/2021/1012','ICT1212','ICT002','2023-09-25','Present'),
('TG/2021/1013','ICT1212','ICT002','2023-09-25','Present'),
('TG/2021/1014','ICT1212','ICT002','2023-09-25','Present'),
('TG/2021/1015','ICT1212','ICT002','2023-09-25','Present'),
('TG/2021/1016','ICT1212','ICT002','2023-09-25','Present'),
('TG/2021/1017','ICT1212','ICT002','2023-09-25','Present'),
('TG/2021/1018','ICT1212','ICT002','2023-09-25','Present'),
('TG/2021/1019','ICT1212','ICT002','2023-09-25','Present'),
('TG/2021/1020','ICT1212','ICT002','2023-09-25','Present'),
('TG/2021/1021','ICT1212','ICT002','2023-09-25','Present'),
('TG/2021/1022','ICT1212','ICT002','2023-09-25','Present'),
('TG/2021/1023','ICT1212','ICT002','2023-09-25','Present'),
('TG/2021/1024','ICT1212','ICT002','2023-09-25','Present'),

--October
('TG/2021/1011','ICT1212','ICT002','2023-10-02','Present'),
('TG/2021/1012','ICT1212','ICT002','2023-10-02','Present'),
('TG/2021/1013','ICT1212','ICT002','2023-10-02','Present'),
('TG/2021/1014','ICT1212','ICT002','2023-10-02','Present'),
('TG/2021/1015','ICT1212','ICT002','2023-10-02','Present'),
('TG/2021/1016','ICT1212','ICT002','2023-10-02','Present'),
('TG/2021/1017','ICT1212','ICT002','2023-10-02','Present'),
('TG/2021/1018','ICT1212','ICT002','2023-10-02','Present'),
('TG/2021/1019','ICT1212','ICT002','2023-10-02','Present'),
('TG/2021/1020','ICT1212','ICT002','2023-10-02','Present'),
('TG/2021/1021','ICT1212','ICT002','2023-10-02','Present'),
('TG/2021/1022','ICT1212','ICT002','2023-10-02','Present'),
('TG/2021/1023','ICT1212','ICT002','2023-10-02','Present'),
('TG/2021/1024','ICT1212','ICT002','2023-10-02','Present'),

('TG/2021/1011','ICT1212','ICT002','2023-10-09','Present'),
('TG/2021/1012','ICT1212','ICT002','2023-10-09','Present'),
('TG/2021/1013','ICT1212','ICT002','2023-10-09','Present'),
('TG/2021/1014','ICT1212','ICT002','2023-10-09','Present'),
('TG/2021/1015','ICT1212','ICT002','2023-10-09','Present'),
('TG/2021/1016','ICT1212','ICT002','2023-10-09','Present'),
('TG/2021/1017','ICT1212','ICT002','2023-10-09','Present'),
('TG/2021/1018','ICT1212','ICT002','2023-10-09','Present'),
('TG/2021/1019','ICT1212','ICT002','2023-10-09','Present'),
('TG/2021/1020','ICT1212','ICT002','2023-10-09','Present'),
('TG/2021/1021','ICT1212','ICT002','2023-10-09','Present'),
('TG/2021/1022','ICT1212','ICT002','2023-10-09','Present'),
('TG/2021/1023','ICT1212','ICT002','2023-10-09','Present'),
('TG/2021/1024','ICT1212','ICT002','2023-10-09','Present'),

('TG/2021/1011','ICT1212','ICT002','2023-10-16','Present'),
('TG/2021/1012','ICT1212','ICT002','2023-10-16','Present'),
('TG/2021/1013','ICT1212','ICT002','2023-10-16','Present'),
('TG/2021/1014','ICT1212','ICT002','2023-10-16','Present'),
('TG/2021/1015','ICT1212','ICT002','2023-10-16','Present'),
('TG/2021/1016','ICT1212','ICT002','2023-10-16','Present'),
('TG/2021/1017','ICT1212','ICT002','2023-10-16','Present'),
('TG/2021/1018','ICT1212','ICT002','2023-10-16','Present'),
('TG/2021/1019','ICT1212','ICT002','2023-10-16','Present'),
('TG/2021/1020','ICT1212','ICT002','2023-10-16','Present'),
('TG/2021/1021','ICT1212','ICT002','2023-10-16','Present'),
('TG/2021/1022','ICT1212','ICT002','2023-10-16','Present'),
('TG/2021/1023','ICT1212','ICT002','2023-10-16','Present'),
('TG/2021/1024','ICT1212','ICT002','2023-10-16','Present'),

('TG/2021/1011','ICT1212','ICT002','2023-10-23','Present'),
('TG/2021/1012','ICT1212','ICT002','2023-10-23','Present'),
('TG/2021/1013','ICT1212','ICT002','2023-10-23','Present'),
('TG/2021/1014','ICT1212','ICT002','2023-10-23','Present'),
('TG/2021/1015','ICT1212','ICT002','2023-10-23','Present'),
('TG/2021/1016','ICT1212','ICT002','2023-10-23','Present'),
('TG/2021/1017','ICT1212','ICT002','2023-10-23','Present'),
('TG/2021/1018','ICT1212','ICT002','2023-10-23','Present'),
('TG/2021/1019','ICT1212','ICT002','2023-10-23','Present'),
('TG/2021/1020','ICT1212','ICT002','2023-10-23','Present'),
('TG/2021/1021','ICT1212','ICT002','2023-10-23','Present'),
('TG/2021/1022','ICT1212','ICT002','2023-10-23','Present'),
('TG/2021/1023','ICT1212','ICT002','2023-10-23','Present'),
('TG/2021/1024','ICT1212','ICT002','2023-10-23','Present'),

('TG/2021/1011','ICT1212','ICT002','2023-10-30','Present'),
('TG/2021/1012','ICT1212','ICT002','2023-10-30','Present'),
('TG/2021/1013','ICT1212','ICT002','2023-10-30','Present'),
('TG/2021/1014','ICT1212','ICT002','2023-10-30','Present'),
('TG/2021/1015','ICT1212','ICT002','2023-10-30','Present'),
('TG/2021/1016','ICT1212','ICT002','2023-10-30','Present'),
('TG/2021/1017','ICT1212','ICT002','2023-10-30','Present'),
('TG/2021/1018','ICT1212','ICT002','2023-10-30','Present'),
('TG/2021/1019','ICT1212','ICT002','2023-10-30','Present'),
('TG/2021/1020','ICT1212','ICT002','2023-10-30','Present'),
('TG/2021/1021','ICT1212','ICT002','2023-10-30','Present'),
('TG/2021/1022','ICT1212','ICT002','2023-10-30','Present'),
('TG/2021/1023','ICT1212','ICT002','2023-10-30','Present'),
('TG/2021/1024','ICT1212','ICT002','2023-10-30','Present'),


--November
('TG/2021/1011','ICT1212','ICT002','2023-11-06','Present'),
('TG/2021/1012','ICT1212','ICT002','2023-11-06','Present'),
('TG/2021/1013','ICT1212','ICT002','2023-11-06','Present'),
('TG/2021/1014','ICT1212','ICT002','2023-11-06','Present'),
('TG/2021/1015','ICT1212','ICT002','2023-11-06','Present'),
('TG/2021/1016','ICT1212','ICT002','2023-11-06','Present'),
('TG/2021/1017','ICT1212','ICT002','2023-11-06','Present'),
('TG/2021/1018','ICT1212','ICT002','2023-11-06','Present'),
('TG/2021/1019','ICT1212','ICT002','2023-11-06','Present'),
('TG/2021/1020','ICT1212','ICT002','2023-11-06','Present'),
('TG/2021/1021','ICT1212','ICT002','2023-11-06','Present'),
('TG/2021/1022','ICT1212','ICT002','2023-11-06','Present'),
('TG/2021/1023','ICT1212','ICT002','2023-11-06','Present'),
('TG/2021/1024','ICT1212','ICT002','2023-11-06','Present'),

('TG/2021/1011','ICT1212','ICT002','2023-11-13','Present'),
('TG/2021/1012','ICT1212','ICT002','2023-11-13','Present'),
('TG/2021/1013','ICT1212','ICT002','2023-11-13','Present'),
('TG/2021/1014','ICT1212','ICT002','2023-11-13','Present'),
('TG/2021/1015','ICT1212','ICT002','2023-11-13','Present'),
('TG/2021/1016','ICT1212','ICT002','2023-11-13','Present'),
('TG/2021/1017','ICT1212','ICT002','2023-11-13','Present'),
('TG/2021/1018','ICT1212','ICT002','2023-11-13','Present'),
('TG/2021/1019','ICT1212','ICT002','2023-11-13','Present'),
('TG/2021/1020','ICT1212','ICT002','2023-11-13','Present'),
('TG/2021/1021','ICT1212','ICT002','2023-11-13','Present'),
('TG/2021/1022','ICT1212','ICT002','2023-11-13','Present'),
('TG/2021/1023','ICT1212','ICT002','2023-11-13','Present'),
('TG/2021/1024','ICT1212','ICT002','2023-11-13','Present');

------------------------------------------------------------------------------------------------------------------------------------------------------------------------
                                                                    --Database management system Practicum(ICT 1222)
                                                                                                                                --Database management system Theory(ICT 1212)--

--July--


('TG/2021/1010','ICT1222','ICT002','2023-07-03','Present'),
('TG/2021/1011','ICT1222','ICT002','2023-07-03','Present'),
('TG/2021/1012','ICT1222','ICT002','2023-07-03','Present'),
('TG/2021/1013','ICT1222','ICT002','2023-07-03','Present'),
('TG/2021/1014','ICT1222','ICT002','2023-07-03','Present'),
('TG/2021/1015','ICT1222','ICT002','2023-07-03','Present'),
('TG/2021/1016','ICT1222','ICT002','2023-07-03','Present'),
('TG/2021/1017','ICT1222','ICT002','2023-07-03','Present'),
('TG/2021/1018','ICT1222','ICT002','2023-07-03','Present'),
('TG/2021/1019','ICT1222','ICT002','2023-07-03','Present'),
('TG/2021/1020','ICT1222','ICT002','2023-07-03','Present'),
('TG/2021/1021','ICT1222','ICT002','2023-07-03','Present'),
('TG/2021/1022','ICT1222','ICT002','2023-07-03','Present'),
('TG/2021/1023','ICT1222','ICT002','2023-07-03','Present'),
('TG/2021/1024','ICT1222','ICT002','2023-07-03','Present'),


('TG/2021/1010','ICT1222','ICT002','2023-07-10','Present'),
('TG/2021/1011','ICT1222','ICT002','2023-07-10','Present'),
('TG/2021/1012','ICT1222','ICT002','2023-07-10','Present'),
('TG/2021/1013','ICT1222','ICT002','2023-07-10','Present'),
('TG/2021/1014','ICT1222','ICT002','2023-07-10','Present'),
('TG/2021/1015','ICT1222','ICT002','2023-07-10','Present'),
('TG/2021/1016','ICT1222','ICT002','2023-07-10','Present'),
('TG/2021/1017','ICT1222','ICT002','2023-07-10','Present'),
('TG/2021/1018','ICT1222','ICT002','2023-07-10','Present'),
('TG/2021/1019','ICT1222','ICT002','2023-07-10','Present'),
('TG/2021/1020','ICT1222','ICT002','2023-07-10','Present'),
('TG/2021/1021','ICT1222','ICT002','2023-07-10','Present'),
('TG/2021/1022','ICT1222','ICT002','2023-07-10','Present'),
('TG/2021/1023','ICT1222','ICT002','2023-07-10','Present'),
('TG/2021/1024','ICT1222','ICT002','2023-07-10','Present'),


('TG/2021/1010','ICT1222','ICT002','2023-07-17','Present'),
('TG/2021/1011','ICT1222','ICT002','2023-07-17','Present'),
('TG/2021/1012','ICT1222','ICT002','2023-07-17','Present'),
('TG/2021/1013','ICT1222','ICT002','2023-07-17','Present'),
('TG/2021/1014','ICT1222','ICT002','2023-07-17','Present'),
('TG/2021/1015','ICT1222','ICT002','2023-07-17','Present'),
('TG/2021/1016','ICT1222','ICT002','2023-07-17','Present'),
('TG/2021/1017','ICT1222','ICT002','2023-07-17','Present'),
('TG/2021/1018','ICT1222','ICT002','2023-07-17','Present'),
('TG/2021/1019','ICT1222','ICT002','2023-07-17','Present'),
('TG/2021/1020','ICT1222','ICT002','2023-07-17','Present'),
('TG/2021/1021','ICT1222','ICT002','2023-07-17','Present'),
('TG/2021/1022','ICT1222','ICT002','2023-07-17','Present'),
('TG/2021/1023','ICT1222','ICT002','2023-07-17','Present'),
('TG/2021/1024','ICT1222','ICT002','2023-07-17','Present'),


('TG/2021/1010','ICT1222','ICT002','2023-07-24','Present'),
('TG/2021/1011','ICT1222','ICT002','2023-07-24','Present'),
('TG/2021/1012','ICT1222','ICT002','2023-07-24','Present'),
('TG/2021/1013','ICT1222','ICT002','2023-07-24','Present'),
('TG/2021/1014','ICT1222','ICT002','2023-07-24','Present'),
('TG/2021/1015','ICT1222','ICT002','2023-07-24','Present'),
('TG/2021/1016','ICT1222','ICT002','2023-07-24','Present'),
('TG/2021/1017','ICT1222','ICT002','2023-07-24','Present'),
('TG/2021/1018','ICT1222','ICT002','2023-07-24','Present'),
('TG/2021/1019','ICT1222','ICT002','2023-07-24','Present'),
('TG/2021/1020','ICT1222','ICT002','2023-07-24','Present'),
('TG/2021/1021','ICT1222','ICT002','2023-07-24','Present'),
('TG/2021/1022','ICT1222','ICT002','2023-07-24','Present'),
('TG/2021/1023','ICT1222','ICT002','2023-07-24','Present'),
('TG/2021/1024','ICT1222','ICT002','2023-07-24','Present'),


('TG/2021/1010','ICT1222','ICT002','2023-07-31','Present'),
('TG/2021/1011','ICT1222','ICT002','2023-07-31','Present'),
('TG/2021/1012','ICT1222','ICT002','2023-07-31','Present'),
('TG/2021/1013','ICT1222','ICT002','2023-07-31','Present'),
('TG/2021/1014','ICT1222','ICT002','2023-07-31','Present'),
('TG/2021/1015','ICT1222','ICT002','2023-07-31','Present'),
('TG/2021/1016','ICT1222','ICT002','2023-07-31','Present'),
('TG/2021/1017','ICT1222','ICT002','2023-07-31','Present'),
('TG/2021/1018','ICT1222','ICT002','2023-07-31','Present'),
('TG/2021/1019','ICT1222','ICT002','2023-07-31','Present'),
('TG/2021/1020','ICT1222','ICT002','2023-07-31','Present'),
('TG/2021/1021','ICT1222','ICT002','2023-07-31','Present'),
('TG/2021/1022','ICT1222','ICT002','2023-07-31','Present'),
('TG/2021/1023','ICT1222','ICT002','2023-07-31','Present'),
('TG/2021/1024','ICT1222','ICT002','2023-07-31','Present'),


--August--
('TG/2021/1010','ICT1222','ICT002','2023-08-07','Present'),
('TG/2021/1011','ICT1222','ICT002','2023-08-07','Present'),
('TG/2021/1012','ICT1222','ICT002','2023-08-07','Present'),
('TG/2021/1013','ICT1222','ICT002','2023-08-07','Present'),
('TG/2021/1014','ICT1222','ICT002','2023-08-07','Present'),
('TG/2021/1015','ICT1222','ICT002','2023-08-07','Present'),
('TG/2021/1016','ICT1222','ICT002','2023-08-07','Present'),
('TG/2021/1017','ICT1222','ICT002','2023-08-07','Present'),
('TG/2021/1018','ICT1222','ICT002','2023-08-07','Present'),
('TG/2021/1019','ICT1222','ICT002','2023-08-07','Present'),
('TG/2021/1020','ICT1222','ICT002','2023-08-07','Present'),
('TG/2021/1021','ICT1222','ICT002','2023-08-07','Present'),
('TG/2021/1022','ICT1222','ICT002','2023-08-07','Present'),
('TG/2021/1023','ICT1222','ICT002','2023-08-07','Present'),
('TG/2021/1024','ICT1222','ICT002','2023-08-07','Present'),


('TG/2021/1010','ICT1222','ICT002','2023-08-14','Present'),
('TG/2021/1011','ICT1222','ICT002','2023-08-14','Present'),
('TG/2021/1012','ICT1222','ICT002','2023-08-14','Present'),
('TG/2021/1013','ICT1222','ICT002','2023-08-14','Present'),
('TG/2021/1014','ICT1222','ICT002','2023-08-14','Present'),
('TG/2021/1015','ICT1222','ICT002','2023-08-14','Present'),
('TG/2021/1016','ICT1222','ICT002','2023-08-14','Present'),
('TG/2021/1017','ICT1222','ICT002','2023-08-14','Present'),
('TG/2021/1018','ICT1222','ICT002','2023-08-14','Present'),
('TG/2021/1019','ICT1222','ICT002','2023-08-14','Present'),
('TG/2021/1020','ICT1222','ICT002','2023-08-14','Present'),
('TG/2021/1021','ICT1222','ICT002','2023-08-14','Present'),
('TG/2021/1022','ICT1222','ICT002','2023-08-14','Present'),
('TG/2021/1023','ICT1222','ICT002','2023-08-14','Present'),
('TG/2021/1024','ICT1222','ICT002','2023-08-14','Present'),


('TG/2021/1010','ICT1222','ICT002','2023-08-21','Present'),
('TG/2021/1011','ICT1222','ICT002','2023-08-21','Present'),
('TG/2021/1012','ICT1222','ICT002','2023-08-21','Present'),
('TG/2021/1013','ICT1222','ICT002','2023-08-21','Present'),
('TG/2021/1014','ICT1222','ICT002','2023-08-21','Present'),
('TG/2021/1015','ICT1222','ICT002','2023-08-21','Present'),
('TG/2021/1016','ICT1222','ICT002','2023-08-21','Present'),
('TG/2021/1017','ICT1222','ICT002','2023-08-21','Present'),
('TG/2021/1018','ICT1222','ICT002','2023-08-21','Present'),
('TG/2021/1019','ICT1222','ICT002','2023-08-21','Present'),
('TG/2021/1020','ICT1222','ICT002','2023-08-21','Present'),
('TG/2021/1021','ICT1222','ICT002','2023-08-21','Present'),
('TG/2021/1022','ICT1222','ICT002','2023-08-21','Present'),
('TG/2021/1023','ICT1222','ICT002','2023-08-21','Present'),
('TG/2021/1024','ICT1222','ICT002','2023-08-21','Present'),


('TG/2021/1010','ICT1222','ICT002','2023-08-28','Present'),
('TG/2021/1011','ICT1222','ICT002','2023-08-28','Present'),
('TG/2021/1012','ICT1222','ICT002','2023-08-28','Present'),
('TG/2021/1013','ICT1222','ICT002','2023-08-28','Present'),
('TG/2021/1014','ICT1222','ICT002','2023-08-28','Present'),
('TG/2021/1015','ICT1222','ICT002','2023-08-28','Present'),
('TG/2021/1016','ICT1222','ICT002','2023-08-28','Present'),
('TG/2021/1017','ICT1222','ICT002','2023-08-28','Present'),
('TG/2021/1018','ICT1222','ICT002','2023-08-28','Present'),
('TG/2021/1019','ICT1222','ICT002','2023-08-28','Present'),
('TG/2021/1020','ICT1222','ICT002','2023-08-28','Present'),
('TG/2021/1021','ICT1222','ICT002','2023-08-28','Present'),
('TG/2021/1022','ICT1222','ICT002','2023-08-28','Present'),
('TG/2021/1023','ICT1222','ICT002','2023-08-28','Present'),
('TG/2021/1024','ICT1222','ICT002','2023-08-28','Present'),


--September--
('TG/2021/1010','ICT1222','ICT002','2023-08-07','Present'),
('TG/2021/1011','ICT1222','ICT002','2023-09-04','Present'),
('TG/2021/1012','ICT1222','ICT002','2023-09-04','Present'),
('TG/2021/1013','ICT1222','ICT002','2023-09-04','Present'),
('TG/2021/1014','ICT1222','ICT002','2023-09-04','Present'),
('TG/2021/1015','ICT1222','ICT002','2023-09-04','Present'),
('TG/2021/1016','ICT1222','ICT002','2023-09-04','Present'),
('TG/2021/1017','ICT1222','ICT002','2023-09-04','Present'),
('TG/2021/1018','ICT1222','ICT002','2023-09-04','Present'),
('TG/2021/1019','ICT1222','ICT002','2023-09-04','Present'),
('TG/2021/1020','ICT1222','ICT002','2023-09-04','Present'),
('TG/2021/1021','ICT1222','ICT002','2023-09-04','Present'),
('TG/2021/1022','ICT1222','ICT002','2023-09-04','Present'),
('TG/2021/1023','ICT1222','ICT002','2023-09-04','Present'),
('TG/2021/1024','ICT1222','ICT002','2023-09-04','Present'),


('TG/2021/1011','ICT1222','ICT002','2023-09-11','Present'),
('TG/2021/1012','ICT1222','ICT002','2023-09-11','Present'),
('TG/2021/1013','ICT1222','ICT002','2023-09-11','Present'),
('TG/2021/1014','ICT1222','ICT002','2023-09-11','Present'),
('TG/2021/1015','ICT1222','ICT002','2023-09-11','Present'),
('TG/2021/1016','ICT1222','ICT002','2023-09-11','Present'),
('TG/2021/1017','ICT1222','ICT002','2023-09-11','Present'),
('TG/2021/1018','ICT1222','ICT002','2023-09-11','Present'),
('TG/2021/1019','ICT1222','ICT002','2023-09-11','Present'),
('TG/2021/1020','ICT1222','ICT002','2023-09-11','Present'),
('TG/2021/1021','ICT1222','ICT002','2023-09-11','Present'),
('TG/2021/1022','ICT1222','ICT002','2023-09-11','Present'),
('TG/2021/1023','ICT1222','ICT002','2023-09-11','Present'),
('TG/2021/1024','ICT1222','ICT002','2023-09-11','Present'),2

('TG/2021/1011','ICT1222','ICT002','2023-09-18','Present'),
('TG/2021/1012','ICT1222','ICT002','2023-09-18','Present'),
('TG/2021/1013','ICT1222','ICT002','2023-09-18','Present'),
('TG/2021/1014','ICT1222','ICT002','2023-09-18','Present'),
('TG/2021/1015','ICT1222','ICT002','2023-09-18','Present'),
('TG/2021/1016','ICT1222','ICT002','2023-09-18','Present'),
('TG/2021/1017','ICT1222','ICT002','2023-09-18','Present'),
('TG/2021/1018','ICT1222','ICT002','2023-09-18','Present'),
('TG/2021/1019','ICT1222','ICT002','2023-09-18','Present'),
('TG/2021/1020','ICT1222','ICT002','2023-09-18','Present'),
('TG/2021/1021','ICT1222','ICT002','2023-09-18','Present'),
('TG/2021/1022','ICT1222','ICT002','2023-09-18','Present'),
('TG/2021/1023','ICT1222','ICT002','2023-09-18','Present'),
('TG/2021/1024','ICT1222','ICT002','2023-09-18','Present'),


('TG/2021/1011','ICT1222','ICT002','2023-09-25','Present'),
('TG/2021/1012','ICT1222','ICT002','2023-09-25','Present'),
('TG/2021/1013','ICT1222','ICT002','2023-09-25','Present'),
('TG/2021/1014','ICT1222','ICT002','2023-09-25','Present'),
('TG/2021/1015','ICT1222','ICT002','2023-09-25','Present'),
('TG/2021/1016','ICT1222','ICT002','2023-09-25','Present'),
('TG/2021/1017','ICT1222','ICT002','2023-09-25','Present'),
('TG/2021/1018','ICT1222','ICT002','2023-09-25','Present'),
('TG/2021/1019','ICT1222','ICT002','2023-09-25','Present'),
('TG/2021/1020','ICT1222','ICT002','2023-09-25','Present'),
('TG/2021/1021','ICT1222','ICT002','2023-09-25','Present'),
('TG/2021/1022','ICT1222','ICT002','2023-09-25','Present'),
('TG/2021/1023','ICT1222','ICT002','2023-09-25','Present'),
('TG/2021/1024','ICT1222','ICT002','2023-09-25','Present'),


--October--
('TG/2021/1011','ICT1222','ICT002','2023-10-02','Present'),
('TG/2021/1012','ICT1222','ICT002','2023-10-02','Present'),
('TG/2021/1013','ICT1222','ICT002','2023-10-02','Present'),
('TG/2021/1014','ICT1222','ICT002','2023-10-02','Present'),
('TG/2021/1015','ICT1222','ICT002','2023-10-02','Present'),
('TG/2021/1016','ICT1222','ICT002','2023-10-02','Present'),
('TG/2021/1017','ICT1222','ICT002','2023-10-02','Present'),
('TG/2021/1018','ICT1222','ICT002','2023-10-02','Present'),
('TG/2021/1019','ICT1222','ICT002','2023-10-02','Present'),
('TG/2021/1020','ICT1222','ICT002','2023-10-02','Present'),
('TG/2021/1021','ICT1222','ICT002','2023-10-02','Present'),
('TG/2021/1022','ICT1222','ICT002','2023-10-02','Present'),
('TG/2021/1023','ICT1222','ICT002','2023-10-02','Present'),
('TG/2021/1024','ICT1222','ICT002','2023-10-02','Present'),


('TG/2021/1011','ICT1222','ICT002','2023-10-09','Present'),
('TG/2021/1012','ICT1222','ICT002','2023-10-09','Present'),
('TG/2021/1013','ICT1222','ICT002','2023-10-09','Present'),
('TG/2021/1014','ICT1222','ICT002','2023-10-09','Present'),
('TG/2021/1015','ICT1222','ICT002','2023-10-09','Present'),
('TG/2021/1016','ICT1222','ICT002','2023-10-09','Present'),
('TG/2021/1017','ICT1222','ICT002','2023-10-09','Present'),
('TG/2021/1018','ICT1222','ICT002','2023-10-09','Present'),
('TG/2021/1019','ICT1222','ICT002','2023-10-09','Present'),
('TG/2021/1020','ICT1222','ICT002','2023-10-09','Present'),
('TG/2021/1021','ICT1222','ICT002','2023-10-09','Present'),
('TG/2021/1022','ICT1222','ICT002','2023-10-09','Present'),
('TG/2021/1023','ICT1222','ICT002','2023-10-09','Present'),
('TG/2021/1024','ICT1222','ICT002','2023-10-09','Present'),


('TG/2021/1011','ICT1222','ICT002','2023-10-16','Present'),
('TG/2021/1012','ICT1222','ICT002','2023-10-16','Present'),
('TG/2021/1013','ICT1222','ICT002','2023-10-16','Present'),
('TG/2021/1014','ICT1222','ICT002','2023-10-16','Present'),
('TG/2021/1015','ICT1222','ICT002','2023-10-16','Present'),
('TG/2021/1016','ICT1222','ICT002','2023-10-16','Present'),
('TG/2021/1017','ICT1222','ICT002','2023-10-16','Present'),
('TG/2021/1018','ICT1222','ICT002','2023-10-16','Present'),
('TG/2021/1019','ICT1222','ICT002','2023-10-16','Present'),
('TG/2021/1020','ICT1222','ICT002','2023-10-16','Present'),
('TG/2021/1021','ICT1222','ICT002','2023-10-16','Present'),
('TG/2021/1022','ICT1222','ICT002','2023-10-16','Present'),
('TG/2021/1023','ICT1222','ICT002','2023-10-16','Present'),
('TG/2021/1024','ICT1222','ICT002','2023-10-16','Present'),


('TG/2021/1011','ICT1222','ICT002','2023-10-23','Present'),
('TG/2021/1012','ICT1222','ICT002','2023-10-23','Present'),
('TG/2021/1013','ICT1222','ICT002','2023-10-23','Present'),
('TG/2021/1014','ICT1222','ICT002','2023-10-23','Present'),
('TG/2021/1015','ICT1222','ICT002','2023-10-23','Present'),
('TG/2021/1016','ICT1222','ICT002','2023-10-23','Present'),
('TG/2021/1017','ICT1222','ICT002','2023-10-23','Present'),
('TG/2021/1018','ICT1222','ICT002','2023-10-23','Present'),
('TG/2021/1019','ICT1222','ICT002','2023-10-23','Present'),
('TG/2021/1020','ICT1222','ICT002','2023-10-23','Present'),
('TG/2021/1021','ICT1222','ICT002','2023-10-23','Present'),
('TG/2021/1022','ICT1222','ICT002','2023-10-23','Present'),
('TG/2021/1023','ICT1222','ICT002','2023-10-23','Present'),
('TG/2021/1024','ICT1222','ICT002','2023-10-23','Present'),


('TG/2021/1011','ICT1222','ICT002','2023-10-30','Present'),
('TG/2021/1012','ICT1222','ICT002','2023-10-30','Present'),
('TG/2021/1013','ICT1222','ICT002','2023-10-30','Present'),
('TG/2021/1014','ICT1222','ICT002','2023-10-30','Present'),
('TG/2021/1015','ICT1222','ICT002','2023-10-30','Present'),
('TG/2021/1016','ICT1222','ICT002','2023-10-30','Present'),
('TG/2021/1017','ICT1222','ICT002','2023-10-30','Present'),
('TG/2021/1018','ICT1222','ICT002','2023-10-30','Present'),
('TG/2021/1019','ICT1222','ICT002','2023-10-30','Present'),
('TG/2021/1020','ICT1222','ICT002','2023-10-30','Present'),
('TG/2021/1021','ICT1222','ICT002','2023-10-30','Present'),
('TG/2021/1022','ICT1222','ICT002','2023-10-30','Present'),
('TG/2021/1023','ICT1222','ICT002','2023-10-30','Present'),
('TG/2021/1024','ICT1222','ICT002','2023-10-30','Present'),


--November--
('TG/2021/1011','ICT1222','ICT002','2023-11-06','Present'),
('TG/2021/1012','ICT1222','ICT002','2023-11-06','Present'),
('TG/2021/1013','ICT1222','ICT002','2023-11-06','Present'),
('TG/2021/1014','ICT1222','ICT002','2023-11-06','Present'),
('TG/2021/1015','ICT1222','ICT002','2023-11-06','Present'),
('TG/2021/1016','ICT1222','ICT002','2023-11-06','Present'),
('TG/2021/1017','ICT1222','ICT002','2023-11-06','Present'),
('TG/2021/1018','ICT1222','ICT002','2023-11-06','Present'),
('TG/2021/1019','ICT1222','ICT002','2023-11-06','Present'),
('TG/2021/1020','ICT1222','ICT002','2023-11-06','Present'),
('TG/2021/1021','ICT1222','ICT002','2023-11-06','Present'),
('TG/2021/1022','ICT1222','ICT002','2023-11-06','Present'),
('TG/2021/1023','ICT1222','ICT002','2023-11-06','Present'),
('TG/2021/1024','ICT1222','ICT002','2023-11-06','Present'),


('TG/2021/1011','ICT1222','ICT002','2023-11-13','Present'),
('TG/2021/1012','ICT1222','ICT002','2023-11-13','Present'),
('TG/2021/1013','ICT1222','ICT002','2023-11-13','Present'),
('TG/2021/1014','ICT1222','ICT002','2023-11-13','Present'),
('TG/2021/1015','ICT1222','ICT002','2023-11-13','Present'),
('TG/2021/1016','ICT1222','ICT002','2023-11-13','Present'),
('TG/2021/1017','ICT1222','ICT002','2023-11-13','Present'),
('TG/2021/1018','ICT1222','ICT002','2023-11-13','Present'),
('TG/2021/1019','ICT1222','ICT002','2023-11-13','Present'),
('TG/2021/1020','ICT1222','ICT002','2023-11-13','Present'),
('TG/2021/1021','ICT1222','ICT002','2023-11-13','Present'),
('TG/2021/1022','ICT1222','ICT002','2023-11-13','Present'),
('TG/2021/1023','ICT1222','ICT002','2023-11-13','Present'),
('TG/2021/1024','ICT1222','ICT002','2023-11-13','Present'),


******************************************************************************************************************************************************************

                                                                        --Computer Architecture(ICT1242)

--July--
('TG/2021/1010','ICT1242','ICT002','2023-07-04','Present'),
('TG/2021/1011','ICT1242','ICT002','2023-07-04','Present'),
('TG/2021/1012','ICT1242','ICT002','2023-07-04','Present'),
('TG/2021/1013','ICT1242','ICT002','2023-07-04','Present'),
('TG/2021/1014','ICT1242','ICT002','2023-07-04','Present'),
('TG/2021/1015','ICT1242','ICT002','2023-07-04','Present'),
('TG/2021/1016','ICT1242','ICT002','2023-07-04','Present'),
('TG/2021/1017','ICT1242','ICT002','2023-07-04','Present'),
('TG/2021/1018','ICT1242','ICT002','2023-07-04','Present'),
('TG/2021/1019','ICT1242','ICT002','2023-07-04','Present'),
('TG/2021/1020','ICT1242','ICT002','2023-07-04','Present'),
('TG/2021/1021','ICT1242','ICT002','2023-07-04','Present'),
('TG/2021/1022','ICT1242','ICT002','2023-07-04','Present'),
('TG/2021/1023','ICT1242','ICT002','2023-07-04','Present'),
('TG/2021/1024','ICT1242','ICT002','2023-07-04','Present'),

('TG/2021/1010','ICT1242','ICT002','2023-07-11','Present'),
('TG/2021/1011','ICT1242','ICT002','2023-07-11','Present'),
('TG/2021/1012','ICT1242','ICT002','2023-07-11','Present'),
('TG/2021/1013','ICT1242','ICT002','2023-07-11','Present'),
('TG/2021/1014','ICT1242','ICT002','2023-07-11','Present'),
('TG/2021/1015','ICT1242','ICT002','2023-07-11','Present'),
('TG/2021/1016','ICT1242','ICT002','2023-07-11','Present'),
('TG/2021/1017','ICT1242','ICT002','2023-07-11','Present'),
('TG/2021/1018','ICT1242','ICT002','2023-07-11','Present'),
('TG/2021/1019','ICT1242','ICT002','2023-07-11','Present'),
('TG/2021/1020','ICT1242','ICT002','2023-07-11','Present'),
('TG/2021/1021','ICT1242','ICT002','2023-07-11','Present'),
('TG/2021/1022','ICT1242','ICT002','2023-07-11','Present'),
('TG/2021/1023','ICT1242','ICT002','2023-07-11','Present'),
('TG/2021/1024','ICT1242','ICT002','2023-07-11','Present'),

('TG/2021/1010','ICT1242','ICT002','2023-07-18','Present'),
('TG/2021/1011','ICT1242','ICT002','2023-07-18','Present'),
('TG/2021/1012','ICT1242','ICT002','2023-07-18','Present'),
('TG/2021/1013','ICT1242','ICT002','2023-07-18','Present'),
('TG/2021/1014','ICT1242','ICT002','2023-07-18','Present'),
('TG/2021/1015','ICT1242','ICT002','2023-07-18','Present'),
('TG/2021/1016','ICT1242','ICT002','2023-07-18','Present'),
('TG/2021/1017','ICT1242','ICT002','2023-07-18','Present'),
('TG/2021/1018','ICT1242','ICT002','2023-07-18','Present'),
('TG/2021/1019','ICT1242','ICT002','2023-07-18','Present'),
('TG/2021/1020','ICT1242','ICT002','2023-07-18','Present'),
('TG/2021/1021','ICT1242','ICT002','2023-07-18','Present'),
('TG/2021/1022','ICT1242','ICT002','2023-07-18','Present'),
('TG/2021/1023','ICT1242','ICT002','2023-07-18','Present'),
('TG/2021/1024','ICT1242','ICT002','2023-07-18','Present'),

('TG/2021/1010','ICT1242','ICT002','2023-07-25','Present'),
('TG/2021/1011','ICT1242','ICT002','2023-07-25','Present'),
('TG/2021/1012','ICT1242','ICT002','2023-07-25','Present'),
('TG/2021/1013','ICT1242','ICT002','2023-07-25','Present'),
('TG/2021/1014','ICT1242','ICT002','2023-07-25','Present'),
('TG/2021/1015','ICT1242','ICT002','2023-07-25','Present'),
('TG/2021/1016','ICT1242','ICT002','2023-07-25','Present'),
('TG/2021/1017','ICT1242','ICT002','2023-07-25','Present'),
('TG/2021/1018','ICT1242','ICT002','2023-07-25','Present'),
('TG/2021/1019','ICT1242','ICT002','2023-07-25','Present'),
('TG/2021/1020','ICT1242','ICT002','2023-07-25','Present'),
('TG/2021/1021','ICT1242','ICT002','2023-07-25','Present'),
('TG/2021/1022','ICT1242','ICT002','2023-07-25','Present'),
('TG/2021/1023','ICT1242','ICT002','2023-07-25','Present'),
('TG/2021/1024','ICT1242','ICT002','2023-07-25','Present'),

--August--
('TG/2021/1010','ICT1242','ICT002','2023-08-01','Present'),
('TG/2021/1011','ICT1242','ICT002','2023-08-01','Present'),
('TG/2021/1012','ICT1242','ICT002','2023-08-01','Present'),
('TG/2021/1013','ICT1242','ICT002','2023-08-01','Present'),
('TG/2021/1014','ICT1242','ICT002','2023-08-01','Present'),
('TG/2021/1015','ICT1242','ICT002','2023-08-01','Present'),
('TG/2021/1016','ICT1242','ICT002','2023-08-01','Present'),
('TG/2021/1017','ICT1242','ICT002','2023-08-01','Present'),
('TG/2021/1018','ICT1242','ICT002','2023-08-01','Present'),
('TG/2021/1019','ICT1242','ICT002','2023-08-01','Present'),
('TG/2021/1020','ICT1242','ICT002','2023-08-01','Present'),
('TG/2021/1021','ICT1242','ICT002','2023-08-01','Present'),
('TG/2021/1022','ICT1242','ICT002','2023-08-01','Present'),
('TG/2021/1023','ICT1242','ICT002','2023-08-01','Present'),
('TG/2021/1024','ICT1242','ICT002','2023-08-01','Present'),

('TG/2021/1010','ICT1242','ICT002','2023-08-08','Present'),
('TG/2021/1011','ICT1242','ICT002','2023-08-08','Present'),
('TG/2021/1012','ICT1242','ICT002','2023-08-08','Present'),
('TG/2021/1013','ICT1242','ICT002','2023-08-08','Present'),
('TG/2021/1014','ICT1242','ICT002','2023-08-08','Present'),
('TG/2021/1015','ICT1242','ICT002','2023-08-08','Present'),
('TG/2021/1016','ICT1242','ICT002','2023-08-08','Present'),
('TG/2021/1017','ICT1242','ICT002','2023-08-08','Present'),
('TG/2021/1018','ICT1242','ICT002','2023-08-08','Present'),
('TG/2021/1019','ICT1242','ICT002','2023-08-08','Present'),
('TG/2021/1020','ICT1242','ICT002','2023-08-08','Present'),
('TG/2021/1021','ICT1242','ICT002','2023-08-08','Present'),
('TG/2021/1022','ICT1242','ICT002','2023-08-08','Present'),
('TG/2021/1023','ICT1242','ICT002','2023-08-08','Present'),
('TG/2021/1024','ICT1242','ICT002','2023-08-08','Present'),

('TG/2021/1010','ICT1242','ICT002','2023-08-15','Present'),
('TG/2021/1011','ICT1242','ICT002','2023-08-15','Present'),
('TG/2021/1012','ICT1242','ICT002','2023-08-15','Present'),
('TG/2021/1013','ICT1242','ICT002','2023-08-15','Present'),
('TG/2021/1014','ICT1242','ICT002','2023-08-15','Present'),
('TG/2021/1015','ICT1242','ICT002','2023-08-15','Present'),
('TG/2021/1016','ICT1242','ICT002','2023-08-15','Present'),
('TG/2021/1017','ICT1242','ICT002','2023-08-15','Present'),
('TG/2021/1018','ICT1242','ICT002','2023-08-15','Present'),
('TG/2021/1019','ICT1242','ICT002','2023-08-15','Present'),
('TG/2021/1020','ICT1242','ICT002','2023-08-15','Present'),
('TG/2021/1021','ICT1242','ICT002','2023-08-15','Present'),
('TG/2021/1022','ICT1242','ICT002','2023-08-15','Present'),
('TG/2021/1023','ICT1242','ICT002','2023-08-15','Present'),
('TG/2021/1024','ICT1242','ICT002','2023-08-15','Present'),

('TG/2021/1010','ICT1242','ICT002','2023-08-22','Present'),
('TG/2021/1011','ICT1242','ICT002','2023-08-22','Present'),
('TG/2021/1012','ICT1242','ICT002','2023-08-22','Present'),
('TG/2021/1013','ICT1242','ICT002','2023-08-22','Present'),
('TG/2021/1014','ICT1242','ICT002','2023-08-22','Present'),
('TG/2021/1015','ICT1242','ICT002','2023-08-22','Present'),
('TG/2021/1016','ICT1242','ICT002','2023-08-22','Present'),
('TG/2021/1017','ICT1242','ICT002','2023-08-22','Present'),
('TG/2021/1018','ICT1242','ICT002','2023-08-22','Present'),
('TG/2021/1019','ICT1242','ICT002','2023-08-22','Present'),
('TG/2021/1020','ICT1242','ICT002','2023-08-22','Present'),
('TG/2021/1021','ICT1242','ICT002','2023-08-22','Present'),
('TG/2021/1022','ICT1242','ICT002','2023-08-22','Present'),
('TG/2021/1023','ICT1242','ICT002','2023-08-22','Present'),
('TG/2021/1024','ICT1242','ICT002','2023-08-22','Present'),

('TG/2021/1010','ICT1242','ICT002','2023-08-29','Present'),
('TG/2021/1011','ICT1242','ICT002','2023-08-29','Present'),
('TG/2021/1012','ICT1242','ICT002','2023-08-29','Present'),
('TG/2021/1013','ICT1242','ICT002','2023-08-29','Present'),
('TG/2021/1014','ICT1242','ICT002','2023-08-29','Present'),
('TG/2021/1015','ICT1242','ICT002','2023-08-29','Present'),
('TG/2021/1016','ICT1242','ICT002','2023-08-29','Present'),
('TG/2021/1017','ICT1242','ICT002','2023-08-29','Present'),
('TG/2021/1018','ICT1242','ICT002','2023-08-29','Present'),
('TG/2021/1019','ICT1242','ICT002','2023-08-29','Present'),
('TG/2021/1020','ICT1242','ICT002','2023-08-29','Present'),
('TG/2021/1021','ICT1242','ICT002','2023-08-29','Present'),
('TG/2021/1022','ICT1242','ICT002','2023-08-29','Present'),
('TG/2021/1023','ICT1242','ICT002','2023-08-29','Present'),
('TG/2021/1024','ICT1242','ICT002','2023-08-29','Present'),

--September--
('TG/2021/1010','ICT1242','ICT002','2023-09-05','Present'),
('TG/2021/1011','ICT1242','ICT002','2023-09-05','Present'),
('TG/2021/1012','ICT1242','ICT002','2023-09-05','Present'),
('TG/2021/1013','ICT1242','ICT002','2023-09-05','Present'),
('TG/2021/1014','ICT1242','ICT002','2023-09-05','Present'),
('TG/2021/1015','ICT1242','ICT002','2023-09-05','Present'),
('TG/2021/1016','ICT1242','ICT002','2023-09-05','Present'),
('TG/2021/1017','ICT1242','ICT002','2023-09-05','Present'),
('TG/2021/1018','ICT1242','ICT002','2023-09-05','Present'),
('TG/2021/1019','ICT1242','ICT002','2023-09-05','Present'),
('TG/2021/1020','ICT1242','ICT002','2023-09-05','Present'),
('TG/2021/1021','ICT1242','ICT002','2023-09-05','Present'),
('TG/2021/1022','ICT1242','ICT002','2023-09-05','Present'),
('TG/2021/1023','ICT1242','ICT002','2023-09-05','Present'),
('TG/2021/1024','ICT1242','ICT002','2023-09-05','Present'),

('TG/2021/1010','ICT1242','ICT002','2023-09-12','Present'),
('TG/2021/1011','ICT1242','ICT002','2023-09-12','Present'),
('TG/2021/1012','ICT1242','ICT002','2023-09-12','Present'),
('TG/2021/1013','ICT1242','ICT002','2023-09-12','Present'),
('TG/2021/1014','ICT1242','ICT002','2023-09-12','Present'),
('TG/2021/1015','ICT1242','ICT002','2023-09-12','Present'),
('TG/2021/1016','ICT1242','ICT002','2023-09-12','Present'),
('TG/2021/1017','ICT1242','ICT002','2023-09-12','Present'),
('TG/2021/1018','ICT1242','ICT002','2023-09-12','Present'),
('TG/2021/1019','ICT1242','ICT002','2023-09-12','Present'),
('TG/2021/1020','ICT1242','ICT002','2023-09-12','Present'),
('TG/2021/1021','ICT1242','ICT002','2023-09-12','Present'),
('TG/2021/1022','ICT1242','ICT002','2023-09-12','Present'),
('TG/2021/1023','ICT1242','ICT002','2023-09-12','Present'),
('TG/2021/1024','ICT1242','ICT002','2023-09-12','Present'),

('TG/2021/1010','ICT1242','ICT002','2023-09-19','Present'),
('TG/2021/1011','ICT1242','ICT002','2023-09-19','Present'),
('TG/2021/1012','ICT1242','ICT002','2023-09-19','Present'),
('TG/2021/1013','ICT1242','ICT002','2023-09-19','Present'),
('TG/2021/1014','ICT1242','ICT002','2023-09-19','Present'),
('TG/2021/1015','ICT1242','ICT002','2023-09-19','Present'),
('TG/2021/1016','ICT1242','ICT002','2023-09-19','Present'),
('TG/2021/1017','ICT1242','ICT002','2023-09-19','Present'),
('TG/2021/1018','ICT1242','ICT002','2023-09-19','Present'),
('TG/2021/1019','ICT1242','ICT002','2023-09-19','Present'),
('TG/2021/1020','ICT1242','ICT002','2023-09-19','Present'),
('TG/2021/1021','ICT1242','ICT002','2023-09-19','Present'),
('TG/2021/1022','ICT1242','ICT002','2023-09-19','Present'),
('TG/2021/1023','ICT1242','ICT002','2023-09-19','Present'),
('TG/2021/1024','ICT1242','ICT002','2023-09-19','Present'),

('TG/2021/1010','ICT1242','ICT002','2023-09-26','Present'),
('TG/2021/1011','ICT1242','ICT002','2023-09-26','Present'),
('TG/2021/1012','ICT1242','ICT002','2023-09-26','Present'),
('TG/2021/1013','ICT1242','ICT002','2023-09-26','Present'),
('TG/2021/1014','ICT1242','ICT002','2023-09-26','Present'),
('TG/2021/1015','ICT1242','ICT002','2023-09-26','Present'),
('TG/2021/1016','ICT1242','ICT002','2023-09-26','Present'),
('TG/2021/1017','ICT1242','ICT002','2023-09-26','Present'),
('TG/2021/1018','ICT1242','ICT002','2023-09-26','Present'),
('TG/2021/1019','ICT1242','ICT002','2023-09-26','Present'),
('TG/2021/1020','ICT1242','ICT002','2023-09-26','Present'),
('TG/2021/1021','ICT1242','ICT002','2023-09-26','Present'),
('TG/2021/1022','ICT1242','ICT002','2023-09-26','Present'),
('TG/2021/1023','ICT1242','ICT002','2023-09-26','Present'),
('TG/2021/1024','ICT1242','ICT002','2023-09-26','Present'),

--October--
('TG/2021/1010','ICT1242','ICT002','2023-10-03','Present'),
('TG/2021/1011','ICT1242','ICT002','2023-10-03','Present'),
('TG/2021/1012','ICT1242','ICT002','2023-10-03','Present'),
('TG/2021/1013','ICT1242','ICT002','2023-10-03','Present'),
('TG/2021/1014','ICT1242','ICT002','2023-10-03','Present'),
('TG/2021/1015','ICT1242','ICT002','2023-10-03','Present'),
('TG/2021/1016','ICT1242','ICT002','2023-10-03','Present'),
('TG/2021/1017','ICT1242','ICT002','2023-10-03','Present'),
('TG/2021/1018','ICT1242','ICT002','2023-10-03','Present'),
('TG/2021/1019','ICT1242','ICT002','2023-10-03','Present'),
('TG/2021/1020','ICT1242','ICT002','2023-10-03','Present'),
('TG/2021/1021','ICT1242','ICT002','2023-10-03','Present'),
('TG/2021/1022','ICT1242','ICT002','2023-10-03','Present'),
('TG/2021/1023','ICT1242','ICT002','2023-10-03','Present'),
('TG/2021/1024','ICT1242','ICT002','2023-10-03','Present'),

('TG/2021/1010','ICT1242','ICT002','2023-10-10','Present'),
('TG/2021/1011','ICT1242','ICT002','2023-10-10','Present'),
('TG/2021/1012','ICT1242','ICT002','2023-10-10','Present'),
('TG/2021/1013','ICT1242','ICT002','2023-10-10','Present'),
('TG/2021/1014','ICT1242','ICT002','2023-10-10','Present'),
('TG/2021/1015','ICT1242','ICT002','2023-10-10','Present'),
('TG/2021/1016','ICT1242','ICT002','2023-10-10','Present'),
('TG/2021/1017','ICT1242','ICT002','2023-10-10','Present'),
('TG/2021/1018','ICT1242','ICT002','2023-10-10','Present'),
('TG/2021/1019','ICT1242','ICT002','2023-10-10','Present'),
('TG/2021/1020','ICT1242','ICT002','2023-10-10','Present'),
('TG/2021/1021','ICT1242','ICT002','2023-10-10','Present'),
('TG/2021/1022','ICT1242','ICT002','2023-10-10','Present'),
('TG/2021/1023','ICT1242','ICT002','2023-10-10','Present'),
('TG/2021/1024','ICT1242','ICT002','2023-10-10','Present'),

***********************************************************************************************************************************************************************

                                                                    --Computer Network(ICT1253)

--July--
('TG/2021/1010','ICT1253','ICT002','2023-07-04','Present'),
('TG/2021/1011','ICT1253','ICT002','2023-07-04','Present'),
('TG/2021/1012','ICT1253','ICT002','2023-07-04','Present'),
('TG/2021/1013','ICT1253','ICT002','2023-07-04','Present'),
('TG/2021/1014','ICT1253','ICT002','2023-07-04','Present'),
('TG/2021/1015','ICT1253','ICT002','2023-07-04','Present'),
('TG/2021/1016','ICT1253','ICT002','2023-07-04','Present'),
('TG/2021/1017','ICT1253','ICT002','2023-07-04','Present'),
('TG/2021/1018','ICT1253','ICT002','2023-07-04','Present'),
('TG/2021/1019','ICT1253','ICT002','2023-07-04','Present'),
('TG/2021/1020','ICT1253','ICT002','2023-07-04','Present'),
('TG/2021/1021','ICT1253','ICT002','2023-07-04','Present'),
('TG/2021/1022','ICT1253','ICT002','2023-07-04','Present'),
('TG/2021/1023','ICT1253','ICT002','2023-07-04','Present'),
('TG/2021/1024','ICT1253','ICT002','2023-07-04','Present'),

('TG/2021/1010','ICT1253','ICT002','2023-07-11','Present'),
('TG/2021/1011','ICT1253','ICT002','2023-07-11','Present'),
('TG/2021/1012','ICT1253','ICT002','2023-07-11','Present'),
('TG/2021/1013','ICT1253','ICT002','2023-07-11','Present'),
('TG/2021/1014','ICT1253','ICT002','2023-07-11','Present'),
('TG/2021/1015','ICT1253','ICT002','2023-07-11','Present'),
('TG/2021/1016','ICT1253','ICT002','2023-07-11','Present'),
('TG/2021/1017','ICT1253','ICT002','2023-07-11','Present'),
('TG/2021/1018','ICT1253','ICT002','2023-07-11','Present'),
('TG/2021/1019','ICT1253','ICT002','2023-07-11','Present'),
('TG/2021/1020','ICT1253','ICT002','2023-07-11','Present'),
('TG/2021/1021','ICT1253','ICT002','2023-07-11','Present'),
('TG/2021/1022','ICT1253','ICT002','2023-07-11','Present'),
('TG/2021/1023','ICT1253','ICT002','2023-07-11','Present'),
('TG/2021/1024','ICT1253','ICT002','2023-07-11','Present'),

('TG/2021/1010','ICT1253','ICT002','2023-07-18','Present'),
('TG/2021/1011','ICT1253','ICT002','2023-07-18','Present'),
('TG/2021/1012','ICT1253','ICT002','2023-07-18','Present'),
('TG/2021/1013','ICT1253','ICT002','2023-07-18','Present'),
('TG/2021/1014','ICT1253','ICT002','2023-07-18','Present'),
('TG/2021/1015','ICT1253','ICT002','2023-07-18','Present'),
('TG/2021/1016','ICT1253','ICT002','2023-07-18','Present'),
('TG/2021/1017','ICT1253','ICT002','2023-07-18','Present'),
('TG/2021/1018','ICT1253','ICT002','2023-07-18','Present'),
('TG/2021/1019','ICT1253','ICT002','2023-07-18','Present'),
('TG/2021/1020','ICT1253','ICT002','2023-07-18','Present'),
('TG/2021/1021','ICT1253','ICT002','2023-07-18','Present'),
('TG/2021/1022','ICT1253','ICT002','2023-07-18','Present'),
('TG/2021/1023','ICT1253','ICT002','2023-07-18','Present'),
('TG/2021/1024','ICT1253','ICT002','2023-07-18','Present'),

('TG/2021/1010','ICT1253','ICT002','2023-07-25','Present'),
('TG/2021/1011','ICT1253','ICT002','2023-07-25','Present'),
('TG/2021/1012','ICT1253','ICT002','2023-07-25','Present'),
('TG/2021/1013','ICT1253','ICT002','2023-07-25','Present'),
('TG/2021/1014','ICT1253','ICT002','2023-07-25','Present'),
('TG/2021/1015','ICT1253','ICT002','2023-07-25','Present'),
('TG/2021/1016','ICT1253','ICT002','2023-07-25','Present'),
('TG/2021/1017','ICT1253','ICT002','2023-07-25','Present'),
('TG/2021/1018','ICT1253','ICT002','2023-07-25','Present'),
('TG/2021/1019','ICT1253','ICT002','2023-07-25','Present'),
('TG/2021/1020','ICT1253','ICT002','2023-07-25','Present'),
('TG/2021/1021','ICT1253','ICT002','2023-07-25','Present'),
('TG/2021/1022','ICT1253','ICT002','2023-07-25','Present'),
('TG/2021/1023','ICT1253','ICT002','2023-07-25','Present'),
('TG/2021/1024','ICT1253','ICT002','2023-07-25','Present'),

--August--
('TG/2021/1010','ICT1253','ICT002','2023-08-01','Present'),
('TG/2021/1011','ICT1253','ICT002','2023-08-01','Present'),
('TG/2021/1012','ICT1253','ICT002','2023-08-01','Present'),
('TG/2021/1013','ICT1253','ICT002','2023-08-01','Present'),
('TG/2021/1014','ICT1253','ICT002','2023-08-01','Present'),
('TG/2021/1015','ICT1253','ICT002','2023-08-01','Present'),
('TG/2021/1016','ICT1253','ICT002','2023-08-01','Present'),
('TG/2021/1017','ICT1253','ICT002','2023-08-01','Present'),
('TG/2021/1018','ICT1253','ICT002','2023-08-01','Present'),
('TG/2021/1019','ICT1253','ICT002','2023-08-01','Present'),
('TG/2021/1020','ICT1253','ICT002','2023-08-01','Present'),
('TG/2021/1021','ICT1253','ICT002','2023-08-01','Present'),
('TG/2021/1022','ICT1253','ICT002','2023-08-01','Present'),
('TG/2021/1023','ICT1253','ICT002','2023-08-01','Present'),
('TG/2021/1024','ICT1253','ICT002','2023-08-01','Present'),

('TG/2021/1010','ICT1253','ICT002','2023-08-08','Present'),
('TG/2021/1011','ICT1253','ICT002','2023-08-08','Present'),
('TG/2021/1012','ICT1253','ICT002','2023-08-08','Present'),
('TG/2021/1013','ICT1253','ICT002','2023-08-08','Present'),
('TG/2021/1014','ICT1253','ICT002','2023-08-08','Present'),
('TG/2021/1015','ICT1253','ICT002','2023-08-08','Present'),
('TG/2021/1016','ICT1253','ICT002','2023-08-08','Present'),
('TG/2021/1017','ICT1253','ICT002','2023-08-08','Present'),
('TG/2021/1018','ICT1253','ICT002','2023-08-08','Present'),
('TG/2021/1019','ICT1253','ICT002','2023-08-08','Present'),
('TG/2021/1020','ICT1253','ICT002','2023-08-08','Present'),
('TG/2021/1021','ICT1253','ICT002','2023-08-08','Present'),
('TG/2021/1022','ICT1253','ICT002','2023-08-08','Present'),
('TG/2021/1023','ICT1253','ICT002','2023-08-08','Present'),
('TG/2021/1024','ICT1253','ICT002','2023-08-08','Present'),

('TG/2021/1010','ICT1253','ICT002','2023-08-15','Present'),
('TG/2021/1011','ICT1253','ICT002','2023-08-15','Present'),
('TG/2021/1012','ICT1253','ICT002','2023-08-15','Present'),
('TG/2021/1013','ICT1253','ICT002','2023-08-15','Present'),
('TG/2021/1014','ICT1253','ICT002','2023-08-15','Present'),
('TG/2021/1015','ICT1253','ICT002','2023-08-15','Present'),
('TG/2021/1016','ICT1253','ICT002','2023-08-15','Present'),
('TG/2021/1017','ICT1253','ICT002','2023-08-15','Present'),
('TG/2021/1018','ICT1253','ICT002','2023-08-15','Present'),
('TG/2021/1019','ICT1253','ICT002','2023-08-15','Present'),
('TG/2021/1020','ICT1253','ICT002','2023-08-15','Present'),
('TG/2021/1021','ICT1253','ICT002','2023-08-15','Present'),
('TG/2021/1022','ICT1253','ICT002','2023-08-15','Present'),
('TG/2021/1023','ICT1253','ICT002','2023-08-15','Present'),
('TG/2021/1024','ICT1253','ICT002','2023-08-15','Present'),

('TG/2021/1010','ICT1253','ICT002','2023-08-22','Present'),
('TG/2021/1011','ICT1253','ICT002','2023-08-22','Present'),
('TG/2021/1012','ICT1253','ICT002','2023-08-22','Present'),
('TG/2021/1013','ICT1253','ICT002','2023-08-22','Present'),
('TG/2021/1014','ICT1253','ICT002','2023-08-22','Present'),
('TG/2021/1015','ICT1253','ICT002','2023-08-22','Present'),
('TG/2021/1016','ICT1253','ICT002','2023-08-22','Present'),
('TG/2021/1017','ICT1253','ICT002','2023-08-22','Present'),
('TG/2021/1018','ICT1253','ICT002','2023-08-22','Present'),
('TG/2021/1019','ICT1253','ICT002','2023-08-22','Present'),
('TG/2021/1020','ICT1253','ICT002','2023-08-22','Present'),
('TG/2021/1021','ICT1253','ICT002','2023-08-22','Present'),
('TG/2021/1022','ICT1253','ICT002','2023-08-22','Present'),
('TG/2021/1023','ICT1253','ICT002','2023-08-22','Present'),
('TG/2021/1024','ICT1253','ICT002','2023-08-22','Present'),

('TG/2021/1010','ICT1253','ICT002','2023-08-29','Present'),
('TG/2021/1011','ICT1253','ICT002','2023-08-29','Present'),
('TG/2021/1012','ICT1253','ICT002','2023-08-29','Present'),
('TG/2021/1013','ICT1253','ICT002','2023-08-29','Present'),
('TG/2021/1014','ICT1253','ICT002','2023-08-29','Present'),
('TG/2021/1015','ICT1253','ICT002','2023-08-29','Present'),
('TG/2021/1016','ICT1253','ICT002','2023-08-29','Present'),
('TG/2021/1017','ICT1253','ICT002','2023-08-29','Present'),
('TG/2021/1018','ICT1253','ICT002','2023-08-29','Present'),
('TG/2021/1019','ICT1253','ICT002','2023-08-29','Present'),
('TG/2021/1020','ICT1253','ICT002','2023-08-29','Present'),
('TG/2021/1021','ICT1253','ICT002','2023-08-29','Present'),
('TG/2021/1022','ICT1253','ICT002','2023-08-29','Present'),
('TG/2021/1023','ICT1253','ICT002','2023-08-29','Present'),
('TG/2021/1024','ICT1253','ICT002','2023-08-29','Present'),

--September--
('TG/2021/1010','ICT1253','ICT002','2023-09-05','Present'),
('TG/2021/1011','ICT1253','ICT002','2023-09-05','Present'),
('TG/2021/1012','ICT1253','ICT002','2023-09-05','Present'),
('TG/2021/1013','ICT1253','ICT002','2023-09-05','Present'),
('TG/2021/1014','ICT1253','ICT002','2023-09-05','Present'),
('TG/2021/1015','ICT1253','ICT002','2023-09-05','Present'),
('TG/2021/1016','ICT1253','ICT002','2023-09-05','Present'),
('TG/2021/1017','ICT1253','ICT002','2023-09-05','Present'),
('TG/2021/1018','ICT1253','ICT002','2023-09-05','Present'),
('TG/2021/1019','ICT1253','ICT002','2023-09-05','Present'),
('TG/2021/1020','ICT1253','ICT002','2023-09-05','Present'),
('TG/2021/1021','ICT1253','ICT002','2023-09-05','Present'),
('TG/2021/1022','ICT1253','ICT002','2023-09-05','Present'),
('TG/2021/1023','ICT1253','ICT002','2023-09-05','Present'),
('TG/2021/1024','ICT1253','ICT002','2023-09-05','Present'),

('TG/2021/1010','ICT1253','ICT002','2023-09-12','Present'),
('TG/2021/1011','ICT1253','ICT002','2023-09-12','Present'),
('TG/2021/1012','ICT1253','ICT002','2023-09-12','Present'),
('TG/2021/1013','ICT1253','ICT002','2023-09-12','Present'),
('TG/2021/1014','ICT1253','ICT002','2023-09-12','Present'),
('TG/2021/1015','ICT1253','ICT002','2023-09-12','Present'),
('TG/2021/1016','ICT1253','ICT002','2023-09-12','Present'),
('TG/2021/1017','ICT1253','ICT002','2023-09-12','Present'),
('TG/2021/1018','ICT1253','ICT002','2023-09-12','Present'),
('TG/2021/1019','ICT1253','ICT002','2023-09-12','Present'),
('TG/2021/1020','ICT1253','ICT002','2023-09-12','Present'),
('TG/2021/1021','ICT1253','ICT002','2023-09-12','Present'),
('TG/2021/1022','ICT1253','ICT002','2023-09-12','Present'),
('TG/2021/1023','ICT1253','ICT002','2023-09-12','Present'),
('TG/2021/1024','ICT1253','ICT002','2023-09-12','Present'),

('TG/2021/1010','ICT1253','ICT002','2023-09-19','Present'),
('TG/2021/1011','ICT1253','ICT002','2023-09-19','Present'),
('TG/2021/1012','ICT1253','ICT002','2023-09-19','Present'),
('TG/2021/1013','ICT1253','ICT002','2023-09-19','Present'),
('TG/2021/1014','ICT1253','ICT002','2023-09-19','Present'),
('TG/2021/1015','ICT1253','ICT002','2023-09-19','Present'),
('TG/2021/1016','ICT1253','ICT002','2023-09-19','Present'),
('TG/2021/1017','ICT1253','ICT002','2023-09-19','Present'),
('TG/2021/1018','ICT1253','ICT002','2023-09-19','Present'),
('TG/2021/1019','ICT1253','ICT002','2023-09-19','Present'),
('TG/2021/1020','ICT1253','ICT002','2023-09-19','Present'),
('TG/2021/1021','ICT1253','ICT002','2023-09-19','Present'),
('TG/2021/1022','ICT1253','ICT002','2023-09-19','Present'),
('TG/2021/1023','ICT1253','ICT002','2023-09-19','Present'),
('TG/2021/1024','ICT1253','ICT002','2023-09-19','Present'),

('TG/2021/1010','ICT1253','ICT002','2023-09-26','Present'),
('TG/2021/1011','ICT1253','ICT002','2023-09-26','Present'),
('TG/2021/1012','ICT1253','ICT002','2023-09-26','Present'),
('TG/2021/1013','ICT1253','ICT002','2023-09-26','Present'),
('TG/2021/1014','ICT1253','ICT002','2023-09-26','Present'),
('TG/2021/1015','ICT1253','ICT002','2023-09-26','Present'),
('TG/2021/1016','ICT1253','ICT002','2023-09-26','Present'),
('TG/2021/1017','ICT1253','ICT002','2023-09-26','Present'),
('TG/2021/1018','ICT1253','ICT002','2023-09-26','Present'),
('TG/2021/1019','ICT1253','ICT002','2023-09-26','Present'),
('TG/2021/1020','ICT1253','ICT002','2023-09-26','Present'),
('TG/2021/1021','ICT1253','ICT002','2023-09-26','Present'),
('TG/2021/1022','ICT1253','ICT002','2023-09-26','Present'),
('TG/2021/1023','ICT1253','ICT002','2023-09-26','Present'),
('TG/2021/1024','ICT1253','ICT002','2023-09-26','Present'),

--October--
('TG/2021/1010','ICT1253','ICT002','2023-10-03','Present'),
('TG/2021/1011','ICT1253','ICT002','2023-10-03','Present'),
('TG/2021/1012','ICT1253','ICT002','2023-10-03','Present'),
('TG/2021/1013','ICT1253','ICT002','2023-10-03','Present'),
('TG/2021/1014','ICT1253','ICT002','2023-10-03','Present'),
('TG/2021/1015','ICT1253','ICT002','2023-10-03','Present'),
('TG/2021/1016','ICT1253','ICT002','2023-10-03','Present'),
('TG/2021/1017','ICT1253','ICT002','2023-10-03','Present'),
('TG/2021/1018','ICT1253','ICT002','2023-10-03','Present'),
('TG/2021/1019','ICT1253','ICT002','2023-10-03','Present'),
('TG/2021/1020','ICT1253','ICT002','2023-10-03','Present'),
('TG/2021/1021','ICT1253','ICT002','2023-10-03','Present'),
('TG/2021/1022','ICT1253','ICT002','2023-10-03','Present'),
('TG/2021/1023','ICT1253','ICT002','2023-10-03','Present'),
('TG/2021/1024','ICT1253','ICT002','2023-10-03','Present'),

('TG/2021/1010','ICT1253','ICT002','2023-10-10','Present'),
('TG/2021/1011','ICT1253','ICT002','2023-10-10','Present'),
('TG/2021/1012','ICT1253','ICT002','2023-10-10','Present'),
('TG/2021/1013','ICT1253','ICT002','2023-10-10','Present'),
('TG/2021/1014','ICT1253','ICT002','2023-10-10','Present'),
('TG/2021/1015','ICT1253','ICT002','2023-10-10','Present'),
('TG/2021/1016','ICT1253','ICT002','2023-10-10','Present'),
('TG/2021/1017','ICT1253','ICT002','2023-10-10','Present'),
('TG/2021/1018','ICT1253','ICT002','2023-10-10','Present'),
('TG/2021/1019','ICT1253','ICT002','2023-10-10','Present'),
('TG/2021/1020','ICT1253','ICT002','2023-10-10','Present'),
('TG/2021/1021','ICT1253','ICT002','2023-10-10','Present'),
('TG/2021/1022','ICT1253','ICT002','2023-10-10','Present'),
('TG/2021/1023','ICT1253','ICT002','2023-10-10','Present'),
('TG/2021/1024','ICT1253','ICT002','2023-10-10','Present'),
*************************************************************************************************************************************************

                                                                    --Discrete Mathematics(TMS1233)--

--July--
('TG/2021/1010','TMS1233','ET001','2023-07-05','Present'),
('TG/2021/1011','TMS1233','ET001','2023-07-05','Present'),
('TG/2021/1012','TMS1233','ET001','2023-07-05','Present'),
('TG/2021/1013','TMS1233','ET001','2023-07-05','Present'),
('TG/2021/1014','TMS1233','ET001','2023-07-05','Present'),
('TG/2021/1015','TMS1233','ET001','2023-07-05','Present'),
('TG/2021/1016','TMS1233','ET001','2023-07-05','Present'),
('TG/2021/1017','TMS1233','ET001','2023-07-05','Present'),
('TG/2021/1018','TMS1233','ET001','2023-07-05','Present'),
('TG/2021/1019','TMS1233','ET001','2023-07-05','Present'),
('TG/2021/1020','TMS1233','ET001','2023-07-05','Present'),
('TG/2021/1021','TMS1233','ET001','2023-07-05','Present'),
('TG/2021/1022','TMS1233','ET001','2023-07-05','Present'),
('TG/2021/1023','TMS1233','ET001','2023-07-05','Present'),
('TG/2021/1024','TMS1233','ET001','2023-07-05','Present'),

('TG/2021/1010','TMS1233','ET001','2023-07-12','Present'),
('TG/2021/1011','TMS1233','ET001','2023-07-12','Present'),
('TG/2021/1012','TMS1233','ET001','2023-07-12','Present'),
('TG/2021/1013','TMS1233','ET001','2023-07-12','Present'),
('TG/2021/1014','TMS1233','ET001','2023-07-12','Present'),
('TG/2021/1015','TMS1233','ET001','2023-07-12','Present'),
('TG/2021/1016','TMS1233','ET001','2023-07-12','Present'),
('TG/2021/1017','TMS1233','ET001','2023-07-12','Present'),
('TG/2021/1018','TMS1233','ET001','2023-07-12','Present'),
('TG/2021/1019','TMS1233','ET001','2023-07-12','Present'),
('TG/2021/1020','TMS1233','ET001','2023-07-12','Present'),
('TG/2021/1021','TMS1233','ET001','2023-07-12','Present'),
('TG/2021/1022','TMS1233','ET001','2023-07-12','Present'),
('TG/2021/1023','TMS1233','ET001','2023-07-12','Present'),
('TG/2021/1024','TMS1233','ET001','2023-07-12','Present'),

('TG/2021/1010','TMS1233','ET001','2023-07-19','Present'),
('TG/2021/1011','TMS1233','ET001','2023-07-19','Present'),
('TG/2021/1012','TMS1233','ET001','2023-07-19','Present'),
('TG/2021/1013','TMS1233','ET001','2023-07-19','Present'),
('TG/2021/1014','TMS1233','ET001','2023-07-19','Present'),
('TG/2021/1015','TMS1233','ET001','2023-07-19','Present'),
('TG/2021/1016','TMS1233','ET001','2023-07-19','Present'),
('TG/2021/1017','TMS1233','ET001','2023-07-19','Present'),
('TG/2021/1018','TMS1233','ET001','2023-07-19','Present'),
('TG/2021/1019','TMS1233','ET001','2023-07-19','Present'),
('TG/2021/1020','TMS1233','ET001','2023-07-19','Present'),
('TG/2021/1021','TMS1233','ET001','2023-07-19','Present'),
('TG/2021/1022','TMS1233','ET001','2023-07-19','Present'),
('TG/2021/1023','TMS1233','ET001','2023-07-19','Present'),
('TG/2021/1024','TMS1233','ET001','2023-07-19','Present'),

('TG/2021/1010','TMS1233','ET001','2023-07-26','Present'),
('TG/2021/1011','TMS1233','ET001','2023-07-26','Present'),
('TG/2021/1012','TMS1233','ET001','2023-07-26','Present'),
('TG/2021/1013','TMS1233','ET001','2023-07-26','Present'),
('TG/2021/1014','TMS1233','ET001','2023-07-26','Present'),
('TG/2021/1015','TMS1233','ET001','2023-07-26','Present'),
('TG/2021/1016','TMS1233','ET001','2023-07-26','Present'),
('TG/2021/1017','TMS1233','ET001','2023-07-26','Present'),
('TG/2021/1018','TMS1233','ET001','2023-07-26','Present'),
('TG/2021/1019','TMS1233','ET001','2023-07-26','Present'),
('TG/2021/1020','TMS1233','ET001','2023-07-26','Present'),
('TG/2021/1021','TMS1233','ET001','2023-07-26','Present'),
('TG/2021/1022','TMS1233','ET001','2023-07-26','Present'),
('TG/2021/1023','TMS1233','ET001','2023-07-26','Present'),
('TG/2021/1024','TMS1233','ET001','2023-07-26','Present'),


--August--
('TG/2021/1010','TMS1233','ET001','2023-08-02','Present'),
('TG/2021/1011','TMS1233','ET001','2023-08-02','Present'),
('TG/2021/1012','TMS1233','ET001','2023-08-02','Present'),
('TG/2021/1013','TMS1233','ET001','2023-08-02','Present'),
('TG/2021/1014','TMS1233','ET001','2023-08-02','Present'),
('TG/2021/1015','TMS1233','ET001','2023-08-02','Present'),
('TG/2021/1016','TMS1233','ET001','2023-08-02','Present'),
('TG/2021/1017','TMS1233','ET001','2023-08-02','Present'),
('TG/2021/1018','TMS1233','ET001','2023-08-02','Present'),
('TG/2021/1019','TMS1233','ET001','2023-08-02','Present'),
('TG/2021/1020','TMS1233','ET001','2023-08-02','Present'),
('TG/2021/1021','TMS1233','ET001','2023-08-02','Present'),
('TG/2021/1022','TMS1233','ET001','2023-08-02','Present'),
('TG/2021/1023','TMS1233','ET001','2023-08-02','Present'),
('TG/2021/1024','TMS1233','ET001','2023-08-02','Present'),

('TG/2021/1010','TMS1233','ET001','2023-08-09','Present'),
('TG/2021/1011','TMS1233','ET001','2023-08-09','Present'),
('TG/2021/1012','TMS1233','ET001','2023-08-09','Present'),
('TG/2021/1013','TMS1233','ET001','2023-08-09','Present'),
('TG/2021/1014','TMS1233','ET001','2023-08-09','Present'),
('TG/2021/1015','TMS1233','ET001','2023-08-09','Present'),
('TG/2021/1016','TMS1233','ET001','2023-08-09','Present'),
('TG/2021/1017','TMS1233','ET001','2023-08-09','Present'),
('TG/2021/1018','TMS1233','ET001','2023-08-09','Present'),
('TG/2021/1019','TMS1233','ET001','2023-08-09','Present'),
('TG/2021/1020','TMS1233','ET001','2023-08-09','Present'),
('TG/2021/1021','TMS1233','ET001','2023-08-09','Present'),
('TG/2021/1022','TMS1233','ET001','2023-08-09','Present'),
('TG/2021/1023','TMS1233','ET001','2023-08-09','Present'),
('TG/2021/1024','TMS1233','ET001','2023-08-09','Present'),

('TG/2021/1010','TMS1233','ET001','2023-08-16','Present'),
('TG/2021/1011','TMS1233','ET001','2023-08-16','Present'),
('TG/2021/1012','TMS1233','ET001','2023-08-16','Present'),
('TG/2021/1013','TMS1233','ET001','2023-08-16','Present'),
('TG/2021/1014','TMS1233','ET001','2023-08-16','Present'),
('TG/2021/1015','TMS1233','ET001','2023-08-16','Present'),
('TG/2021/1016','TMS1233','ET001','2023-08-16','Present'),
('TG/2021/1017','TMS1233','ET001','2023-08-16','Present'),
('TG/2021/1018','TMS1233','ET001','2023-08-16','Present'),
('TG/2021/1019','TMS1233','ET001','2023-08-16','Present'),
('TG/2021/1020','TMS1233','ET001','2023-08-16','Present'),
('TG/2021/1021','TMS1233','ET001','2023-08-16','Present'),
('TG/2021/1022','TMS1233','ET001','2023-08-16','Present'),
('TG/2021/1023','TMS1233','ET001','2023-08-16','Present'),
('TG/2021/1024','TMS1233','ET001','2023-08-16','Present'),

('TG/2021/1010','TMS1233','ET001','2023-08-23','Present'),
('TG/2021/1011','TMS1233','ET001','2023-08-23','Present'),
('TG/2021/1012','TMS1233','ET001','2023-08-23','Present'),
('TG/2021/1013','TMS1233','ET001','2023-08-23','Present'),
('TG/2021/1014','TMS1233','ET001','2023-08-23','Present'),
('TG/2021/1015','TMS1233','ET001','2023-08-23','Present'),
('TG/2021/1016','TMS1233','ET001','2023-08-23','Present'),
('TG/2021/1017','TMS1233','ET001','2023-08-23','Present'),
('TG/2021/1018','TMS1233','ET001','2023-08-23','Present'),
('TG/2021/1019','TMS1233','ET001','2023-08-23','Present'),
('TG/2021/1020','TMS1233','ET001','2023-08-23','Present'),
('TG/2021/1021','TMS1233','ET001','2023-08-23','Present'),
('TG/2021/1022','TMS1233','ET001','2023-08-23','Present'),
('TG/2021/1023','TMS1233','ET001','2023-08-23','Present'),
('TG/2021/1024','TMS1233','ET001','2023-08-23','Present'),

('TG/2021/1010','TMS1233','ET001','2023-08-30','Present'),
('TG/2021/1011','TMS1233','ET001','2023-08-30','Present'),
('TG/2021/1012','TMS1233','ET001','2023-08-30','Present'),
('TG/2021/1013','TMS1233','ET001','2023-08-30','Present'),
('TG/2021/1014','TMS1233','ET001','2023-08-30','Present'),
('TG/2021/1015','TMS1233','ET001','2023-08-30','Present'),
('TG/2021/1016','TMS1233','ET001','2023-08-30','Present'),
('TG/2021/1017','TMS1233','ET001','2023-08-30','Present'),
('TG/2021/1018','TMS1233','ET001','2023-08-30','Present'),
('TG/2021/1019','TMS1233','ET001','2023-08-30','Present'),
('TG/2021/1020','TMS1233','ET001','2023-08-30','Present'),
('TG/2021/1021','TMS1233','ET001','2023-08-30','Present'),
('TG/2021/1022','TMS1233','ET001','2023-08-30','Present'),
('TG/2021/1023','TMS1233','ET001','2023-08-30','Present'),
('TG/2021/1024','TMS1233','ET001','2023-08-30','Present'),

--September--
('TG/2021/1010','TMS1233','ET001','2023-09-06','Present'),
('TG/2021/1011','TMS1233','ET001','2023-09-06','Present'),
('TG/2021/1012','TMS1233','ET001','2023-09-06','Present'),
('TG/2021/1013','TMS1233','ET001','2023-09-06','Present'),
('TG/2021/1014','TMS1233','ET001','2023-09-06','Present'),
('TG/2021/1015','TMS1233','ET001','2023-09-06','Present'),
('TG/2021/1016','TMS1233','ET001','2023-09-06','Present'),
('TG/2021/1017','TMS1233','ET001','2023-09-06','Present'),
('TG/2021/1018','TMS1233','ET001','2023-09-06','Present'),
('TG/2021/1019','TMS1233','ET001','2023-09-06','Present'),
('TG/2021/1020','TMS1233','ET001','2023-09-06','Present'),
('TG/2021/1021','TMS1233','ET001','2023-09-06','Present'),
('TG/2021/1022','TMS1233','ET001','2023-09-06','Present'),
('TG/2021/1023','TMS1233','ET001','2023-09-06','Present'),
('TG/2021/1024','TMS1233','ET001','2023-09-06','Present'),

('TG/2021/1010','TMS1233','ET001','2023-09-13','Present'),
('TG/2021/1011','TMS1233','ET001','2023-09-13','Present'),
('TG/2021/1012','TMS1233','ET001','2023-09-13','Present'),
('TG/2021/1013','TMS1233','ET001','2023-09-13','Present'),
('TG/2021/1014','TMS1233','ET001','2023-09-13','Present'),
('TG/2021/1015','TMS1233','ET001','2023-09-13','Present'),
('TG/2021/1016','TMS1233','ET001','2023-09-13','Present'),
('TG/2021/1017','TMS1233','ET001','2023-09-13','Present'),
('TG/2021/1018','TMS1233','ET001','2023-09-13','Present'),
('TG/2021/1019','TMS1233','ET001','2023-09-13','Present'),
('TG/2021/1020','TMS1233','ET001','2023-09-13','Present'),
('TG/2021/1021','TMS1233','ET001','2023-09-13','Present'),
('TG/2021/1022','TMS1233','ET001','2023-09-13','Present'),
('TG/2021/1023','TMS1233','ET001','2023-09-13','Present'),
('TG/2021/1024','TMS1233','ET001','2023-09-13','Present'),

('TG/2021/1010','TMS1233','ET001','2023-09-20','Present'),
('TG/2021/1011','TMS1233','ET001','2023-09-20','Present'),
('TG/2021/1012','TMS1233','ET001','2023-09-20','Present'),
('TG/2021/1013','TMS1233','ET001','2023-09-20','Present'),
('TG/2021/1014','TMS1233','ET001','2023-09-20','Present'),
('TG/2021/1015','TMS1233','ET001','2023-09-20','Present'),
('TG/2021/1016','TMS1233','ET001','2023-09-20','Present'),
('TG/2021/1017','TMS1233','ET001','2023-09-20','Present'),
('TG/2021/1018','TMS1233','ET001','2023-09-20','Present'),
('TG/2021/1019','TMS1233','ET001','2023-09-20','Present'),
('TG/2021/1020','TMS1233','ET001','2023-09-20','Present'),
('TG/2021/1021','TMS1233','ET001','2023-09-20','Present'),
('TG/2021/1022','TMS1233','ET001','2023-09-20','Present'),
('TG/2021/1023','TMS1233','ET001','2023-09-20','Present'),
('TG/2021/1024','TMS1233','ET001','2023-09-20','Present'),

('TG/2021/1010','TMS1233','ET001','2023-09-27','Present'),
('TG/2021/1011','TMS1233','ET001','2023-09-27','Present'),
('TG/2021/1012','TMS1233','ET001','2023-09-27','Present'),
('TG/2021/1013','TMS1233','ET001','2023-09-27','Present'),
('TG/2021/1014','TMS1233','ET001','2023-09-27','Present'),
('TG/2021/1015','TMS1233','ET001','2023-09-27','Present'),
('TG/2021/1016','TMS1233','ET001','2023-09-27','Present'),
('TG/2021/1017','TMS1233','ET001','2023-09-27','Present'),
('TG/2021/1018','TMS1233','ET001','2023-09-27','Present'),
('TG/2021/1019','TMS1233','ET001','2023-09-27','Present'),
('TG/2021/1020','TMS1233','ET001','2023-09-27','Present'),
('TG/2021/1021','TMS1233','ET001','2023-09-27','Present'),
('TG/2021/1022','TMS1233','ET001','2023-09-27','Present'),
('TG/2021/1023','TMS1233','ET001','2023-09-27','Present'),
('TG/2021/1024','TMS1233','ET001','2023-09-27','Present'),

--October--
('TG/2021/1010','TMS1233','ET001','2023-10-04','Present'),
('TG/2021/1011','TMS1233','ET001','2023-10-04','Present'),
('TG/2021/1012','TMS1233','ET001','2023-10-04','Present'),
('TG/2021/1013','TMS1233','ET001','2023-10-04','Present'),
('TG/2021/1014','TMS1233','ET001','2023-10-04','Present'),
('TG/2021/1015','TMS1233','ET001','2023-10-04','Present'),
('TG/2021/1016','TMS1233','ET001','2023-10-04','Present'),
('TG/2021/1017','TMS1233','ET001','2023-10-04','Present'),
('TG/2021/1018','TMS1233','ET001','2023-10-04','Present'),
('TG/2021/1019','TMS1233','ET001','2023-10-04','Present'),
('TG/2021/1020','TMS1233','ET001','2023-10-04','Present'),
('TG/2021/1021','TMS1233','ET001','2023-10-04','Present'),
('TG/2021/1022','TMS1233','ET001','2023-10-04','Present'),
('TG/2021/1023','TMS1233','ET001','2023-10-04','Present'),
('TG/2021/1024','TMS1233','ET001','2023-10-04','Present'),

('TG/2021/1010','TMS1233','ET001','2023-10-11','Present'),
('TG/2021/1011','TMS1233','ET001','2023-10-11','Present'),
('TG/2021/1012','TMS1233','ET001','2023-10-11','Present'),
('TG/2021/1013','TMS1233','ET001','2023-10-11','Present'),
('TG/2021/1014','TMS1233','ET001','2023-10-11','Present'),
('TG/2021/1015','TMS1233','ET001','2023-10-11','Present'),
('TG/2021/1016','TMS1233','ET001','2023-10-11','Present'),
('TG/2021/1017','TMS1233','ET001','2023-10-11','Present'),
('TG/2021/1018','TMS1233','ET001','2023-10-11','Present'),
('TG/2021/1019','TMS1233','ET001','2023-10-11','Present'),
('TG/2021/1020','TMS1233','ET001','2023-10-11','Present'),
('TG/2021/1021','TMS1233','ET001','2023-10-11','Present'),
('TG/2021/1022','TMS1233','ET001','2023-10-11','Present'),
('TG/2021/1023','TMS1233','ET001','2023-10-11','Present'),
('TG/2021/1024','TMS1233','ET001','2023-10-11','Present'),
************************************************************************************************************************


                                                            --Server-Side Web Develop(ICT1233)
--July--

('TG/2021/1010','ICT1233','ICT002','2023-07-06','Present'),
('TG/2021/1011','ICT1233','ICT002','2023-07-06','Present'),
('TG/2021/1012','ICT1233','ICT002','2023-07-06','Present'),
('TG/2021/1013','ICT1233','ICT002','2023-07-06','Present'),
('TG/2021/1014','ICT1233','ICT002','2023-07-06','Present'),
('TG/2021/1015','ICT1233','ICT002','2023-07-06','Present'),
('TG/2021/1016','ICT1233','ICT002','2023-07-06','Present'),
('TG/2021/1017','ICT1233','ICT002','2023-07-06','Present'),
('TG/2021/1018','ICT1233','ICT002','2023-07-06','Present'),
('TG/2021/1019','ICT1233','ICT002','2023-07-06','Present'),
('TG/2021/1020','ICT1233','ICT002','2023-07-06','Present'),
('TG/2021/1021','ICT1233','ICT002','2023-07-06','Present'),
('TG/2021/1022','ICT1233','ICT002','2023-07-06','Present'),
('TG/2021/1023','ICT1233','ICT002','2023-07-06','Present'),
('TG/2021/1024','ICT1233','ICT002','2023-07-06','Present'),

('TG/2021/1010','ICT1233','ICT002','2023-07-13','Present'),
('TG/2021/1011','ICT1233','ICT002','2023-07-13','Present'),
('TG/2021/1012','ICT1233','ICT002','2023-07-13','Present'),
('TG/2021/1013','ICT1233','ICT002','2023-07-13','Present'),
('TG/2021/1014','ICT1233','ICT002','2023-07-13','Present'),
('TG/2021/1015','ICT1233','ICT002','2023-07-13','Present'),
('TG/2021/1016','ICT1233','ICT002','2023-07-13','Present'),
('TG/2021/1017','ICT1233','ICT002','2023-07-13','Present'),
('TG/2021/1018','ICT1233','ICT002','2023-07-13','Present'),
('TG/2021/1019','ICT1233','ICT002','2023-07-13','Present'),
('TG/2021/1020','ICT1233','ICT002','2023-07-13','Present'),
('TG/2021/1021','ICT1233','ICT002','2023-07-13','Present'),
('TG/2021/1022','ICT1233','ICT002','2023-07-13','Present'),
('TG/2021/1023','ICT1233','ICT002','2023-07-13','Present'),
('TG/2021/1024','ICT1233','ICT002','2023-07-13','Present'),

('TG/2021/1010','ICT1233','ICT002','2023-07-20','Present'),
('TG/2021/1011','ICT1233','ICT002','2023-07-20','Present'),
('TG/2021/1012','ICT1233','ICT002','2023-07-20','Present'),
('TG/2021/1013','ICT1233','ICT002','2023-07-20','Present'),
('TG/2021/1014','ICT1233','ICT002','2023-07-20','Present'),
('TG/2021/1015','ICT1233','ICT002','2023-07-20','Present'),
('TG/2021/1016','ICT1233','ICT002','2023-07-20','Present'),
('TG/2021/1017','ICT1233','ICT002','2023-07-20','Present'),
('TG/2021/1018','ICT1233','ICT002','2023-07-20','Present'),
('TG/2021/1019','ICT1233','ICT002','2023-07-20','Present'),
('TG/2021/1020','ICT1233','ICT002','2023-07-20','Present'),
('TG/2021/1021','ICT1233','ICT002','2023-07-20','Present'),
('TG/2021/1022','ICT1233','ICT002','2023-07-20','Present'),
('TG/2021/1023','ICT1233','ICT002','2023-07-20','Present'),
('TG/2021/1024','ICT1233','ICT002','2023-07-20','Present'),

('TG/2021/1010','ICT1233','ICT002','2023-07-27','Present'),
('TG/2021/1011','ICT1233','ICT002','2023-07-27','Present'),
('TG/2021/1012','ICT1233','ICT002','2023-07-27','Present'),
('TG/2021/1013','ICT1233','ICT002','2023-07-27','Present'),
('TG/2021/1014','ICT1233','ICT002','2023-07-27','Present'),
('TG/2021/1015','ICT1233','ICT002','2023-07-27','Present'),
('TG/2021/1016','ICT1233','ICT002','2023-07-27','Present'),
('TG/2021/1017','ICT1233','ICT002','2023-07-27','Present'),
('TG/2021/1018','ICT1233','ICT002','2023-07-27','Present'),
('TG/2021/1019','ICT1233','ICT002','2023-07-27','Present'),
('TG/2021/1020','ICT1233','ICT002','2023-07-27','Present'),
('TG/2021/1021','ICT1233','ICT002','2023-07-27','Present'),
('TG/2021/1022','ICT1233','ICT002','2023-07-27','Present'),
('TG/2021/1023','ICT1233','ICT002','2023-07-27','Present'),
('TG/2021/1024','ICT1233','ICT002','2023-07-27','Present'),

--August--
('TG/2021/1010','ICT1233','ICT002','2023-08-03','Present'),
('TG/2021/1011','ICT1233','ICT002','2023-08-03','Present'),
('TG/2021/1012','ICT1233','ICT002','2023-08-03','Present'),
('TG/2021/1013','ICT1233','ICT002','2023-08-03','Present'),
('TG/2021/1014','ICT1233','ICT002','2023-08-03','Present'),
('TG/2021/1015','ICT1233','ICT002','2023-08-03','Present'),
('TG/2021/1016','ICT1233','ICT002','2023-08-03','Present'),
('TG/2021/1017','ICT1233','ICT002','2023-08-03','Present'),
('TG/2021/1018','ICT1233','ICT002','2023-08-03','Present'),
('TG/2021/1019','ICT1233','ICT002','2023-08-03','Present'),
('TG/2021/1020','ICT1233','ICT002','2023-08-03','Present'),
('TG/2021/1021','ICT1233','ICT002','2023-08-03','Present'),
('TG/2021/1022','ICT1233','ICT002','2023-08-03','Present'),
('TG/2021/1023','ICT1233','ICT002','2023-08-03','Present'),
('TG/2021/1024','ICT1233','ICT002','2023-08-03','Present'),

('TG/2021/1010','ICT1233','ICT002','2023-08-10','Present'),
('TG/2021/1011','ICT1233','ICT002','2023-08-10','Present'),
('TG/2021/1012','ICT1233','ICT002','2023-08-10','Present'),
('TG/2021/1013','ICT1233','ICT002','2023-08-10','Present'),
('TG/2021/1014','ICT1233','ICT002','2023-08-10','Present'),
('TG/2021/1015','ICT1233','ICT002','2023-08-10','Present'),
('TG/2021/1016','ICT1233','ICT002','2023-08-10','Present'),
('TG/2021/1017','ICT1233','ICT002','2023-08-10','Present'),
('TG/2021/1018','ICT1233','ICT002','2023-08-10','Present'),
('TG/2021/1019','ICT1233','ICT002','2023-08-10','Present'),
('TG/2021/1020','ICT1233','ICT002','2023-08-10','Present'),
('TG/2021/1021','ICT1233','ICT002','2023-08-10','Present'),
('TG/2021/1022','ICT1233','ICT002','2023-08-10','Present'),
('TG/2021/1023','ICT1233','ICT002','2023-08-10','Present'),
('TG/2021/1024','ICT1233','ICT002','2023-08-10','Present'),

('TG/2021/1010','ICT1233','ICT002','2023-08-17','Present'),
('TG/2021/1011','ICT1233','ICT002','2023-08-17','Present'),
('TG/2021/1012','ICT1233','ICT002','2023-08-17','Present'),
('TG/2021/1013','ICT1233','ICT002','2023-08-17','Present'),
('TG/2021/1014','ICT1233','ICT002','2023-08-17','Present'),
('TG/2021/1015','ICT1233','ICT002','2023-08-17','Present'),
('TG/2021/1016','ICT1233','ICT002','2023-08-17','Present'),
('TG/2021/1017','ICT1233','ICT002','2023-08-17','Present'),
('TG/2021/1018','ICT1233','ICT002','2023-08-17','Present'),
('TG/2021/1019','ICT1233','ICT002','2023-08-17','Present'),
('TG/2021/1020','ICT1233','ICT002','2023-08-17','Present'),
('TG/2021/1021','ICT1233','ICT002','2023-08-17','Present'),
('TG/2021/1022','ICT1233','ICT002','2023-08-17','Present'),
('TG/2021/1023','ICT1233','ICT002','2023-08-17','Present'),
('TG/2021/1024','ICT1233','ICT002','2023-08-17','Present'),

('TG/2021/1010','ICT1233','ICT002','2023-08-24','Present'),
('TG/2021/1011','ICT1233','ICT002','2023-08-24','Present'),
('TG/2021/1012','ICT1233','ICT002','2023-08-24','Present'),
('TG/2021/1013','ICT1233','ICT002','2023-08-24','Present'),
('TG/2021/1014','ICT1233','ICT002','2023-08-24','Present'),
('TG/2021/1015','ICT1233','ICT002','2023-08-24','Present'),
('TG/2021/1016','ICT1233','ICT002','2023-08-24','Present'),
('TG/2021/1017','ICT1233','ICT002','2023-08-24','Present'),
('TG/2021/1018','ICT1233','ICT002','2023-08-24','Present'),
('TG/2021/1019','ICT1233','ICT002','2023-08-24','Present'),
('TG/2021/1020','ICT1233','ICT002','2023-08-24','Present'),
('TG/2021/1021','ICT1233','ICT002','2023-08-24','Present'),
('TG/2021/1022','ICT1233','ICT002','2023-08-24','Present'),
('TG/2021/1023','ICT1233','ICT002','2023-08-24','Present'),
('TG/2021/1024','ICT1233','ICT002','2023-08-24','Present'),

('TG/2021/1010','ICT1233','ICT002','2023-08-31','Present'),
('TG/2021/1011','ICT1233','ICT002','2023-08-31','Present'),
('TG/2021/1012','ICT1233','ICT002','2023-08-31','Present'),
('TG/2021/1013','ICT1233','ICT002','2023-08-31','Present'),
('TG/2021/1014','ICT1233','ICT002','2023-08-31','Present'),
('TG/2021/1015','ICT1233','ICT002','2023-08-31','Present'),
('TG/2021/1016','ICT1233','ICT002','2023-08-31','Present'),
('TG/2021/1017','ICT1233','ICT002','2023-08-31','Present'),
('TG/2021/1018','ICT1233','ICT002','2023-08-31','Present'),
('TG/2021/1019','ICT1233','ICT002','2023-08-31','Present'),
('TG/2021/1020','ICT1233','ICT002','2023-08-31','Present'),
('TG/2021/1021','ICT1233','ICT002','2023-08-31','Present'),
('TG/2021/1022','ICT1233','ICT002','2023-08-31','Present'),
('TG/2021/1023','ICT1233','ICT002','2023-08-31','Present'),
('TG/2021/1024','ICT1233','ICT002','2023-08-31','Present'),

--September--
('TG/2021/1010','ICT1233','ICT002','2023-09-07','Present'),
('TG/2021/1011','ICT1233','ICT002','2023-09-07','Present'),
('TG/2021/1012','ICT1233','ICT002','2023-09-07','Present'),
('TG/2021/1013','ICT1233','ICT002','2023-09-07','Present'),
('TG/2021/1014','ICT1233','ICT002','2023-09-07','Present'),
('TG/2021/1015','ICT1233','ICT002','2023-09-07','Present'),
('TG/2021/1016','ICT1233','ICT002','2023-09-07','Present'),
('TG/2021/1017','ICT1233','ICT002','2023-09-07','Present'),
('TG/2021/1018','ICT1233','ICT002','2023-09-07','Present'),
('TG/2021/1019','ICT1233','ICT002','2023-09-07','Present'),
('TG/2021/1020','ICT1233','ICT002','2023-09-07','Present'),
('TG/2021/1021','ICT1233','ICT002','2023-09-07','Present'),
('TG/2021/1022','ICT1233','ICT002','2023-09-07','Present'),
('TG/2021/1023','ICT1233','ICT002','2023-09-07','Present'),
('TG/2021/1024','ICT1233','ICT002','2023-09-07','Present'),

('TG/2021/1010','ICT1233','ICT002','2023-09-14','Present'),
('TG/2021/1011','ICT1233','ICT002','2023-09-14','Present'),
('TG/2021/1012','ICT1233','ICT002','2023-09-14','Present'),
('TG/2021/1013','ICT1233','ICT002','2023-09-14','Present'),
('TG/2021/1014','ICT1233','ICT002','2023-09-14','Present'),
('TG/2021/1015','ICT1233','ICT002','2023-09-14','Present'),
('TG/2021/1016','ICT1233','ICT002','2023-09-14','Present'),
('TG/2021/1017','ICT1233','ICT002','2023-09-14','Present'),
('TG/2021/1018','ICT1233','ICT002','2023-09-14','Present'),
('TG/2021/1019','ICT1233','ICT002','2023-09-14','Present'),
('TG/2021/1020','ICT1233','ICT002','2023-09-14','Present'),
('TG/2021/1021','ICT1233','ICT002','2023-09-14','Present'),
('TG/2021/1022','ICT1233','ICT002','2023-09-14','Present'),
('TG/2021/1023','ICT1233','ICT002','2023-09-14','Present'),
('TG/2021/1024','ICT1233','ICT002','2023-09-14','Present'),

('TG/2021/1010','ICT1233','ICT002','2023-09-21','Present'),
('TG/2021/1011','ICT1233','ICT002','2023-09-21','Present'),
('TG/2021/1012','ICT1233','ICT002','2023-09-21','Present'),
('TG/2021/1013','ICT1233','ICT002','2023-09-21','Present'),
('TG/2021/1014','ICT1233','ICT002','2023-09-21','Present'),
('TG/2021/1015','ICT1233','ICT002','2023-09-21','Present'),
('TG/2021/1016','ICT1233','ICT002','2023-09-21','Present'),
('TG/2021/1017','ICT1233','ICT002','2023-09-21','Present'),
('TG/2021/1018','ICT1233','ICT002','2023-09-21','Present'),
('TG/2021/1019','ICT1233','ICT002','2023-09-21','Present'),
('TG/2021/1020','ICT1233','ICT002','2023-09-21','Present'),
('TG/2021/1021','ICT1233','ICT002','2023-09-21','Present'),
('TG/2021/1022','ICT1233','ICT002','2023-09-21','Present'),
('TG/2021/1023','ICT1233','ICT002','2023-09-21','Present'),
('TG/2021/1024','ICT1233','ICT002','2023-09-21','Present'),

('TG/2021/1010','ICT1233','ICT002','2023-09-28','Present'),
('TG/2021/1011','ICT1233','ICT002','2023-09-28','Present'),
('TG/2021/1012','ICT1233','ICT002','2023-09-28','Present'),
('TG/2021/1013','ICT1233','ICT002','2023-09-28','Present'),
('TG/2021/1014','ICT1233','ICT002','2023-09-28','Present'),
('TG/2021/1015','ICT1233','ICT002','2023-09-28','Present'),
('TG/2021/1016','ICT1233','ICT002','2023-09-28','Present'),
('TG/2021/1017','ICT1233','ICT002','2023-09-28','Present'),
('TG/2021/1018','ICT1233','ICT002','2023-09-28','Present'),
('TG/2021/1019','ICT1233','ICT002','2023-09-28','Present'),
('TG/2021/1020','ICT1233','ICT002','2023-09-28','Present'),
('TG/2021/1021','ICT1233','ICT002','2023-09-28','Present'),
('TG/2021/1022','ICT1233','ICT002','2023-09-28','Present'),
('TG/2021/1023','ICT1233','ICT002','2023-09-28','Present'),
('TG/2021/1024','ICT1233','ICT002','2023-09-28','Present'),

--October--
('TG/2021/1010','ICT1233','ICT002','2023-10-05','Present'),
('TG/2021/1011','ICT1233','ICT002','2023-10-05','Present'),
('TG/2021/1012','ICT1233','ICT002','2023-10-05','Present'),
('TG/2021/1013','ICT1233','ICT002','2023-10-05','Present'),
('TG/2021/1014','ICT1233','ICT002','2023-10-05','Present'),
('TG/2021/1015','ICT1233','ICT002','2023-10-05','Present'),
('TG/2021/1016','ICT1233','ICT002','2023-10-05','Present'),
('TG/2021/1017','ICT1233','ICT002','2023-10-05','Present'),
('TG/2021/1018','ICT1233','ICT002','2023-10-05','Present'),
('TG/2021/1019','ICT1233','ICT002','2023-10-05','Present'),
('TG/2021/1020','ICT1233','ICT002','2023-10-05','Present'),
('TG/2021/1021','ICT1233','ICT002','2023-10-05','Present'),
('TG/2021/1022','ICT1233','ICT002','2023-10-05','Present'),
('TG/2021/1023','ICT1233','ICT002','2023-10-05','Present'),
('TG/2021/1024','ICT1233','ICT002','2023-10-05','Present'),

('TG/2021/1010','ICT1233','ICT002','2023-10-12','Present'),
('TG/2021/1011','ICT1233','ICT002','2023-10-12','Present'),
('TG/2021/1012','ICT1233','ICT002','2023-10-12','Present'),
('TG/2021/1013','ICT1233','ICT002','2023-10-12','Present'),
('TG/2021/1014','ICT1233','ICT002','2023-10-12','Present'),
('TG/2021/1015','ICT1233','ICT002','2023-10-12','Present'),
('TG/2021/1016','ICT1233','ICT002','2023-10-12','Present'),
('TG/2021/1017','ICT1233','ICT002','2023-10-12','Present'),
('TG/2021/1018','ICT1233','ICT002','2023-10-12','Present'),
('TG/2021/1019','ICT1233','ICT002','2023-10-12','Present'),
('TG/2021/1020','ICT1233','ICT002','2023-10-12','Present'),
('TG/2021/1021','ICT1233','ICT002','2023-10-12','Present'),
('TG/2021/1022','ICT1233','ICT002','2023-10-12','Present'),
('TG/2021/1023','ICT1233','ICT002','2023-10-12','Present'),
('TG/2021/1024','ICT1233','ICT002','2023-10-12','Present'),
***********************************************************************************************************************************

                                                                --Fundamentals of Managemente(TCS1212)

--July--
('TG/2021/1010','TCS1212','MD004','2023-07-07','Present'),
('TG/2021/1011','TCS1212','MD004','2023-07-07','Present'),
('TG/2021/1012','TCS1212','MD004','2023-07-07','Present'),
('TG/2021/1013','TCS1212','MD004','2023-07-07','Present'),
('TG/2021/1014','TCS1212','MD004','2023-07-07','Present'),
('TG/2021/1015','TCS1212','MD004','2023-07-07','Present'),
('TG/2021/1016','TCS1212','MD004','2023-07-07','Present'),
('TG/2021/1017','TCS1212','MD004','2023-07-07','Present'),
('TG/2021/1018','TCS1212','MD004','2023-07-07','Present'),
('TG/2021/1019','TCS1212','MD004','2023-07-07','Present'),
('TG/2021/1020','TCS1212','MD004','2023-07-07','Present'),
('TG/2021/1021','TCS1212','MD004','2023-07-07','Present'),
('TG/2021/1022','TCS1212','MD004','2023-07-07','Present'),
('TG/2021/1023','TCS1212','MD004','2023-07-07','Present'),
('TG/2021/1024','TCS1212','MD004','2023-07-07','Present'),

('TG/2021/1010','TCS1212','MD004','2023-07-14','Present'),
('TG/2021/1011','TCS1212','MD004','2023-07-14','Present'),
('TG/2021/1012','TCS1212','MD004','2023-07-14','Present'),
('TG/2021/1013','TCS1212','MD004','2023-07-14','Present'),
('TG/2021/1014','TCS1212','MD004','2023-07-14','Present'),
('TG/2021/1015','TCS1212','MD004','2023-07-14','Present'),
('TG/2021/1016','TCS1212','MD004','2023-07-14','Present'),
('TG/2021/1017','TCS1212','MD004','2023-07-14','Present'),
('TG/2021/1018','TCS1212','MD004','2023-07-14','Present'),
('TG/2021/1019','TCS1212','MD004','2023-07-14','Present'),
('TG/2021/1020','TCS1212','MD004','2023-07-14','Present'),
('TG/2021/1021','TCS1212','MD004','2023-07-14','Present'),
('TG/2021/1022','TCS1212','MD004','2023-07-14','Present'),
('TG/2021/1023','TCS1212','MD004','2023-07-14','Present'),
('TG/2021/1024','TCS1212','MD004','2023-07-14','Present'),

('TG/2021/1010','TCS1212','MD004','2023-07-21','Present'),
('TG/2021/1011','TCS1212','MD004','2023-07-21','Present'),
('TG/2021/1012','TCS1212','MD004','2023-07-21','Present'),
('TG/2021/1013','TCS1212','MD004','2023-07-21','Present'),
('TG/2021/1014','TCS1212','MD004','2023-07-21','Present'),
('TG/2021/1015','TCS1212','MD004','2023-07-21','Present'),
('TG/2021/1016','TCS1212','MD004','2023-07-21','Present'),
('TG/2021/1017','TCS1212','MD004','2023-07-21','Present'),
('TG/2021/1018','TCS1212','MD004','2023-07-21','Present'),
('TG/2021/1019','TCS1212','MD004','2023-07-21','Present'),
('TG/2021/1020','TCS1212','MD004','2023-07-21','Present'),
('TG/2021/1021','TCS1212','MD004','2023-07-21','Present'),
('TG/2021/1022','TCS1212','MD004','2023-07-21','Present'),
('TG/2021/1023','TCS1212','MD004','2023-07-21','Present'),
('TG/2021/1024','TCS1212','MD004','2023-07-21','Present'),

('TG/2021/1010','TCS1212','MD004','2023-07-28','Present'),
('TG/2021/1011','TCS1212','MD004','2023-07-28','Present'),
('TG/2021/1012','TCS1212','MD004','2023-07-28','Present'),
('TG/2021/1013','TCS1212','MD004','2023-07-28','Present'),
('TG/2021/1014','TCS1212','MD004','2023-07-28','Present'),
('TG/2021/1015','TCS1212','MD004','2023-07-28','Present'),
('TG/2021/1016','TCS1212','MD004','2023-07-28','Present'),
('TG/2021/1017','TCS1212','MD004','2023-07-28','Present'),
('TG/2021/1018','TCS1212','MD004','2023-07-28','Present'),
('TG/2021/1019','TCS1212','MD004','2023-07-28','Present'),
('TG/2021/1020','TCS1212','MD004','2023-07-28','Present'),
('TG/2021/1021','TCS1212','MD004','2023-07-28','Present'),
('TG/2021/1022','TCS1212','MD004','2023-07-28','Present'),
('TG/2021/1023','TCS1212','MD004','2023-07-28','Present'),
('TG/2021/1024','TCS1212','MD004','2023-07-28','Present'),

--August--
('TG/2021/1010','TCS1212','MD004','2023-08-04','Present'),
('TG/2021/1011','TCS1212','MD004','2023-08-04','Present'),
('TG/2021/1012','TCS1212','MD004','2023-08-04','Present'),
('TG/2021/1013','TCS1212','MD004','2023-08-04','Present'),
('TG/2021/1014','TCS1212','MD004','2023-08-04','Present'),
('TG/2021/1015','TCS1212','MD004','2023-08-04','Present'),
('TG/2021/1016','TCS1212','MD004','2023-08-04','Present'),
('TG/2021/1017','TCS1212','MD004','2023-08-04','Present'),
('TG/2021/1018','TCS1212','MD004','2023-08-04','Present'),
('TG/2021/1019','TCS1212','MD004','2023-08-04','Present'),
('TG/2021/1020','TCS1212','MD004','2023-08-04','Present'),
('TG/2021/1021','TCS1212','MD004','2023-08-04','Present'),
('TG/2021/1022','TCS1212','MD004','2023-08-04','Present'),
('TG/2021/1023','TCS1212','MD004','2023-08-04','Present'),
('TG/2021/1024','TCS1212','MD004','2023-08-04','Present'),

('TG/2021/1010','TCS1212','MD004','2023-08-11','Present'),
('TG/2021/1011','TCS1212','MD004','2023-08-11','Present'),
('TG/2021/1012','TCS1212','MD004','2023-08-11','Present'),
('TG/2021/1013','TCS1212','MD004','2023-08-11','Present'),
('TG/2021/1014','TCS1212','MD004','2023-08-11','Present'),
('TG/2021/1015','TCS1212','MD004','2023-08-11','Present'),
('TG/2021/1016','TCS1212','MD004','2023-08-11','Present'),
('TG/2021/1017','TCS1212','MD004','2023-08-11','Present'),
('TG/2021/1018','TCS1212','MD004','2023-08-11','Present'),
('TG/2021/1019','TCS1212','MD004','2023-08-11','Present'),
('TG/2021/1020','TCS1212','MD004','2023-08-11','Present'),
('TG/2021/1021','TCS1212','MD004','2023-08-11','Present'),
('TG/2021/1022','TCS1212','MD004','2023-08-11','Present'),
('TG/2021/1023','TCS1212','MD004','2023-08-11','Present'),
('TG/2021/1024','TCS1212','MD004','2023-08-11','Present'),

('TG/2021/1010','TCS1212','MD004','2023-08-18','Present'),
('TG/2021/1011','TCS1212','MD004','2023-08-18','Present'),
('TG/2021/1012','TCS1212','MD004','2023-08-18','Present'),
('TG/2021/1013','TCS1212','MD004','2023-08-18','Present'),
('TG/2021/1014','TCS1212','MD004','2023-08-18','Present'),
('TG/2021/1015','TCS1212','MD004','2023-08-18','Present'),
('TG/2021/1016','TCS1212','MD004','2023-08-18','Present'),
('TG/2021/1017','TCS1212','MD004','2023-08-18','Present'),
('TG/2021/1018','TCS1212','MD004','2023-08-18','Present'),
('TG/2021/1019','TCS1212','MD004','2023-08-18','Present'),
('TG/2021/1020','TCS1212','MD004','2023-08-18','Present'),
('TG/2021/1021','TCS1212','MD004','2023-08-18','Present'),
('TG/2021/1022','TCS1212','MD004','2023-08-18','Present'),
('TG/2021/1023','TCS1212','MD004','2023-08-18','Present'),
('TG/2021/1024','TCS1212','MD004','2023-08-18','Present'),

('TG/2021/1010','TCS1212','MD004','2023-08-25','Present'),
('TG/2021/1011','TCS1212','MD004','2023-08-25','Present'),
('TG/2021/1012','TCS1212','MD004','2023-08-25','Present'),
('TG/2021/1013','TCS1212','MD004','2023-08-25','Present'),
('TG/2021/1014','TCS1212','MD004','2023-08-25','Present'),
('TG/2021/1015','TCS1212','MD004','2023-08-25','Present'),
('TG/2021/1016','TCS1212','MD004','2023-08-25','Present'),
('TG/2021/1017','TCS1212','MD004','2023-08-25','Present'),
('TG/2021/1018','TCS1212','MD004','2023-08-25','Present'),
('TG/2021/1019','TCS1212','MD004','2023-08-25','Present'),
('TG/2021/1020','TCS1212','MD004','2023-08-25','Present'),
('TG/2021/1021','TCS1212','MD004','2023-08-25','Present'),
('TG/2021/1022','TCS1212','MD004','2023-08-25','Present'),
('TG/2021/1023','TCS1212','MD004','2023-08-25','Present'),
('TG/2021/1024','TCS1212','MD004','2023-08-25','Present'),

--September--
('TG/2021/1010','TCS1212','MD004','2023-09-01','Present'),
('TG/2021/1011','TCS1212','MD004','2023-09-01','Present'),
('TG/2021/1012','TCS1212','MD004','2023-09-01','Present'),
('TG/2021/1013','TCS1212','MD004','2023-09-01','Present'),
('TG/2021/1014','TCS1212','MD004','2023-09-01','Present'),
('TG/2021/1015','TCS1212','MD004','2023-09-01','Present'),
('TG/2021/1016','TCS1212','MD004','2023-09-01','Present'),
('TG/2021/1017','TCS1212','MD004','2023-09-01','Present'),
('TG/2021/1018','TCS1212','MD004','2023-09-01','Present'),
('TG/2021/1019','TCS1212','MD004','2023-09-01','Present'),
('TG/2021/1020','TCS1212','MD004','2023-09-01','Present'),
('TG/2021/1021','TCS1212','MD004','2023-09-01','Present'),
('TG/2021/1022','TCS1212','MD004','2023-09-01','Present'),
('TG/2021/1023','TCS1212','MD004','2023-09-01','Present'),
('TG/2021/1024','TCS1212','MD004','2023-09-01','Present'),

('TG/2021/1010','TCS1212','MD004','2023-09-08','Present'),
('TG/2021/1011','TCS1212','MD004','2023-09-08','Present'),
('TG/2021/1012','TCS1212','MD004','2023-09-08','Present'),
('TG/2021/1013','TCS1212','MD004','2023-09-08','Present'),
('TG/2021/1014','TCS1212','MD004','2023-09-08','Present'),
('TG/2021/1015','TCS1212','MD004','2023-09-08','Present'),
('TG/2021/1016','TCS1212','MD004','2023-09-08','Present'),
('TG/2021/1017','TCS1212','MD004','2023-09-08','Present'),
('TG/2021/1018','TCS1212','MD004','2023-09-08','Present'),
('TG/2021/1019','TCS1212','MD004','2023-09-08','Present'),
('TG/2021/1020','TCS1212','MD004','2023-09-08','Present'),
('TG/2021/1021','TCS1212','MD004','2023-09-08','Present'),
('TG/2021/1022','TCS1212','MD004','2023-09-08','Present'),
('TG/2021/1023','TCS1212','MD004','2023-09-08','Present'),
('TG/2021/1024','TCS1212','MD004','2023-09-08','Present'),

('TG/2021/1010','TCS1212','MD004','2023-09-15','Present'),
('TG/2021/1011','TCS1212','MD004','2023-09-15','Present'),
('TG/2021/1012','TCS1212','MD004','2023-09-15','Present'),
('TG/2021/1013','TCS1212','MD004','2023-09-15','Present'),
('TG/2021/1014','TCS1212','MD004','2023-09-15','Present'),
('TG/2021/1015','TCS1212','MD004','2023-09-15','Present'),
('TG/2021/1016','TCS1212','MD004','2023-09-15','Present'),
('TG/2021/1017','TCS1212','MD004','2023-09-15','Present'),
('TG/2021/1018','TCS1212','MD004','2023-09-15','Present'),
('TG/2021/1019','TCS1212','MD004','2023-09-15','Present'),
('TG/2021/1020','TCS1212','MD004','2023-09-15','Present'),
('TG/2021/1021','TCS1212','MD004','2023-09-15','Present'),
('TG/2021/1022','TCS1212','MD004','2023-09-15','Present'),
('TG/2021/1023','TCS1212','MD004','2023-09-15','Present'),
('TG/2021/1024','TCS1212','MD004','2023-09-15','Present'),

('TG/2021/1010','TCS1212','MD004','2023-09-22','Present'),
('TG/2021/1011','TCS1212','MD004','2023-09-22','Present'),
('TG/2021/1012','TCS1212','MD004','2023-09-22','Present'),
('TG/2021/1013','TCS1212','MD004','2023-09-22','Present'),
('TG/2021/1014','TCS1212','MD004','2023-09-22','Present'),
('TG/2021/1015','TCS1212','MD004','2023-09-22','Present'),
('TG/2021/1016','TCS1212','MD004','2023-09-22','Present'),
('TG/2021/1017','TCS1212','MD004','2023-09-22','Present'),
('TG/2021/1018','TCS1212','MD004','2023-09-22','Present'),
('TG/2021/1019','TCS1212','MD004','2023-09-22','Present'),
('TG/2021/1020','TCS1212','MD004','2023-09-22','Present'),
('TG/2021/1021','TCS1212','MD004','2023-09-22','Present'),
('TG/2021/1022','TCS1212','MD004','2023-09-22','Present'),
('TG/2021/1023','TCS1212','MD004','2023-09-22','Present'),
('TG/2021/1024','TCS1212','MD004','2023-09-22','Present'),

('TG/2021/1010','TCS1212','MD004','2023-09-29','Present'),
('TG/2021/1011','TCS1212','MD004','2023-09-29','Present'),
('TG/2021/1012','TCS1212','MD004','2023-09-29','Present'),
('TG/2021/1013','TCS1212','MD004','2023-09-29','Present'),
('TG/2021/1014','TCS1212','MD004','2023-09-29','Present'),
('TG/2021/1015','TCS1212','MD004','2023-09-29','Present'),
('TG/2021/1016','TCS1212','MD004','2023-09-29','Present'),
('TG/2021/1017','TCS1212','MD004','2023-09-29','Present'),
('TG/2021/1018','TCS1212','MD004','2023-09-29','Present'),
('TG/2021/1019','TCS1212','MD004','2023-09-29','Present'),
('TG/2021/1020','TCS1212','MD004','2023-09-29','Present'),
('TG/2021/1021','TCS1212','MD004','2023-09-29','Present'),
('TG/2021/1022','TCS1212','MD004','2023-09-29','Present'),
('TG/2021/1023','TCS1212','MD004','2023-09-29','Present'),
('TG/2021/1024','TCS1212','MD004','2023-09-29','Present'),

--October--
('TG/2021/1010','TCS1212','MD004','2023-10-06','Present'),
('TG/2021/1011','TCS1212','MD004','2023-10-06','Present'),
('TG/2021/1012','TCS1212','MD004','2023-10-06','Present'),
('TG/2021/1013','TCS1212','MD004','2023-10-06','Present'),
('TG/2021/1014','TCS1212','MD004','2023-10-06','Present'),
('TG/2021/1015','TCS1212','MD004','2023-10-06','Present'),
('TG/2021/1016','TCS1212','MD004','2023-10-06','Present'),
('TG/2021/1017','TCS1212','MD004','2023-10-06','Present'),
('TG/2021/1018','TCS1212','MD004','2023-10-06','Present'),
('TG/2021/1019','TCS1212','MD004','2023-10-06','Present'),
('TG/2021/1020','TCS1212','MD004','2023-10-06','Present'),
('TG/2021/1021','TCS1212','MD004','2023-10-06','Present'),
('TG/2021/1022','TCS1212','MD004','2023-10-06','Present'),
('TG/2021/1023','TCS1212','MD004','2023-10-06','Present'),
('TG/2021/1024','TCS1212','MD004','2023-10-06','Present'),

('TG/2021/1010','TCS1212','MD004','2023-10-13','Present'),
('TG/2021/1011','TCS1212','MD004','2023-10-13','Present'),
('TG/2021/1012','TCS1212','MD004','2023-10-13','Present'),
('TG/2021/1013','TCS1212','MD004','2023-10-13','Present'),
('TG/2021/1014','TCS1212','MD004','2023-10-13','Present'),
('TG/2021/1015','TCS1212','MD004','2023-10-13','Present'),
('TG/2021/1016','TCS1212','MD004','2023-10-13','Present'),
('TG/2021/1017','TCS1212','MD004','2023-10-13','Present'),
('TG/2021/1018','TCS1212','MD004','2023-10-13','Present'),
('TG/2021/1019','TCS1212','MD004','2023-10-13','Present'),
('TG/2021/1020','TCS1212','MD004','2023-10-13','Present'),
('TG/2021/1021','TCS1212','MD004','2023-10-13','Present'),
('TG/2021/1022','TCS1212','MD004','2023-10-13','Present'),
('TG/2021/1023','TCS1212','MD004','2023-10-13','Present'),
('TG/2021/1024','TCS1212','MD004','2023-10-13','Present'),
***********************************************************************************************************************************************

                                                                    --English II(ENG1212)--

--July--
('TG/2021/1010','ENG1212','MD004','2023-07-07','Present'),
('TG/2021/1011','ENG1212','MD004','2023-07-07','Present'),
('TG/2021/1012','ENG1212','MD004','2023-07-07','Present'),
('TG/2021/1013','ENG1212','MD004','2023-07-07','Present'),
('TG/2021/1014','ENG1212','MD004','2023-07-07','Present'),
('TG/2021/1015','ENG1212','MD004','2023-07-07','Present'),
('TG/2021/1016','ENG1212','MD004','2023-07-07','Present'),
('TG/2021/1017','ENG1212','MD004','2023-07-07','Present'),
('TG/2021/1018','ENG1212','MD004','2023-07-07','Present'),
('TG/2021/1019','ENG1212','MD004','2023-07-07','Present'),
('TG/2021/1020','ENG1212','MD004','2023-07-07','Present'),
('TG/2021/1021','ENG1212','MD004','2023-07-07','Present'),
('TG/2021/1022','ENG1212','MD004','2023-07-07','Present'),
('TG/2021/1023','ENG1212','MD004','2023-07-07','Present'),
('TG/2021/1024','ENG1212','MD004','2023-07-07','Present'),

('TG/2021/1010','ENG1212','MD004','2023-07-14','Present'),
('TG/2021/1011','ENG1212','MD004','2023-07-14','Present'),
('TG/2021/1012','ENG1212','MD004','2023-07-14','Present'),
('TG/2021/1013','ENG1212','MD004','2023-07-14','Present'),
('TG/2021/1014','ENG1212','MD004','2023-07-14','Present'),
('TG/2021/1015','ENG1212','MD004','2023-07-14','Present'),
('TG/2021/1016','ENG1212','MD004','2023-07-14','Present'),
('TG/2021/1017','ENG1212','MD004','2023-07-14','Present'),
('TG/2021/1018','ENG1212','MD004','2023-07-14','Present'),
('TG/2021/1019','ENG1212','MD004','2023-07-14','Present'),
('TG/2021/1020','ENG1212','MD004','2023-07-14','Present'),
('TG/2021/1021','ENG1212','MD004','2023-07-14','Present'),
('TG/2021/1022','ENG1212','MD004','2023-07-14','Present'),
('TG/2021/1023','ENG1212','MD004','2023-07-14','Present'),
('TG/2021/1024','ENG1212','MD004','2023-07-14','Present'),

('TG/2021/1010','ENG1212','MD004','2023-07-21','Present'),
('TG/2021/1011','ENG1212','MD004','2023-07-21','Present'),
('TG/2021/1012','ENG1212','MD004','2023-07-21','Present'),
('TG/2021/1013','ENG1212','MD004','2023-07-21','Present'),
('TG/2021/1014','ENG1212','MD004','2023-07-21','Present'),
('TG/2021/1015','ENG1212','MD004','2023-07-21','Present'),
('TG/2021/1016','ENG1212','MD004','2023-07-21','Present'),
('TG/2021/1017','ENG1212','MD004','2023-07-21','Present'),
('TG/2021/1018','ENG1212','MD004','2023-07-21','Present'),
('TG/2021/1019','ENG1212','MD004','2023-07-21','Present'),
('TG/2021/1020','ENG1212','MD004','2023-07-21','Present'),
('TG/2021/1021','ENG1212','MD004','2023-07-21','Present'),
('TG/2021/1022','ENG1212','MD004','2023-07-21','Present'),
('TG/2021/1023','ENG1212','MD004','2023-07-21','Present'),
('TG/2021/1024','ENG1212','MD004','2023-07-21','Present'),

('TG/2021/1010','ENG1212','MD004','2023-07-28','Present'),
('TG/2021/1011','ENG1212','MD004','2023-07-28','Present'),
('TG/2021/1012','ENG1212','MD004','2023-07-28','Present'),
('TG/2021/1013','ENG1212','MD004','2023-07-28','Present'),
('TG/2021/1014','ENG1212','MD004','2023-07-28','Present'),
('TG/2021/1015','ENG1212','MD004','2023-07-28','Present'),
('TG/2021/1016','ENG1212','MD004','2023-07-28','Present'),
('TG/2021/1017','ENG1212','MD004','2023-07-28','Present'),
('TG/2021/1018','ENG1212','MD004','2023-07-28','Present'),
('TG/2021/1019','ENG1212','MD004','2023-07-28','Present'),
('TG/2021/1020','ENG1212','MD004','2023-07-28','Present'),
('TG/2021/1021','ENG1212','MD004','2023-07-28','Present'),
('TG/2021/1022','ENG1212','MD004','2023-07-28','Present'),
('TG/2021/1023','ENG1212','MD004','2023-07-28','Present'),
('TG/2021/1024','ENG1212','MD004','2023-07-28','Present'),

--August--
('TG/2021/1010','ENG1212','MD004','2023-08-04','Present'),
('TG/2021/1011','ENG1212','MD004','2023-08-04','Present'),
('TG/2021/1012','ENG1212','MD004','2023-08-04','Present'),
('TG/2021/1013','ENG1212','MD004','2023-08-04','Present'),
('TG/2021/1014','ENG1212','MD004','2023-08-04','Present'),
('TG/2021/1015','ENG1212','MD004','2023-08-04','Present'),
('TG/2021/1016','ENG1212','MD004','2023-08-04','Present'),
('TG/2021/1017','ENG1212','MD004','2023-08-04','Present'),
('TG/2021/1018','ENG1212','MD004','2023-08-04','Present'),
('TG/2021/1019','ENG1212','MD004','2023-08-04','Present'),
('TG/2021/1020','ENG1212','MD004','2023-08-04','Present'),
('TG/2021/1021','ENG1212','MD004','2023-08-04','Present'),
('TG/2021/1022','ENG1212','MD004','2023-08-04','Present'),
('TG/2021/1023','ENG1212','MD004','2023-08-04','Present'),
('TG/2021/1024','ENG1212','MD004','2023-08-04','Present'),

('TG/2021/1010','ENG1212','MD004','2023-08-11','Present'),
('TG/2021/1011','ENG1212','MD004','2023-08-11','Present'),
('TG/2021/1012','ENG1212','MD004','2023-08-11','Present'),
('TG/2021/1013','ENG1212','MD004','2023-08-11','Present'),
('TG/2021/1014','ENG1212','MD004','2023-08-11','Present'),
('TG/2021/1015','ENG1212','MD004','2023-08-11','Present'),
('TG/2021/1016','ENG1212','MD004','2023-08-11','Present'),
('TG/2021/1017','ENG1212','MD004','2023-08-11','Present'),
('TG/2021/1018','ENG1212','MD004','2023-08-11','Present'),
('TG/2021/1019','ENG1212','MD004','2023-08-11','Present'),
('TG/2021/1020','ENG1212','MD004','2023-08-11','Present'),
('TG/2021/1021','ENG1212','MD004','2023-08-11','Present'),
('TG/2021/1022','ENG1212','MD004','2023-08-11','Present'),
('TG/2021/1023','ENG1212','MD004','2023-08-11','Present'),
('TG/2021/1024','ENG1212','MD004','2023-08-11','Present'),

('TG/2021/1010','ENG1212','MD004','2023-08-18','Present'),
('TG/2021/1011','ENG1212','MD004','2023-08-18','Present'),
('TG/2021/1012','ENG1212','MD004','2023-08-18','Present'),
('TG/2021/1013','ENG1212','MD004','2023-08-18','Present'),
('TG/2021/1014','ENG1212','MD004','2023-08-18','Present'),
('TG/2021/1015','ENG1212','MD004','2023-08-18','Present'),
('TG/2021/1016','ENG1212','MD004','2023-08-18','Present'),
('TG/2021/1017','ENG1212','MD004','2023-08-18','Present'),
('TG/2021/1018','ENG1212','MD004','2023-08-18','Present'),
('TG/2021/1019','ENG1212','MD004','2023-08-18','Present'),
('TG/2021/1020','ENG1212','MD004','2023-08-18','Present'),
('TG/2021/1021','ENG1212','MD004','2023-08-18','Present'),
('TG/2021/1022','ENG1212','MD004','2023-08-18','Present'),
('TG/2021/1023','ENG1212','MD004','2023-08-18','Present'),
('TG/2021/1024','ENG1212','MD004','2023-08-18','Present'),

('TG/2021/1010','ENG1212','MD004','2023-08-25','Present'),
('TG/2021/1011','ENG1212','MD004','2023-08-25','Present'),
('TG/2021/1012','ENG1212','MD004','2023-08-25','Present'),
('TG/2021/1013','ENG1212','MD004','2023-08-25','Present'),
('TG/2021/1014','ENG1212','MD004','2023-08-25','Present'),
('TG/2021/1015','ENG1212','MD004','2023-08-25','Present'),
('TG/2021/1016','ENG1212','MD004','2023-08-25','Present'),
('TG/2021/1017','ENG1212','MD004','2023-08-25','Present'),
('TG/2021/1018','ENG1212','MD004','2023-08-25','Present'),
('TG/2021/1019','ENG1212','MD004','2023-08-25','Present'),
('TG/2021/1020','ENG1212','MD004','2023-08-25','Present'),
('TG/2021/1021','ENG1212','MD004','2023-08-25','Present'),
('TG/2021/1022','ENG1212','MD004','2023-08-25','Present'),
('TG/2021/1023','ENG1212','MD004','2023-08-25','Present'),
('TG/2021/1024','ENG1212','MD004','2023-08-25','Present'),

--September--
('TG/2021/1010','ENG1212','MD004','2023-09-01','Present'),
('TG/2021/1011','ENG1212','MD004','2023-09-01','Present'),
('TG/2021/1012','ENG1212','MD004','2023-09-01','Present'),
('TG/2021/1013','ENG1212','MD004','2023-09-01','Present'),
('TG/2021/1014','ENG1212','MD004','2023-09-01','Present'),
('TG/2021/1015','ENG1212','MD004','2023-09-01','Present'),
('TG/2021/1016','ENG1212','MD004','2023-09-01','Present'),
('TG/2021/1017','ENG1212','MD004','2023-09-01','Present'),
('TG/2021/1018','ENG1212','MD004','2023-09-01','Present'),
('TG/2021/1019','ENG1212','MD004','2023-09-01','Present'),
('TG/2021/1020','ENG1212','MD004','2023-09-01','Present'),
('TG/2021/1021','ENG1212','MD004','2023-09-01','Present'),
('TG/2021/1022','ENG1212','MD004','2023-09-01','Present'),
('TG/2021/1023','ENG1212','MD004','2023-09-01','Present'),
('TG/2021/1024','ENG1212','MD004','2023-09-01','Present'),

('TG/2021/1010','ENG1212','MD004','2023-09-08','Present'),
('TG/2021/1011','ENG1212','MD004','2023-09-08','Present'),
('TG/2021/1012','ENG1212','MD004','2023-09-08','Present'),
('TG/2021/1013','ENG1212','MD004','2023-09-08','Present'),
('TG/2021/1014','ENG1212','MD004','2023-09-08','Present'),
('TG/2021/1015','ENG1212','MD004','2023-09-08','Present'),
('TG/2021/1016','ENG1212','MD004','2023-09-08','Present'),
('TG/2021/1017','ENG1212','MD004','2023-09-08','Present'),
('TG/2021/1018','ENG1212','MD004','2023-09-08','Present'),
('TG/2021/1019','ENG1212','MD004','2023-09-08','Present'),
('TG/2021/1020','ENG1212','MD004','2023-09-08','Present'),
('TG/2021/1021','ENG1212','MD004','2023-09-08','Present'),
('TG/2021/1022','ENG1212','MD004','2023-09-08','Present'),
('TG/2021/1023','ENG1212','MD004','2023-09-08','Present'),
('TG/2021/1024','ENG1212','MD004','2023-09-08','Present'),

('TG/2021/1010','ENG1212','MD004','2023-09-15','Present'),
('TG/2021/1011','ENG1212','MD004','2023-09-15','Present'),
('TG/2021/1012','ENG1212','MD004','2023-09-15','Present'),
('TG/2021/1013','ENG1212','MD004','2023-09-15','Present'),
('TG/2021/1014','ENG1212','MD004','2023-09-15','Present'),
('TG/2021/1015','ENG1212','MD004','2023-09-15','Present'),
('TG/2021/1016','ENG1212','MD004','2023-09-15','Present'),
('TG/2021/1017','ENG1212','MD004','2023-09-15','Present'),
('TG/2021/1018','ENG1212','MD004','2023-09-15','Present'),
('TG/2021/1019','ENG1212','MD004','2023-09-15','Present'),
('TG/2021/1020','ENG1212','MD004','2023-09-15','Present'),
('TG/2021/1021','ENG1212','MD004','2023-09-15','Present'),
('TG/2021/1022','ENG1212','MD004','2023-09-15','Present'),
('TG/2021/1023','ENG1212','MD004','2023-09-15','Present'),
('TG/2021/1024','ENG1212','MD004','2023-09-15','Present'),

('TG/2021/1010','ENG1212','MD004','2023-09-22','Present'),
('TG/2021/1011','ENG1212','MD004','2023-09-22','Present'),
('TG/2021/1012','ENG1212','MD004','2023-09-22','Present'),
('TG/2021/1013','ENG1212','MD004','2023-09-22','Present'),
('TG/2021/1014','ENG1212','MD004','2023-09-22','Present'),
('TG/2021/1015','ENG1212','MD004','2023-09-22','Present'),
('TG/2021/1016','ENG1212','MD004','2023-09-22','Present'),
('TG/2021/1017','ENG1212','MD004','2023-09-22','Present'),
('TG/2021/1018','ENG1212','MD004','2023-09-22','Present'),
('TG/2021/1019','ENG1212','MD004','2023-09-22','Present'),
('TG/2021/1020','ENG1212','MD004','2023-09-22','Present'),
('TG/2021/1021','ENG1212','MD004','2023-09-22','Present'),
('TG/2021/1022','ENG1212','MD004','2023-09-22','Present'),
('TG/2021/1023','ENG1212','MD004','2023-09-22','Present'),
('TG/2021/1024','ENG1212','MD004','2023-09-22','Present'),

('TG/2021/1010','ENG1212','MD004','2023-09-29','Present'),
('TG/2021/1011','ENG1212','MD004','2023-09-29','Present'),
('TG/2021/1012','ENG1212','MD004','2023-09-29','Present'),
('TG/2021/1013','ENG1212','MD004','2023-09-29','Present'),
('TG/2021/1014','ENG1212','MD004','2023-09-29','Present'),
('TG/2021/1015','ENG1212','MD004','2023-09-29','Present'),
('TG/2021/1016','ENG1212','MD004','2023-09-29','Present'),
('TG/2021/1017','ENG1212','MD004','2023-09-29','Present'),
('TG/2021/1018','ENG1212','MD004','2023-09-29','Present'),
('TG/2021/1019','ENG1212','MD004','2023-09-29','Present'),
('TG/2021/1020','ENG1212','MD004','2023-09-29','Present'),
('TG/2021/1021','ENG1212','MD004','2023-09-29','Present'),
('TG/2021/1022','ENG1212','MD004','2023-09-29','Present'),
('TG/2021/1023','ENG1212','MD004','2023-09-29','Present'),
('TG/2021/1024','ENG1212','MD004','2023-09-29','Present'),

--October--
('TG/2021/1010','ENG1212','MD004','2023-10-06','Present'),
('TG/2021/1011','ENG1212','MD004','2023-10-06','Present'),
('TG/2021/1012','ENG1212','MD004','2023-10-06','Present'),
('TG/2021/1013','ENG1212','MD004','2023-10-06','Present'),
('TG/2021/1014','ENG1212','MD004','2023-10-06','Present'),
('TG/2021/1015','ENG1212','MD004','2023-10-06','Present'),
('TG/2021/1016','ENG1212','MD004','2023-10-06','Present'),
('TG/2021/1017','ENG1212','MD004','2023-10-06','Present'),
('TG/2021/1018','ENG1212','MD004','2023-10-06','Present'),
('TG/2021/1019','ENG1212','MD004','2023-10-06','Present'),
('TG/2021/1020','ENG1212','MD004','2023-10-06','Present'),
('TG/2021/1021','ENG1212','MD004','2023-10-06','Present'),
('TG/2021/1022','ENG1212','MD004','2023-10-06','Present'),
('TG/2021/1023','ENG1212','MD004','2023-10-06','Present'),
('TG/2021/1024','ENG1212','MD004','2023-10-06','Present'),

('TG/2021/1010','ENG1212','MD004','2023-10-13','Present'),
('TG/2021/1011','ENG1212','MD004','2023-10-13','Present'),
('TG/2021/1012','ENG1212','MD004','2023-10-13','Present'),
('TG/2021/1013','ENG1212','MD004','2023-10-13','Present'),
('TG/2021/1014','ENG1212','MD004','2023-10-13','Present'),
('TG/2021/1015','ENG1212','MD004','2023-10-13','Present'),
('TG/2021/1016','ENG1212','MD004','2023-10-13','Present'),
('TG/2021/1017','ENG1212','MD004','2023-10-13','Present'),
('TG/2021/1018','ENG1212','MD004','2023-10-13','Present'),
('TG/2021/1019','ENG1212','MD004','2023-10-13','Present'),
('TG/2021/1020','ENG1212','MD004','2023-10-13','Present'),
('TG/2021/1021','ENG1212','MD004','2023-10-13','Present'),
('TG/2021/1022','ENG1212','MD004','2023-10-13','Present'),
('TG/2021/1023','ENG1212','MD004','2023-10-13','Present'),
('TG/2021/1024','ENG1212','MD004','2023-10-13','Present')
;


CREATE TABLE NOTICE(
    Notice_id VARCHAR(10),
    Lecture_id VARCHAR(10),
    Published_day Date,
    Tittle VARCHAR(30),
    Notice_description VARCHAR(255),
    PRIMARY KEY (Notice_id),
    FOREIGN KEY Lecture_id REFERENCES Lecture(Lecture_id)
);
    